2.14791	1.02475	2.08047	2.56232	2.01771	2.54196	2.16251	1.36829	0	0	0	2.28054	1.91703	2.80517	2.66486	1.8857	0	1.18449	1.10468	1.04241	1.56193	0	0	0	1.23625	1.03164	1.90884	2.97677	2.16352	1.88275	2.83464	1.60074	1.05909	1.0574	2.30827	1.73358	2.75302	1.40977	1.50171	0	0	0	0	0	0	0	0	0	0	2.18221	1.57609	1.33317	0	0	0	2.37039	0	0	0	0	0	2.49745	1.90655	1.06467	1.35777	0	0	0	0	1.06053	2.84121	0	0	0	0	0	2.75217	1.17039	2.5797	1.01763	1.89817	0	0	1.25997	1.31538	1.80735	2.05944	0	0	0	0	0	0	0	0	0	0	0	0	0	0	0	0	0	0	1.12688	2.24558	2.60623	2.70634	2.64082	0	0	0	2.42646	1.17503	2.92489	2.18119	2.77838	1.87665	1.00479	1.72737	2.19466	0	0	0	0	0	0	0	0	2.76637	2.64718	2.42957	1.58215	1.84706	1.85784	1.2809	1.74039	2.42487	0	0	0	0	0	0	0	1.88073	1.42569	0	0	0	0	0	0	0	0	1.23534	1.32528	1.68911	0	0	2.46534	2.17019	1.28278	1.65626	2.10009	2.13221	2.46435	0	0	0	0	0	0	1.63202	2.84132	1.86293	2.23925	2.06955	1.83892	2.20245	1.26599	1.99976	1.65165	1.32953	0	0	0	0	0	0	0	2.23175	1.51114	2.52307	1.08901	0	0	0	0	0	2.51878	1.83677	0	0	2.18961	1.12248	2.26704	0	0	1.95272	1.16146	2.37839	2.54889	2.17187	1.98982	2.93348	1.34876	1.99651	1.76605	1.63832	1.57974	2.4795	1.46476	2.78989	2.86009	2.77511	1.06721	1.60002	0	0	0	0	0	0	0	1.47892	1.35707	2.3695	0	0	2.93859	1.58214	1.11573	2.02789	1.38673	2.87489	0	0	1.18957	2.09469	2.884	2.33454	2.29307	0	0	0	0	0	0	0	0	0	1.15339	1.35127	2.29712	2.908	2.52987	0	0	1.0791	2.27128	0	2.14478	1.94173	1.29703	2.4728	1.82395	0	0	0	0	1.18185	2.34715	2.96081	0	0	0	0	0	0	0	0	0	0	0	0	0	0	1.29332	1.3109	0	0	0	0	0	0	0	0	0	0	0	1.46912	1.43673	1.66722	1.0865	0	0	0	1.62176	0	0	0	0	0	0	0	2.99658	1.90572	0	0	0	0	0	0	0	0	0	0	0	0	0	1.6108	1.50424	1.00919	0	0	0	2.48684	1.62443	0	1.17629	2.38107	2.21656	1.64575	1.47291	0	0	0	0	0	0	0	1.1282	0	0	0	0	0	0	0	0	0	0	0	0	0	2.96092	2.42582	1.4851	1.04277	2.77213	2.91634	1.3204	2.45732	2.59978	1.68485	1.68891	0	0	0	0	0	0	1.88193	1.8195	1.10048	2.84439	0	0	0	2.93635	2.60835	0	0	0	0	0	0	0	0	0	0	0	0	0	2.93548	1.73124	2.73143	0	2.232	2.89062	0	0	0	0	0	0	0	0	2.84645	1.16479	0	0	0	0	0	0	0	0	0	0	2.35741	2.26569	2.52665	2.61369	2.71435	0	0	1.1807	2.25112	2.60138	0	0	0	0	0	0	0	0	0	0	0	0	0	2.09022	0	2.00745	0	1.22566	0	1.26298	0	1.63557	2.00225	2.89303	2.19631	1.51108	0	0	0	1.60907	2.36414	2.08015	0	0	0	2.87081	1.51841	0	0	0	0	1.21919	0	0	0	0	0	0	0	0	0	1.99558	0	0	0	1.67717	1.36428	1.33134	1.18169	2.21918	1.28244	1.00098	2.61106	2.52276	1.89776	2.63494	1.39474	1.7038	1.70442	2.33148	2.78021	1.24237	2.7141	1.17842	2.72056	2.91694	0	0	1.3256	2.10256	2.11927	0	0	0	0	0	1.0777	2.31432	1.20491	2.21555	0	0	0	2.5589	0	0	0	1.8198	2.1458	1.90286	2.56262	0	0	0	0	0	0	2.06192	2.93101	1.43262	1.91105	2.4371	1.41911	2.02369	1.52611	0	0	0	1.43944	1.62355	0	0	0	0	0	0	0	0	0	0	1.47017	1.52793	2.98147	0	2.24202	1.61453	1.31606	0	2.29693	1.19933	0	0	0	0	0	2.78852	2.25725	0	0	0	0	0	0	0	0	0	0	2.56696	1.7734	1.75392	2.73586	2.75049	2.64097	2.38035	0	2.42652	1.33367	1.24589	1.74665	0	0	0	1.04214	0	0	0	0	2.16785	2.35596	2.17921	2.73783	1.43369	0	0	2.48651	1.63993	2.66338	2.34074	2.61351	2.5695	2.04148	1.25838	1.09777	0	0	0	0	0	-0.663123	0.134158	0.809524	18.3655
1.71762	2.14791	1.02475	2.08047	2.56232	2.01771	2.54196	2.16251	1.36829	0	0	0	2.28054	0	2.80517	2.66486	1.8857	0	1.18449	1.10468	1.04241	1.56193	0	0	0	1.23625	0	1.90884	2.97677	2.16352	1.88275	2.83464	1.60074	1.05909	1.0574	2.30827	1.73358	2.75302	1.40977	0	0	0	0	0	0	0	0	0	0	0	2.18221	1.57609	2.26092	0	0	0	2.37039	0	0	0	0	0	2.49745	1.90655	1.06467	0	0	0	0	0	1.06053	2.84121	0	0	0	0	0	2.75217	1.209	2.5797	1.01763	1.89817	0	0	1.25997	1.31538	1.80735	2.05944	0	0	0	0	0	0	0	0	0	0	0	0	0	0	0	0	0	0	1.12688	2.24558	2.60623	2.70634	2.64082	0	0	0	2.42646	1.17503	2.92489	1.87629	2.77838	1.87665	1.00479	1.72737	2.19466	0	0	0	0	0	0	0	1.10287	2.76637	2.64718	2.42957	1.58215	1.84706	1.85784	1.2809	1.74039	2.42487	0	0	0	0	0	0	0	1.88073	1.42569	0	0	0	0	0	0	0	2.0668	1.23534	1.32528	1.68911	0	0	2.46534	2.17019	1.28278	1.65626	2.10009	2.13221	2.46435	0	0	0	0	0	0	1.63202	2.84132	1.86293	2.23925	2.06955	1.83892	2.20245	2.59799	1.99976	1.65165	1.32953	0	0	0	0	0	0	0	2.23175	1.51114	0	1.08901	0	0	0	0	0	2.51878	1.83677	0	0	2.18961	1.12248	0	0	0	1.95272	1.16146	2.37839	2.54889	2.17187	1.98982	2.93348	1.34876	1.99651	1.76605	2.53402	1.57974	2.4795	1.46476	2.78989	2.86009	2.77511	1.06721	1.60002	0	0	0	0	1.30484	0	0	1.47892	1.35707	2.3695	0	0	2.93859	1.58214	1.11573	2.02789	1.38673	0	0	0	1.18957	2.09469	2.884	2.33454	2.29307	0	0	0	0	0	1.20959	0	0	0	1.15339	1.35127	2.29712	2.908	2.52987	0	0	1.0791	2.27128	2.82871	2.14478	1.94173	1.29703	2.4728	1.82395	0	0	0	0	1.18185	2.34715	2.96081	0	0	0	0	0	0	0	0	0	0	0	0	0	1.75494	1.29332	1.3109	0	0	0	0	0	0	0	0	0	0	1.20498	1.46912	1.43673	1.66722	1.0865	0	0	0	1.62176	0	0	0	0	0	0	0	2.99658	1.90572	0	0	0	0	0	0	0	0	0	0	0	0	0	1.6108	1.50424	1.00919	0	0	0	2.48684	1.62443	1.54425	1.17629	2.38107	2.21656	1.64575	1.47291	0	0	0	0	0	0	0	0	0	0	0	0	0	0	0	0	0	0	0	0	0	2.96092	2.42582	1.4851	1.04277	2.77213	2.91634	1.3204	2.45732	2.59978	1.68485	1.68891	0	0	0	0	0	0	1.88193	1.8195	1.10048	2.84439	0	0	0	2.93635	0	0	0	0	0	0	0	0	0	0	0	0	0	0	2.93548	1.73124	2.73143	0	2.232	2.89062	0	0	0	0	0	0	2.37736	0	2.84645	1.16479	0	0	0	0	0	0	0	0	0	2.19061	2.35741	2.26569	2.52665	2.61369	2.71435	0	0	1.1807	2.25112	2.60138	0	0	0	0	0	0	0	0	0	0	0	0	0	2.09022	0	0	0	1.22566	0	1.26298	0	1.63557	2.00225	2.89303	2.19631	1.51108	0	0	2.12187	1.60907	2.36414	2.08015	0	0	0	2.87081	1.51841	0	0	0	0	0	0	0	0	0	0	0	0	0	0	1.99558	0	0	2.39009	1.67717	1.36428	1.33134	1.18169	2.21918	1.28244	1.00098	2.61106	2.52276	1.89776	2.63494	1.39474	2.78404	1.70442	2.33148	2.78021	1.24237	2.7141	1.17842	2.72056	2.91694	0	0	1.3256	2.10256	0	0	0	0	0	0	1.0777	2.31432	1.20491	2.21555	0	0	0	0	0	0	0	1.8198	2.1458	1.90286	2.56262	0	0	0	0	0	1.2163	2.06192	2.93101	1.43262	1.91105	2.4371	1.41911	2.02369	1.52611	0	0	0	1.43944	0	0	0	0	0	0	0	0	0	0	0	1.47017	1.52793	1.27212	0	2.24202	1.61453	1.31606	0	2.29693	1.19933	0	0	0	0	0	2.68198	2.25725	0	0	0	0	0	0	0	0	0	0	2.56696	2.73553	1.75392	2.73586	2.75049	2.64097	2.38035	0	2.42652	1.33367	1.24589	1.74665	0	0	2.0783	1.04214	0	0	0	0	2.16785	2.35596	2.17921	2.73783	1.43369	0	0	0	1.63993	2.66338	2.34074	2.61351	2.5695	2.04148	1.25838	1.09777	0	0	0	0	-0.748511	0.0316306	0.815476	18.2207
1.37573	1.71762	2.14791	1.02475	2.08047	2.56232	2.01771	2.54196	2.16251	1.36829	0	0	0	0	0	2.80517	2.66486	1.8857	0	1.18449	1.10468	1.04241	1.56193	0	0	0	0	0	1.90884	2.97677	2.16352	1.88275	2.83464	1.60074	1.05909	1.0574	2.30827	1.73358	2.75302	2.08943	0	0	0	0	0	0	0	0	0	0	0	2.18221	0	2.26092	0	0	0	2.37039	0	0	0	0	0	2.49745	1.90655	0	0	0	0	0	0	1.06053	2.84121	0	0	0	0	0	0	1.209	2.5797	1.01763	1.89817	0	0	1.25997	1.31538	1.80735	2.05944	0	0	0	0	0	0	0	0	0	0	0	0	0	0	0	2.98966	0	0	1.12688	2.24558	2.60623	2.70634	2.64082	0	0	0	2.42646	1.17503	1.29478	1.87629	2.77838	1.87665	1.00479	1.72737	2.19466	0	0	0	0	0	0	2.47568	1.10287	2.76637	2.64718	2.42957	1.58215	1.84706	1.85784	1.2809	1.74039	2.42487	0	0	0	0	0	0	0	1.88073	1.42569	0	0	0	0	0	0	0	2.0668	1.23534	1.32528	1.68911	0	0	2.46534	2.17019	1.28278	1.65626	2.10009	2.13221	0	0	0	0	0	0	0	1.63202	2.84132	1.86293	2.23925	2.06955	1.83892	0	2.59799	1.99976	1.65165	1.32953	0	0	0	0	0	0	0	2.23175	0	0	1.08901	0	0	0	0	0	2.51878	1.83677	0	0	2.18961	0	0	0	0	1.95272	1.16146	2.37839	2.54889	2.17187	1.98982	2.93348	1.34876	1.99651	1.98401	2.53402	1.57974	2.4795	1.46476	2.78989	2.86009	2.77511	1.06721	1.60002	0	0	0	2.58979	1.30484	0	0	1.47892	1.35707	2.3695	0	0	2.93859	1.58214	1.11573	2.02789	0	0	0	0	1.18957	2.09469	2.884	2.33454	2.29307	0	0	0	0	2.76511	1.20959	0	0	0	1.15339	1.35127	2.29712	2.908	2.52987	0	0	1.0791	1.47006	2.82871	2.14478	1.94173	1.29703	2.4728	1.82395	0	0	0	0	1.18185	2.34715	1.90674	0	0	0	0	0	0	0	0	0	0	0	0	2.70291	1.75494	1.29332	1.3109	0	0	0	0	0	0	0	0	0	2.81406	1.20498	1.46912	1.43673	1.66722	1.0865	0	0	0	1.62176	0	0	0	0	0	0	0	2.99658	1.90572	0	0	0	0	0	0	0	1.36676	0	0	0	0	0	1.6108	1.50424	1.00919	0	0	0	2.48684	1.63985	1.54425	1.17629	2.38107	2.21656	1.64575	1.47291	0	0	0	0	0	0	2.39558	0	0	0	0	0	0	0	0	0	0	0	0	0	0	2.96092	2.42582	1.4851	1.04277	2.77213	2.91634	1.3204	2.45732	2.59978	1.68485	1.68891	2.90366	0	0	0	0	0	1.88193	1.8195	1.10048	2.84439	0	0	0	1.09397	0	0	0	0	0	0	0	0	0	0	0	0	0	0	2.93548	1.73124	2.73143	0	2.232	2.89062	0	0	0	0	0	1.07975	2.37736	0	2.84645	1.16479	0	0	0	0	0	0	0	0	1.96773	2.19061	2.35741	2.26569	2.52665	2.61369	2.71435	0	0	1.1807	2.25112	2.60138	0	0	0	0	0	0	0	0	0	0	0	0	0	2.09022	0	0	0	1.22566	0	1.26298	0	1.63557	2.00225	2.89303	2.19631	1.51108	0	1.01691	2.12187	1.60907	2.36414	2.08015	0	0	0	2.87081	1.51841	0	0	0	2.36551	0	0	0	0	0	0	0	0	0	0	1.99558	0	2.5771	2.39009	1.67717	1.36428	1.33134	1.18169	2.21918	1.28244	1.00098	2.61106	2.52276	1.89776	2.63494	2.97042	2.78404	1.70442	2.33148	2.78021	1.24237	2.7141	1.17842	2.72056	2.91694	0	0	1.3256	2.96778	0	0	0	0	0	0	1.0777	2.31432	1.20491	2.21555	0	0	0	0	0	0	0	1.8198	2.1458	1.90286	2.56262	0	0	0	0	0	1.2163	2.06192	2.93101	1.43262	1.91105	2.4371	1.41911	2.02369	1.52611	0	0	0	0	0	0	0	0	0	0	0	0	0	0	0	1.47017	2.93982	1.27212	0	2.24202	1.61453	1.31606	0	2.29693	1.19933	0	0	0	0	1.53857	2.68198	2.25725	0	0	0	0	0	0	0	0	0	0	2.1403	2.73553	1.75392	2.73586	2.75049	2.64097	2.38035	0	2.42652	1.33367	1.24589	1.74665	0	1.92614	2.0783	1.04214	0	0	0	0	2.16785	2.35596	2.17921	2.73783	1.43369	0	0	0	1.63993	2.66338	2.34074	2.61351	2.5695	2.04148	1.25838	1.09777	0	0	0	-0.822984	-0.0331359	0.821429	19.1555
1.9253	1.37573	1.71762	2.14791	1.02475	2.08047	2.56232	2.01771	2.54196	2.16251	1.36829	0	0	0	0	0	2.80517	2.66486	1.8857	0	1.18449	1.10468	1.04241	1.56193	0	0	0	0	0	1.90884	2.97677	2.16352	1.88275	2.83464	1.60074	1.05909	1.0574	2.30827	1.73358	2.94012	2.08943	0	0	0	0	0	0	0	0	0	0	0	1.766	0	2.26092	0	0	0	2.37039	0	0	0	0	0	2.49745	0	0	0	0	0	0	0	1.06053	2.84121	0	0	0	0	1.33845	0	1.209	2.5797	1.01763	1.89817	0	0	1.25997	1.31538	1.80735	2.05944	0	0	0	0	0	0	0	0	0	0	0	0	0	0	1.25797	2.98966	0	0	1.12688	2.24558	2.60623	2.70634	2.64082	0	0	0	2.42646	1.72733	1.29478	1.87629	2.77838	1.87665	1.00479	1.72737	2.19466	0	0	0	0	0	1.69423	2.47568	1.10287	2.76637	2.64718	2.42957	1.58215	1.84706	1.85784	1.2809	1.74039	2.42487	0	2.92354	0	0	0	0	0	1.88073	1.42569	0	0	0	0	0	0	0	2.0668	1.23534	1.32528	1.68911	0	0	2.46534	2.17019	1.28278	1.65626	2.10009	0	0	0	0	0	0	0	0	1.63202	2.84132	1.86293	2.23925	2.06955	0	0	2.59799	1.99976	1.65165	1.32953	0	0	0	0	0	0	0	0	0	0	1.08901	0	0	0	0	0	2.51878	1.83677	0	0	0	0	0	0	0	1.95272	1.16146	2.37839	2.54889	2.17187	1.98982	2.93348	1.34876	2.09194	1.98401	2.53402	1.57974	2.4795	1.46476	2.78989	2.86009	2.77511	1.06721	1.60002	0	0	2.72772	2.58979	1.30484	0	0	1.47892	1.35707	2.3695	0	0	2.93859	1.58214	1.11573	0	0	0	0	0	1.18957	2.09469	2.884	2.33454	2.29307	0	0	0	1.4152	2.76511	1.20959	0	0	0	1.15339	1.35127	2.29712	2.908	2.52987	0	0	0	1.47006	2.82871	2.14478	1.94173	1.29703	2.4728	1.82395	0	0	0	0	1.18185	1.31809	1.90674	0	0	0	0	0	0	0	0	0	0	0	2.33616	2.70291	1.75494	1.29332	1.3109	0	0	0	0	0	0	0	0	2.23224	2.81406	1.20498	1.46912	1.43673	1.66722	1.0865	0	0	0	1.62176	0	0	0	0	0	0	0	2.99658	1.90572	0	0	0	0	0	0	2.72372	1.36676	0	0	0	0	0	1.6108	1.50424	1.00919	0	0	0	2.81388	1.63985	1.54425	1.17629	2.38107	2.21656	1.64575	1.47291	0	0	0	0	0	1.73381	2.39558	0	0	0	0	0	0	0	0	0	0	0	0	0	0	2.96092	2.42582	1.4851	1.04277	2.77213	2.91634	1.3204	2.45732	2.59978	1.68485	1.61573	2.90366	0	0	0	0	0	1.88193	1.8195	1.10048	2.84439	0	0	1.04514	1.09397	0	0	0	0	0	0	0	0	0	0	0	0	0	0	2.93548	1.73124	2.73143	0	2.232	2.89062	0	0	0	0	2.09948	1.07975	2.37736	0	2.84645	1.16479	0	0	0	0	0	0	0	1.81681	1.96773	2.19061	2.35741	2.26569	2.52665	2.61369	2.71435	0	0	1.1807	2.25112	2.60138	1.78845	0	0	0	0	0	0	0	0	0	0	0	0	0	0	0	0	1.22566	0	1.26298	0	1.63557	2.00225	2.89303	2.19631	1.51108	2.88763	1.01691	2.12187	1.60907	2.36414	2.08015	0	0	0	2.87081	1.51841	0	0	1.7095	2.36551	0	0	0	0	0	0	0	0	0	0	1.99558	1.11116	2.5771	2.39009	1.67717	1.36428	1.33134	1.18169	2.21918	1.28244	1.00098	2.61106	2.52276	1.89776	2.59242	2.97042	2.78404	1.70442	2.33148	2.78021	1.24237	2.7141	1.17842	2.72056	2.91694	0	0	1.40039	2.96778	0	0	0	0	0	0	1.0777	2.31432	1.20491	2.21555	0	0	0	0	0	0	0	1.8198	2.1458	1.90286	2.56262	0	0	0	0	0	1.2163	2.06192	2.93101	1.43262	1.91105	2.4371	1.41911	2.02369	1.52611	0	0	0	0	0	0	0	0	0	0	0	0	0	0	0	0	2.93982	1.27212	0	2.24202	1.61453	1.31606	0	2.29693	1.19933	0	0	0	2.10258	1.53857	2.68198	2.25725	0	0	0	0	0	0	0	0	0	2.37847	2.1403	2.73553	1.75392	2.73586	2.75049	2.64097	2.38035	0	2.42652	1.33367	1.24589	1.74665	1.01365	1.92614	2.0783	1.04214	0	0	0	0	2.16785	2.35596	2.17921	2.73783	1.43369	0	0	0	1.63993	2.66338	2.34074	2.61351	2.5695	2.04148	1.25838	1.09777	0	0	-0.885456	-0.0848237	0.827381	20.526
1.93614	1.9253	1.37573	1.71762	2.14791	1.02475	2.08047	2.56232	2.01771	2.54196	2.16251	1.36829	0	0	0	0	0	2.80517	2.66486	1.8857	0	1.18449	1.10468	1.04241	1.56193	0	0	0	0	0	1.90884	2.97677	2.16352	1.88275	2.83464	1.60074	1.05909	1.0574	2.30827	2.20202	2.94012	2.08943	0	0	0	0	0	0	0	0	0	0	2.20809	1.766	0	2.26092	0	0	0	2.37039	0	0	0	0	0	0	0	0	0	0	0	0	0	1.06053	2.84121	0	0	0	1.28935	1.33845	0	1.209	2.5797	1.01763	1.89817	0	0	1.25997	1.31538	1.80735	2.05944	0	0	0	0	0	0	0	0	0	0	0	0	0	2.55287	1.25797	2.98966	0	0	1.12688	2.24558	2.60623	2.70634	2.64082	0	0	0	1.81783	1.72733	1.29478	1.87629	2.77838	1.87665	1.00479	1.72737	2.19466	0	0	0	0	0	1.69423	2.47568	1.10287	2.76637	2.64718	2.42957	1.58215	1.84706	1.85784	1.2809	1.74039	2.42487	0	2.92354	0	0	0	0	0	1.88073	1.42569	0	0	0	0	1.25663	0	0	2.0668	1.23534	1.32528	1.68911	0	0	2.46534	2.17019	1.28278	1.65626	0	0	0	0	0	0	0	0	0	1.63202	2.84132	1.86293	2.23925	0	0	0	2.59799	1.99976	1.65165	1.32953	0	0	0	0	0	0	2.59332	0	0	0	1.08901	0	0	0	0	0	2.51878	1.83677	0	2.86685	0	0	0	0	0	1.95272	1.16146	2.37839	2.54889	2.17187	1.98982	2.93348	2.46529	2.09194	1.98401	2.53402	1.57974	2.4795	1.46476	2.78989	2.86009	2.77511	1.06721	1.60002	0	1.77585	2.72772	2.58979	1.30484	0	0	1.47892	1.35707	2.3695	0	0	2.93859	1.58214	1.87594	0	0	0	0	0	1.18957	2.09469	2.884	2.33454	2.29307	0	0	1.4735	1.4152	2.76511	1.20959	0	0	0	1.15339	1.35127	2.29712	2.908	2.52987	0	1.99663	0	1.47006	2.82871	2.14478	1.94173	1.29703	2.4728	1.82395	0	0	0	0	0	1.31809	1.90674	0	0	0	0	0	0	0	0	0	0	1.22837	2.33616	2.70291	1.75494	1.29332	1.3109	0	0	0	0	0	0	0	1.06551	2.23224	2.81406	1.20498	1.46912	1.43673	1.66722	1.0865	0	0	0	1.62176	0	0	0	0	0	0	0	2.99658	1.90572	0	0	0	0	0	1.48957	2.72372	1.36676	0	0	0	0	0	1.6108	1.50424	1.00919	0	0	0	2.81388	1.63985	1.54425	1.17629	2.38107	2.21656	1.64575	1.47291	0	0	0	0	1.45686	1.73381	2.39558	0	0	0	0	0	0	0	0	0	0	0	0	0	0	2.96092	2.42582	1.4851	1.04277	2.77213	2.91634	1.3204	2.45732	2.59978	2.64963	1.61573	2.90366	0	0	0	0	0	1.88193	1.8195	1.10048	2.84439	0	2.7315	1.04514	1.09397	0	0	0	0	0	0	0	0	0	0	0	0	0	0	2.93548	1.73124	2.73143	0	2.232	2.89062	0	0	0	2.84522	2.09948	1.07975	2.37736	0	2.84645	1.16479	0	0	0	0	0	0	2.20406	1.81681	1.96773	2.19061	2.35741	2.26569	2.52665	2.61369	2.71435	0	0	1.1807	2.25112	0	1.78845	0	0	0	0	0	0	0	0	0	0	0	0	0	0	0	0	1.22566	0	1.26298	0	1.63557	2.00225	2.89303	2.19631	0	2.88763	1.01691	2.12187	1.60907	2.36414	2.08015	0	0	0	2.87081	1.51841	0	2.18979	1.7095	2.36551	0	0	0	0	0	0	0	0	0	0	1.88124	1.11116	2.5771	2.39009	1.67717	1.36428	1.33134	1.18169	2.21918	1.28244	1.00098	2.61106	2.52276	1.02418	2.59242	2.97042	2.78404	1.70442	2.33148	2.78021	1.24237	2.7141	1.17842	2.72056	2.91694	0	0	1.40039	2.96778	0	0	0	0	0	0	1.0777	2.31432	1.20491	2.21555	0	0	0	0	0	0	0	1.8198	2.1458	1.90286	2.56262	0	0	0	0	0	1.2163	2.06192	2.93101	1.43262	1.91105	2.4371	1.41911	2.02369	1.52611	0	0	0	0	0	0	0	0	0	0	0	0	0	0	0	0	2.93982	1.27212	0	2.24202	1.61453	1.31606	0	2.29693	1.19933	0	0	1.24725	2.10258	1.53857	2.68198	2.25725	0	0	0	0	0	0	0	0	2.09392	2.37847	2.1403	2.73553	1.75392	2.73586	2.75049	2.64097	2.38035	0	2.42652	1.33367	1.24589	0	1.01365	1.92614	2.0783	1.04214	0	0	0	0	2.16785	2.35596	2.17921	2.73783	1.0231	0	0	0	1.63993	2.66338	2.34074	2.61351	2.5695	2.04148	1.25838	1.09777	0	-0.935016	-0.0374573	0.833333	21.8527
0	1.93614	1.9253	1.37573	1.71762	2.14791	1.02475	2.08047	2.56232	2.01771	2.54196	2.16251	1.36829	0	0	0	0	0	2.80517	2.66486	1.8857	0	1.18449	1.10468	1.04241	1.56193	2.1642	0	0	0	0	1.90884	2.97677	2.16352	1.88275	2.83464	1.60074	1.05909	1.0574	0	2.20202	2.94012	2.08943	0	0	0	0	0	0	0	0	0	1.41914	2.20809	1.766	0	2.26092	0	0	0	2.37039	0	0	0	0	0	0	0	0	0	0	0	0	0	1.06053	2.84121	0	0	1.67412	1.28935	1.33845	0	1.209	2.5797	1.01763	1.89817	0	0	1.25997	1.31538	1.80735	0	0	0	0	0	0	0	0	0	0	0	0	0	1.86878	2.55287	1.25797	2.98966	0	0	1.12688	2.24558	2.60623	2.70634	2.64082	0	0	0	1.81783	1.72733	1.29478	1.87629	2.77838	1.87665	1.00479	1.72737	2.19466	0	0	0	1.47825	0	1.69423	2.47568	1.10287	2.76637	2.64718	2.42957	1.58215	1.84706	1.85784	1.2809	1.74039	0	0	2.92354	0	0	0	0	0	1.88073	1.42569	0	0	0	0	1.25663	0	0	2.0668	1.23534	1.32528	1.68911	0	0	2.46534	2.17019	1.28278	0	0	0	0	0	0	0	0	0	0	1.63202	2.84132	1.86293	0	0	0	0	2.59799	1.99976	1.65165	1.32953	0	0	0	0	0	2.64555	2.59332	0	0	0	1.08901	0	0	0	0	0	2.51878	1.83677	1.35213	2.86685	0	0	0	0	0	1.95272	1.16146	2.37839	2.54889	2.17187	1.98982	0	2.46529	2.09194	1.98401	2.53402	1.57974	2.4795	1.46476	2.78989	2.86009	2.77511	1.06721	1.60002	2.49675	1.77585	2.72772	2.58979	1.30484	0	0	1.47892	1.35707	2.3695	0	0	2.93859	2.9754	1.87594	0	0	0	0	0	1.18957	2.09469	2.884	2.33454	2.29307	0	1.502	1.4735	1.4152	2.76511	1.20959	0	0	0	1.15339	1.35127	2.29712	2.908	2.52987	1.8273	1.99663	0	1.47006	2.82871	2.14478	1.94173	1.29703	2.4728	1.82395	0	0	0	0	0	1.31809	1.90674	0	0	0	0	0	0	0	0	0	2.12384	1.22837	2.33616	2.70291	1.75494	1.29332	1.3109	0	0	0	0	0	0	1.77339	1.06551	2.23224	2.81406	1.20498	1.46912	1.43673	1.66722	1.0865	0	0	0	1.62176	0	0	0	0	0	0	0	2.99658	1.90572	0	0	0	0	2.43376	1.48957	2.72372	1.36676	0	0	0	0	0	1.6108	1.50424	1.00919	0	0	0	2.81388	1.63985	1.54425	1.17629	2.38107	2.21656	1.64575	1.47291	0	0	0	0	1.45686	1.73381	2.39558	0	0	0	0	0	0	0	0	0	0	0	0	0	0	2.96092	2.42582	1.4851	1.04277	2.77213	2.91634	1.3204	2.45732	1.50206	2.64963	1.61573	2.90366	0	0	0	0	0	1.88193	1.8195	1.10048	2.84439	2.98499	2.7315	1.04514	1.09397	0	0	0	0	0	0	0	0	0	0	0	0	0	0	2.93548	1.73124	2.73143	0	2.232	2.89062	0	0	2.59474	2.84522	2.09948	1.07975	2.37736	0	2.84645	1.16479	0	0	0	0	0	1.72678	2.20406	1.81681	1.96773	2.19061	2.35741	2.26569	2.52665	2.61369	2.71435	0	0	1.1807	1.6214	0	1.78845	0	0	0	0	0	0	0	0	0	0	0	0	0	0	0	0	1.22566	0	1.26298	0	1.63557	2.00225	2.89303	0	0	2.88763	1.01691	2.12187	1.60907	2.36414	2.08015	0	0	0	2.87081	1.51841	1.98461	2.18979	1.7095	2.36551	0	0	0	0	0	0	0	0	0	2.91102	1.88124	1.11116	2.5771	2.39009	1.67717	1.36428	1.33134	1.18169	2.21918	1.28244	1.00098	2.61106	0	1.02418	2.59242	2.97042	2.78404	1.70442	2.33148	2.78021	1.24237	2.7141	1.17842	2.72056	2.91694	0	0	1.40039	2.96778	0	0	0	0	0	0	1.0777	2.31432	1.20491	0	0	0	0	0	0	0	0	1.8198	2.1458	1.90286	2.56262	0	0	0	0	0	1.2163	2.06192	2.93101	1.43262	1.91105	2.4371	1.41911	2.02369	1.52611	2.54794	0	0	0	0	0	0	0	0	0	0	0	0	0	0	0	2.93982	1.27212	0	2.24202	1.61453	1.31606	0	2.29693	1.19933	0	2.89749	1.24725	2.10258	1.53857	2.68198	2.25725	0	0	0	0	0	0	0	0	2.09392	2.37847	2.1403	2.73553	1.75392	2.73586	2.75049	2.64097	2.38035	0	2.42652	1.33367	0	0	1.01365	1.92614	2.0783	1.04214	0	0	0	0	2.16785	2.35596	2.17921	1.18336	1.0231	0	0	0	1.63993	2.66338	2.34074	2.61351	2.5695	2.04148	1.25838	1.09777	-0.970942	0.0498787	0.839286	20.1634
1.09052	0	1.93614	1.9253	1.37573	1.71762	2.14791	1.02475	2.08047	2.56232	2.01771	2.54196	2.16251	1.65361	0	0	0	0	0	2.80517	2.66486	1.8857	0	1.18449	1.10468	1.04241	0	2.1642	0	0	0	0	1.90884	2.97677	2.16352	1.88275	2.83464	1.60074	1.05909	1.62744	0	2.20202	2.94012	2.08943	0	0	0	0	0	0	0	0	2.5222	1.41914	2.20809	1.766	0	2.26092	0	0	0	2.37039	0	0	0	2.25217	0	0	0	0	0	0	0	0	0	1.06053	2.84121	0	2.66077	1.67412	1.28935	1.33845	0	1.209	2.5797	1.01763	1.89817	0	0	1.25997	1.31538	0	0	0	0	0	0	0	0	0	0	0	0	0	2.09145	1.86878	2.55287	1.25797	2.98966	0	0	1.12688	2.24558	2.60623	2.70634	2.64082	0	0	0	1.81783	1.72733	1.29478	1.87629	2.77838	1.87665	1.00479	1.72737	2.19466	0	0	1.08114	1.47825	0	1.69423	2.47568	1.10287	2.76637	2.64718	2.42957	1.58215	1.84706	1.85784	1.2809	0	0	0	2.92354	0	0	0	0	0	1.88073	1.42569	0	0	0	0	1.25663	0	0	2.0668	1.23534	1.32528	1.68911	0	0	2.46534	2.17019	0	0	0	0	0	0	0	0	0	0	0	1.63202	2.84132	0	0	0	0	0	2.59799	1.99976	1.65165	1.32953	0	0	0	0	1.48969	2.64555	2.59332	0	0	0	1.08901	0	0	0	0	0	2.51878	1.38617	1.35213	2.86685	0	0	0	0	0	1.95272	1.16146	2.37839	2.54889	2.17187	0	0	2.46529	2.09194	1.98401	2.53402	1.57974	2.4795	1.46476	2.78989	2.86009	2.77511	1.06721	1.67095	2.49675	1.77585	2.72772	2.58979	1.30484	0	0	1.47892	1.35707	2.3695	0	0	0	2.9754	1.87594	0	0	0	0	0	1.18957	2.09469	2.884	2.33454	2.29307	0	1.502	1.4735	1.4152	2.76511	1.20959	0	0	0	1.15339	1.35127	2.29712	2.908	1.56137	1.8273	1.99663	0	1.47006	2.82871	2.14478	1.94173	1.29703	2.4728	1.82395	0	0	0	0	0	1.31809	1.90674	0	0	0	0	0	0	0	0	2.7185	2.12384	1.22837	2.33616	2.70291	1.75494	1.29332	1.3109	0	0	0	0	0	1.46047	1.77339	1.06551	2.23224	2.81406	1.20498	1.46912	1.43673	1.66722	1.0865	0	0	0	0	0	0	0	0	0	0	0	2.99658	1.90572	0	0	0	0	2.43376	1.48957	2.72372	1.36676	0	0	0	0	0	1.6108	1.50424	1.00919	0	0	0	2.81388	1.63985	1.54425	1.17629	2.38107	2.21656	1.64575	1.47291	0	0	0	0	1.45686	1.73381	2.39558	0	0	0	0	0	0	0	0	0	0	0	0	0	0	2.96092	2.42582	1.4851	1.04277	2.77213	2.91634	1.3204	2.13652	1.50206	2.64963	1.61573	2.90366	0	0	0	0	0	1.88193	1.8195	1.10048	2.3124	2.98499	2.7315	1.04514	1.09397	0	0	0	0	0	0	0	0	0	0	0	0	0	0	2.93548	1.73124	2.73143	0	2.232	2.89062	0	1.73054	2.59474	2.84522	2.09948	1.07975	2.37736	0	2.84645	1.16479	0	0	0	0	0	1.72678	2.20406	1.81681	1.96773	2.19061	2.35741	2.26569	2.52665	2.61369	2.71435	0	0	0	1.6214	0	1.78845	0	0	0	0	0	0	0	0	0	2.57422	0	0	0	0	0	0	1.22566	0	1.26298	0	1.63557	2.00225	0	0	0	2.88763	1.01691	2.12187	1.60907	2.36414	2.08015	0	0	0	2.87081	1.08473	1.98461	2.18979	1.7095	2.36551	0	0	0	0	0	0	0	0	2.79101	2.91102	1.88124	1.11116	2.5771	2.39009	1.67717	1.36428	1.33134	1.18169	2.21918	1.28244	1.00098	0	0	1.02418	2.59242	2.97042	2.78404	1.70442	2.33148	2.78021	1.24237	2.7141	1.17842	2.72056	0	0	0	1.40039	2.96778	0	0	0	0	0	0	1.0777	2.31432	0	0	0	0	0	0	0	0	0	1.8198	2.1458	1.90286	2.56262	0	0	0	0	0	1.2163	2.06192	2.93101	1.43262	1.91105	2.4371	1.41911	2.02369	1.00072	2.54794	0	0	0	0	0	0	0	0	0	0	0	0	0	0	0	2.93982	1.27212	0	2.24202	1.61453	1.31606	0	2.29693	1.19933	2.7025	2.89749	1.24725	2.10258	1.53857	2.68198	2.25725	0	0	0	0	0	0	1.06447	0	2.09392	2.37847	2.1403	2.73553	1.75392	2.73586	2.75049	2.64097	2.38035	0	2.42652	0	0	0	1.01365	1.92614	2.0783	1.04214	0	0	0	0	2.16785	2.35596	1.6003	1.18336	1.0231	0	0	0	1.63993	2.66338	2.34074	2.61351	2.5695	2.04148	1.25838	-0.992709	0.00856015	0.845238	20.0421
1.44172	1.09052	0	1.93614	1.9253	1.37573	1.71762	2.14791	1.02475	2.08047	2.56232	2.01771	2.54196	2.85693	1.65361	0	0	0	0	0	2.80517	2.66486	1.8857	0	1.18449	1.10468	0	0	2.1642	0	0	0	0	1.90884	2.97677	2.16352	1.88275	2.83464	1.60074	2.47703	1.62744	0	2.20202	2.94012	2.08943	0	0	0	0	0	0	0	2.07091	2.5222	1.41914	2.20809	1.766	0	2.26092	0	0	0	2.37039	0	0	2.94061	2.25217	0	0	0	0	0	0	0	0	0	1.06053	2.84121	2.72696	2.66077	1.67412	1.28935	1.33845	0	1.209	2.5797	1.01763	1.89817	0	0	1.25997	0	0	0	0	0	0	0	0	0	0	0	0	0	2.38999	2.09145	1.86878	2.55287	1.25797	2.98966	0	0	1.12688	2.24558	2.60623	2.70634	2.64082	0	0	0	1.81783	1.72733	1.29478	1.87629	2.77838	1.87665	1.00479	1.72737	2.19466	0	2.86401	1.08114	1.47825	0	1.69423	2.47568	1.10287	2.76637	2.64718	2.42957	1.58215	1.84706	1.85784	0	0	0	0	2.92354	0	0	0	0	0	1.88073	1.42569	0	1.44398	0	0	1.25663	0	0	2.0668	1.23534	1.32528	1.68911	0	0	2.46534	0	0	0	0	0	0	0	0	0	0	0	0	1.63202	0	0	0	0	0	0	2.59799	1.99976	1.65165	1.32953	0	0	0	2.36545	1.48969	2.64555	2.59332	0	0	0	1.08901	0	0	0	0	0	2.17731	1.38617	1.35213	2.86685	0	0	0	0	0	1.95272	1.16146	2.37839	2.54889	0	0	0	2.46529	2.09194	1.98401	2.53402	1.57974	2.4795	1.46476	2.78989	2.86009	2.77511	2.93596	1.67095	2.49675	1.77585	2.72772	2.58979	1.30484	0	0	1.47892	1.35707	2.3695	0	0	0	2.9754	1.87594	0	0	0	0	0	1.18957	2.09469	2.884	2.33454	0	0	1.502	1.4735	1.4152	2.76511	1.20959	0	0	0	1.15339	1.35127	2.29712	2.88447	1.56137	1.8273	1.99663	0	1.47006	2.82871	2.14478	1.94173	1.29703	2.4728	1.82395	0	0	0	0	0	1.31809	1.90674	0	0	0	0	0	0	0	2.8366	2.7185	2.12384	1.22837	2.33616	2.70291	1.75494	1.29332	1.3109	0	0	0	0	2.13054	1.46047	1.77339	1.06551	2.23224	2.81406	1.20498	1.46912	1.43673	1.66722	1.0865	0	0	1.76838	0	0	0	0	0	0	0	0	2.99658	1.90572	0	0	0	0	2.43376	1.48957	2.72372	1.36676	0	0	0	0	0	1.6108	1.50424	0	0	0	0	2.81388	1.63985	1.54425	1.17629	2.38107	2.21656	1.64575	1.47291	0	1.04702	0	0	1.45686	1.73381	2.39558	0	0	0	0	0	0	0	2.41941	0	0	0	0	0	0	2.96092	2.42582	1.4851	1.04277	2.77213	2.91634	0	2.13652	1.50206	2.64963	1.61573	2.90366	0	0	0	0	0	1.88193	1.8195	2.07194	2.3124	2.98499	2.7315	1.04514	1.09397	0	0	0	0	0	0	0	0	0	0	0	0	0	0	2.93548	1.73124	2.73143	0	2.232	2.89062	2.23706	1.73054	2.59474	2.84522	2.09948	1.07975	2.37736	0	2.84645	1.16479	0	0	0	0	0	1.72678	2.20406	1.81681	1.96773	2.19061	2.35741	2.26569	2.52665	2.61369	2.71435	0	1.52351	0	1.6214	0	1.78845	0	0	0	0	0	0	0	0	2.85308	2.57422	0	0	0	0	0	0	1.22566	0	1.26298	0	1.63557	0	0	0	0	2.88763	1.01691	2.12187	1.60907	2.36414	2.08015	0	0	0	2.14356	1.08473	1.98461	2.18979	1.7095	2.36551	0	0	0	0	0	0	0	1.88894	2.79101	2.91102	1.88124	1.11116	2.5771	2.39009	1.67717	1.36428	1.33134	1.18169	2.21918	1.28244	0	0	0	1.02418	2.59242	2.97042	2.78404	1.70442	2.33148	2.78021	1.24237	2.7141	1.17842	0	0	0	0	1.40039	2.96778	0	0	0	0	0	0	1.0777	0	0	0	0	0	0	0	0	0	0	1.8198	2.1458	1.90286	0	0	0	0	0	0	1.2163	2.06192	2.93101	1.43262	1.91105	2.4371	1.41911	2.95059	1.00072	2.54794	0	0	0	0	0	0	0	0	0	0	0	0	0	0	0	2.93982	1.27212	0	2.24202	1.61453	1.31606	0	2.29693	1.98519	2.7025	2.89749	1.24725	2.10258	1.53857	2.68198	2.25725	0	0	0	0	0	2.84283	1.06447	0	2.09392	2.37847	2.1403	2.73553	1.75392	2.73586	2.75049	2.64097	2.38035	0	0	0	0	0	1.01365	1.92614	2.0783	1.04214	0	0	0	0	2.16785	2.66637	1.6003	1.18336	1.0231	0	0	0	1.63993	2.66338	2.34074	2.61351	2.5695	2.04148	-1	-0.0582749	0.85119	20.8629
1.28456	1.44172	1.09052	0	1.93614	1.9253	1.37573	1.71762	2.14791	1.02475	2.08047	2.56232	2.01771	1.16845	2.85693	1.65361	0	0	0	0	0	2.80517	2.66486	1.8857	0	1.18449	0	0	0	2.1642	0	0	0	0	1.90884	2.97677	2.16352	1.88275	2.83464	0	2.47703	1.62744	0	2.20202	2.94012	2.08943	0	0	0	0	0	0	1.35099	2.07091	2.5222	1.41914	2.20809	1.766	0	2.26092	0	0	0	2.37039	0	2.13203	2.94061	2.25217	0	0	0	0	0	0	0	0	0	1.06053	1.08305	2.72696	2.66077	1.67412	1.28935	1.33845	0	1.209	2.5797	1.01763	1.89817	0	0	1.33877	0	0	0	0	0	0	0	0	0	0	0	0	0	2.38999	2.09145	1.86878	2.55287	1.25797	2.98966	0	0	1.12688	2.24558	2.60623	2.70634	0	0	0	0	1.81783	1.72733	1.29478	1.87629	2.77838	1.87665	1.00479	1.72737	2.19466	2.14751	2.86401	1.08114	1.47825	0	1.69423	2.47568	1.10287	2.76637	2.64718	2.42957	1.58215	1.84706	0	0	0	0	0	2.92354	0	0	0	0	0	1.88073	1.42569	2.60002	1.44398	0	0	1.25663	0	0	2.0668	1.23534	1.32528	1.68911	0	0	0	0	0	0	0	0	0	0	0	0	0	0	0	1.97987	0	0	0	0	0	0	2.59799	1.99976	1.65165	1.32953	0	0	0	2.36545	1.48969	2.64555	2.59332	0	0	0	1.08901	0	0	0	0	2.43122	2.17731	1.38617	1.35213	2.86685	0	0	0	0	0	1.95272	1.16146	2.37839	0	0	0	0	2.46529	2.09194	1.98401	2.53402	1.57974	2.4795	1.46476	2.78989	2.86009	2.61131	2.93596	1.67095	2.49675	1.77585	2.72772	2.58979	1.30484	0	0	1.47892	1.35707	2.3695	1.41983	0	0	2.9754	1.87594	0	0	0	0	0	1.18957	2.09469	2.884	0	0	0	1.502	1.4735	1.4152	2.76511	1.20959	0	0	0	1.15339	1.35127	0	2.88447	1.56137	1.8273	1.99663	0	1.47006	2.82871	2.14478	1.94173	1.29703	2.4728	1.82395	0	0	0	0	0	1.31809	1.90674	0	0	0	0	0	0	2.59977	2.8366	2.7185	2.12384	1.22837	2.33616	2.70291	1.75494	1.29332	1.3109	0	0	0	1.49703	2.13054	1.46047	1.77339	1.06551	2.23224	2.81406	1.20498	1.46912	1.43673	1.66722	1.0865	0	2.18138	1.76838	0	0	0	0	0	0	0	0	2.99658	1.90572	0	0	0	0	2.43376	1.48957	2.72372	1.36676	0	0	0	0	0	1.6108	0	0	0	0	0	2.81388	1.63985	1.54425	1.17629	2.38107	2.21656	1.64575	1.47291	2.51028	1.04702	0	0	1.45686	1.73381	2.39558	0	0	0	0	0	0	0	2.41941	0	0	0	0	0	0	2.96092	2.42582	1.4851	1.04277	2.77213	0	0	2.13652	1.50206	2.64963	1.61573	2.90366	0	0	0	0	0	1.88193	1.34949	2.07194	2.3124	2.98499	2.7315	1.04514	1.09397	0	0	0	0	0	0	0	0	0	0	0	0	0	0	2.93548	1.73124	2.73143	0	2.232	1.70768	2.23706	1.73054	2.59474	2.84522	2.09948	1.07975	2.37736	0	2.84645	1.16479	0	0	0	0	0	1.72678	2.20406	1.81681	1.96773	2.19061	2.35741	2.26569	2.52665	2.61369	2.71435	1.51214	1.52351	0	1.6214	0	1.78845	0	0	0	0	0	0	0	1.52354	2.85308	2.57422	0	0	0	0	0	0	1.22566	0	1.26298	0	0	0	0	0	0	2.88763	1.01691	2.12187	1.60907	2.36414	2.08015	0	0	1.84281	2.14356	1.08473	1.98461	2.18979	1.7095	2.36551	0	0	0	0	0	0	1.04781	1.88894	2.79101	2.91102	1.88124	1.11116	2.5771	2.39009	1.67717	1.36428	1.33134	1.18169	2.21918	0	0	0	0	1.02418	2.59242	2.97042	2.78404	1.70442	2.33148	2.78021	1.24237	2.7141	1.56956	0	0	0	0	1.40039	2.96778	0	0	0	0	0	0	0	0	0	0	0	0	0	0	0	0	0	1.8198	2.1458	0	0	0	0	0	0	0	1.2163	2.06192	2.93101	1.43262	1.91105	2.4371	1.0755	2.95059	1.00072	2.54794	0	0	0	0	0	0	0	0	0	2.78013	0	0	0	0	0	2.93982	1.27212	0	2.24202	1.61453	1.31606	0	1.3426	1.98519	2.7025	2.89749	1.24725	2.10258	1.53857	2.68198	2.25725	0	0	0	0	0	2.84283	1.06447	0	2.09392	2.37847	2.1403	2.73553	1.75392	2.73586	2.75049	2.64097	2.38035	0	0	0	0	0	1.01365	1.92614	2.0783	1.04214	0	0	0	0	2.51396	2.66637	1.6003	1.18336	1.0231	0	0	0	1.63993	2.66338	2.34074	2.61351	2.5695	-0.992709	-0.12006	0.857143	20.5704
2.76278	1.28456	1.44172	1.09052	0	1.93614	1.9253	1.37573	1.71762	2.14791	1.02475	2.08047	2.56232	1.71865	1.16845	2.85693	1.65361	0	0	0	0	0	2.80517	2.66486	1.8857	0	0	0	0	0	2.1642	0	0	0	0	1.90884	2.97677	2.16352	1.88275	0	0	2.47703	1.62744	0	2.20202	2.94012	2.08943	0	0	0	0	0	2.97147	1.35099	2.07091	2.5222	1.41914	2.20809	1.766	0	2.26092	0	0	0	2.37039	2.19842	2.13203	2.94061	2.25217	0	0	0	0	0	0	0	0	0	0	1.08305	2.72696	2.66077	1.67412	1.28935	1.33845	0	1.209	2.5797	1.01763	1.89817	0	1.17735	1.33877	0	0	0	0	0	0	0	0	0	0	0	2.9283	0	2.38999	2.09145	1.86878	2.55287	1.25797	2.98966	0	0	1.12688	2.24558	2.60623	0	0	0	0	0	1.81783	1.72733	1.29478	1.87629	2.77838	1.87665	1.00479	1.72737	2.58909	2.14751	2.86401	1.08114	1.47825	0	1.69423	2.47568	1.10287	2.76637	2.64718	2.42957	1.58215	1.01129	0	0	0	0	0	2.92354	0	0	0	0	0	1.88073	1.96068	2.60002	1.44398	0	0	1.25663	0	0	2.0668	1.23534	1.32528	1.68911	0	0	0	0	0	0	0	0	0	0	0	0	0	0	1.58037	1.97987	0	0	0	0	0	0	2.59799	1.99976	1.65165	1.32953	0	0	0	2.36545	1.48969	2.64555	2.59332	0	0	0	1.08901	0	0	0	1.91735	2.43122	2.17731	1.38617	1.35213	2.86685	0	0	0	0	0	1.95272	1.16146	2.09908	0	0	0	0	2.46529	2.09194	1.98401	2.53402	1.57974	2.4795	1.46476	2.78989	1.30536	2.61131	2.93596	1.67095	2.49675	1.77585	2.72772	2.58979	1.30484	0	0	1.47892	1.35707	1.3061	1.41983	0	0	2.9754	1.87594	0	0	0	0	0	1.18957	2.09469	0	0	0	0	1.502	1.4735	1.4152	2.76511	1.20959	0	0	0	1.15339	0	0	2.88447	1.56137	1.8273	1.99663	0	1.47006	2.82871	2.14478	1.94173	1.29703	2.4728	0	0	0	0	0	0	1.31809	1.90674	0	0	0	0	0	2.61802	2.59977	2.8366	2.7185	2.12384	1.22837	2.33616	2.70291	1.75494	1.29332	1.3109	0	0	0	1.49703	2.13054	1.46047	1.77339	1.06551	2.23224	2.81406	1.20498	1.46912	1.43673	1.66722	1.0865	2.76473	2.18138	1.76838	0	0	0	0	0	0	0	0	2.99658	1.90572	0	0	0	0	2.43376	1.48957	2.72372	1.36676	0	0	0	0	0	0	0	0	0	0	0	2.81388	1.63985	1.54425	1.17629	2.38107	2.21656	1.64575	1.93088	2.51028	1.04702	0	0	1.45686	1.73381	2.39558	0	0	0	0	0	0	0	2.41941	0	0	0	0	0	0	2.96092	2.42582	1.4851	1.04277	0	0	0	2.13652	1.50206	2.64963	1.61573	2.90366	0	0	0	0	0	1.0767	1.34949	2.07194	2.3124	2.98499	2.7315	1.04514	1.09397	0	0	0	0	0	0	0	0	0	0	0	0	0	0	2.93548	1.73124	2.73143	0	1.50286	1.70768	2.23706	1.73054	2.59474	2.84522	2.09948	1.07975	2.37736	0	2.84645	1.16479	0	0	0	0	0	1.72678	2.20406	1.81681	1.96773	2.19061	2.35741	2.26569	2.52665	2.61369	1.62155	1.51214	1.52351	0	1.6214	0	1.78845	0	0	0	0	0	0	2.24726	1.52354	2.85308	2.57422	0	0	0	0	0	0	1.22566	0	1.26298	0	0	0	0	0	0	2.88763	1.01691	2.12187	1.60907	2.36414	2.08015	0	1.45582	1.84281	2.14356	1.08473	1.98461	2.18979	1.7095	2.36551	0	0	0	0	0	2.3164	1.04781	1.88894	2.79101	2.91102	1.88124	1.11116	2.5771	2.39009	1.67717	1.36428	1.33134	1.18169	1.89151	0	0	0	0	1.02418	2.59242	2.97042	2.78404	1.70442	2.33148	2.78021	1.24237	2.47505	1.56956	0	0	0	0	1.40039	2.96778	0	0	0	0	0	0	0	0	0	0	0	0	0	0	0	0	0	1.8198	0	0	0	0	0	0	0	0	1.2163	2.06192	2.93101	1.43262	1.91105	2.58515	1.0755	2.95059	1.00072	2.54794	0	0	0	0	0	0	0	0	1.38733	2.78013	0	0	0	0	0	2.93982	1.27212	0	2.24202	1.61453	1.31606	1.1823	1.3426	1.98519	2.7025	2.89749	1.24725	2.10258	1.53857	2.68198	2.25725	0	0	0	0	0	2.84283	1.06447	0	2.09392	2.37847	2.1403	2.73553	1.75392	2.73586	2.75049	2.64097	0	0	0	0	0	0	1.01365	1.92614	2.0783	1.04214	0	0	0	1.25786	2.51396	2.66637	1.6003	1.18336	1.0231	0	0	0	1.63993	2.66338	2.34074	2.61351	-0.970942	-0.075205	0.863095	20.8964
1.25564	2.76278	1.28456	1.44172	1.09052	0	1.93614	1.9253	1.37573	1.71762	2.14791	1.02475	2.08047	2.59662	1.71865	1.16845	2.85693	1.65361	0	0	0	0	0	2.80517	2.66486	1.8857	1.63602	0	0	0	0	2.1642	0	0	0	0	1.90884	2.97677	2.16352	0	0	0	2.47703	1.62744	0	2.20202	2.94012	2.08943	0	0	0	0	0	2.97147	1.35099	2.07091	2.5222	1.41914	2.20809	1.766	0	2.26092	0	0	0	1.23606	2.19842	2.13203	2.94061	2.25217	0	0	0	0	0	0	0	0	0	0	1.08305	2.72696	2.66077	1.67412	1.28935	1.33845	0	1.209	2.5797	1.01763	1.89817	1.82754	1.17735	1.33877	0	0	0	0	0	0	0	0	0	0	2.59596	2.9283	0	2.38999	2.09145	1.86878	2.55287	1.25797	2.98966	0	0	1.12688	2.24558	0	0	0	0	0	0	1.81783	1.72733	1.29478	1.87629	2.77838	1.87665	1.00479	2.32393	2.58909	2.14751	2.86401	1.08114	1.47825	0	1.69423	2.47568	1.10287	2.76637	2.64718	2.42957	2.03959	1.01129	0	0	0	0	0	2.92354	0	0	0	0	0	0	1.96068	2.60002	1.44398	0	0	1.25663	0	0	2.0668	1.23534	1.32528	1.68911	0	0	0	0	0	0	0	0	0	0	0	0	0	1.7718	1.58037	1.97987	0	0	0	0	0	0	2.59799	1.99976	1.65165	1.32953	0	0	0	2.36545	1.48969	2.64555	2.59332	0	0	0	1.08901	0	0	2.67168	1.91735	2.43122	2.17731	1.38617	1.35213	2.86685	0	0	0	0	0	1.95272	1.3975	2.09908	0	0	0	0	2.46529	2.09194	1.98401	2.53402	1.57974	2.4795	1.46476	2.6976	1.30536	2.61131	2.93596	1.67095	2.49675	1.77585	2.72772	2.58979	1.30484	0	0	1.47892	0	1.3061	1.41983	0	0	2.9754	1.87594	0	0	0	0	0	1.18957	0	0	0	0	0	1.502	1.4735	1.4152	2.76511	1.20959	0	0	0	0	0	0	2.88447	1.56137	1.8273	1.99663	0	1.47006	2.82871	2.14478	1.94173	1.29703	0	0	0	0	0	0	0	1.31809	1.90674	0	0	0	0	1.31689	2.61802	2.59977	2.8366	2.7185	2.12384	1.22837	2.33616	2.70291	1.75494	1.29332	1.3109	0	0	0	1.49703	2.13054	1.46047	1.77339	1.06551	2.23224	2.81406	1.20498	1.46912	1.43673	1.66722	2.49404	2.76473	2.18138	1.76838	0	0	0	0	0	0	0	0	2.99658	0	0	0	0	0	2.43376	1.48957	2.72372	1.36676	0	0	0	0	0	0	0	0	0	0	0	2.81388	1.63985	1.54425	1.17629	2.38107	2.21656	2.1608	1.93088	2.51028	1.04702	0	0	1.45686	1.73381	2.39558	0	0	0	0	0	0	0	2.41941	0	0	0	0	0	0	2.96092	2.42582	1.4851	0	0	0	0	2.13652	1.50206	2.64963	1.61573	2.90366	0	0	0	0	1.33219	1.0767	1.34949	2.07194	2.3124	2.98499	2.7315	1.04514	1.09397	0	0	0	0	0	0	0	0	0	0	0	0	0	0	2.93548	1.73124	2.73143	2.52042	1.50286	1.70768	2.23706	1.73054	2.59474	2.84522	2.09948	1.07975	2.37736	0	2.84645	1.16479	0	0	0	0	0	1.72678	2.20406	1.81681	1.96773	2.19061	2.35741	2.26569	2.52665	2.42795	1.62155	1.51214	1.52351	0	1.6214	0	1.78845	0	0	0	0	0	2.26716	2.24726	1.52354	2.85308	2.57422	0	0	0	0	0	0	1.22566	0	0	0	0	0	0	0	0	2.88763	1.01691	2.12187	1.60907	2.36414	2.08015	1.85246	1.45582	1.84281	2.14356	1.08473	1.98461	2.18979	1.7095	2.36551	0	0	0	0	2.0075	2.3164	1.04781	1.88894	2.79101	2.91102	1.88124	1.11116	2.5771	2.39009	1.67717	1.36428	1.33134	1.35201	1.89151	0	0	0	0	1.02418	2.59242	2.97042	2.78404	1.70442	2.33148	2.78021	2.09887	2.47505	1.56956	0	0	0	0	1.40039	2.96778	0	0	0	0	0	0	0	0	0	0	0	0	0	0	0	0	0	0	0	0	0	0	0	0	0	0	1.2163	2.06192	2.93101	1.43262	1.59965	2.58515	1.0755	2.95059	1.00072	2.54794	0	0	0	0	0	0	0	1.15957	1.38733	2.78013	0	0	0	0	0	2.93982	1.27212	0	2.24202	1.61453	0	1.1823	1.3426	1.98519	2.7025	2.89749	1.24725	2.10258	1.53857	2.68198	2.25725	0	0	1.54158	0	0	2.84283	1.06447	0	2.09392	2.37847	2.1403	2.73553	1.75392	2.73586	2.75049	0	0	0	0	0	0	0	1.01365	1.92614	2.0783	1.04214	0	0	1.50338	1.25786	2.51396	2.66637	1.6003	1.18336	1.0231	0	0	0	1.63993	2.66338	2.34074	-0.935016	-0.111161	0.869048	19.8535
1.92841	1.25564	2.76278	1.28456	1.44172	1.09052	0	1.93614	1.9253	1.37573	1.71762	2.14791	1.02475	1.15401	2.59662	1.71865	1.16845	2.85693	1.65361	0	0	0	0	0	2.80517	2.66486	1.6495	1.63602	0	0	0	0	2.1642	0	0	0	0	1.90884	2.97677	0	0	0	0	2.47703	1.62744	0	2.20202	2.94012	2.08943	0	0	0	1.34086	0	2.97147	1.35099	2.07091	2.5222	1.41914	2.20809	1.766	0	2.26092	0	0	0	1.23606	2.19842	2.13203	2.94061	2.25217	0	0	0	0	0	0	0	1.67528	0	0	1.08305	2.72696	2.66077	1.67412	1.28935	1.33845	0	1.209	2.5797	1.01763	1.27833	1.82754	1.17735	1.33877	0	0	0	0	0	0	0	0	0	1.74296	2.59596	2.9283	0	2.38999	2.09145	1.86878	2.55287	1.25797	2.98966	0	0	1.12688	0	0	0	0	0	0	0	1.81783	1.72733	1.29478	1.87629	2.77838	1.87665	0	2.32393	2.58909	2.14751	2.86401	1.08114	1.47825	0	1.69423	2.47568	1.10287	2.76637	2.64718	1.00807	2.03959	1.01129	0	0	0	0	0	2.92354	0	0	0	0	0	0	1.96068	2.60002	1.44398	0	0	1.25663	0	0	2.0668	1.23534	1.32528	0	0	0	0	0	0	0	0	0	0	0	0	0	1.55133	1.7718	1.58037	1.97987	0	0	0	0	0	0	2.59799	1.99976	1.65165	0	0	0	0	2.36545	1.48969	2.64555	2.59332	0	0	0	1.08901	0	1.93993	2.67168	1.91735	2.43122	2.17731	1.38617	1.35213	2.86685	0	0	0	0	0	1.31732	1.3975	2.09908	0	0	0	0	2.46529	2.09194	1.98401	2.53402	1.57974	2.4795	2.25757	2.6976	1.30536	2.61131	2.93596	1.67095	2.49675	1.77585	2.72772	2.58979	1.30484	0	0	1.31552	0	1.3061	1.41983	0	0	2.9754	1.87594	0	0	0	0	0	0	0	0	0	0	0	1.502	1.4735	1.4152	2.76511	1.20959	0	0	0	0	0	0	2.88447	1.56137	1.8273	1.99663	0	1.47006	2.82871	2.14478	1.94173	0	0	0	0	0	0	0	0	1.31809	1.90674	0	0	0	2.65155	1.31689	2.61802	2.59977	2.8366	2.7185	2.12384	1.22837	2.33616	2.70291	1.75494	1.29332	1.3109	0	0	0	1.49703	2.13054	1.46047	1.77339	1.06551	2.23224	2.81406	1.20498	1.46912	1.43673	1.657	2.49404	2.76473	2.18138	1.76838	0	0	0	0	0	0	0	0	0	0	0	0	0	0	2.43376	1.48957	2.72372	1.36676	0	0	0	0	0	0	0	0	0	0	0	2.81388	1.63985	1.54425	1.17629	2.38107	1.90526	2.1608	1.93088	2.51028	1.04702	0	0	1.45686	1.73381	2.39558	0	0	0	0	0	0	0	2.41941	0	0	0	0	0	0	2.96092	2.42582	2.51852	0	0	0	0	2.13652	1.50206	2.64963	1.61573	2.90366	0	0	0	1.07812	1.33219	1.0767	1.34949	2.07194	2.3124	2.98499	2.7315	1.04514	1.09397	0	0	0	0	0	0	0	0	0	0	0	0	0	0	2.93548	1.73124	2.95475	2.52042	1.50286	1.70768	2.23706	1.73054	2.59474	2.84522	2.09948	1.07975	2.37736	0	2.84645	0	0	0	0	0	0	1.72678	2.20406	1.81681	1.96773	2.19061	2.35741	2.26569	1.22261	2.42795	1.62155	1.51214	1.52351	0	1.6214	0	1.78845	0	0	0	0	2.5781	2.26716	2.24726	1.52354	2.85308	2.57422	0	0	0	0	0	0	1.22566	0	0	0	0	0	0	0	0	2.88763	1.01691	2.12187	1.60907	2.36414	2.12962	1.85246	1.45582	1.84281	2.14356	1.08473	1.98461	2.18979	1.7095	2.36551	0	0	0	2.43907	2.0075	2.3164	1.04781	1.88894	2.79101	2.91102	1.88124	1.11116	2.5771	2.39009	1.67717	1.36428	2.52294	1.35201	1.89151	0	0	0	0	1.02418	2.59242	2.97042	2.78404	1.70442	2.33148	2.90249	2.09887	2.47505	1.56956	0	0	0	0	1.40039	2.96778	0	0	0	0	0	0	0	0	0	0	0	0	0	0	0	0	0	0	0	0	0	0	0	0	0	0	1.2163	2.06192	2.93101	1.65332	1.59965	2.58515	1.0755	2.95059	1.00072	2.54794	0	0	0	0	0	0	2.93349	1.15957	1.38733	2.78013	0	0	0	0	0	2.93982	1.27212	0	2.24202	0	0	1.1823	1.3426	1.98519	2.7025	2.89749	1.24725	2.10258	1.53857	2.68198	2.25725	0	1.55295	1.54158	0	0	2.84283	1.06447	0	2.09392	2.37847	2.1403	2.73553	1.75392	2.73586	0	0	0	0	0	0	0	0	1.01365	1.92614	2.0783	1.04214	0	1.80543	1.50338	1.25786	2.51396	2.66637	1.6003	1.18336	1.0231	0	0	0	1.63993	2.66338	-0.885456	-0.143492	0.875	19.9929
1.54844	1.92841	1.25564	2.76278	1.28456	1.44172	1.09052	0	1.93614	1.9253	1.37573	1.71762	2.14791	1.82335	1.15401	2.59662	1.71865	1.16845	2.85693	1.65361	0	0	0	0	0	2.80517	2.83799	1.6495	1.63602	0	0	0	0	2.1642	0	0	0	0	1.90884	0	0	0	0	0	2.47703	1.62744	0	2.20202	2.94012	2.08943	0	0	2.87369	1.34086	0	2.97147	1.35099	2.07091	2.5222	1.41914	2.20809	1.766	0	2.26092	0	0	0	1.23606	2.19842	2.13203	2.94061	2.25217	0	0	0	0	0	0	0	1.67528	0	0	1.08305	2.72696	2.66077	1.67412	1.28935	1.33845	0	1.209	2.5797	1.85958	1.27833	1.82754	1.17735	1.33877	0	0	0	0	0	0	0	0	0	1.74296	2.59596	2.9283	0	2.38999	2.09145	1.86878	2.55287	1.25797	2.98966	0	0	0	0	0	0	0	0	0	0	1.81783	1.72733	1.29478	1.87629	2.77838	1.15831	0	2.32393	2.58909	2.14751	2.86401	1.08114	1.47825	0	1.69423	2.47568	1.10287	2.76637	1.49011	1.00807	2.03959	1.01129	0	0	0	0	0	2.92354	0	0	0	0	0	0	1.96068	2.60002	1.44398	0	0	1.25663	0	0	2.0668	1.23534	0	0	0	0	0	0	0	0	0	0	0	0	0	0	1.55133	1.7718	1.58037	1.97987	0	0	0	0	0	0	2.59799	1.99976	0	0	0	0	0	2.36545	1.48969	2.64555	2.59332	0	0	0	1.08901	1.65252	1.93993	2.67168	1.91735	2.43122	2.17731	1.38617	1.35213	2.86685	0	0	0	0	0	1.31732	1.3975	2.09908	0	0	0	0	2.46529	2.09194	1.98401	2.53402	1.57974	2.14631	2.25757	2.6976	1.30536	2.61131	2.93596	1.67095	2.49675	1.77585	2.72772	2.58979	1.30484	0	2.04154	1.31552	0	1.3061	1.41983	0	0	2.9754	1.87594	0	0	0	0	0	0	0	0	0	0	0	1.502	1.4735	1.4152	2.76511	1.20959	0	0	0	0	0	0	2.88447	1.56137	1.8273	1.99663	0	1.47006	2.82871	2.14478	0	0	0	0	0	0	0	0	0	1.31809	1.90674	0	0	1.18704	2.65155	1.31689	2.61802	2.59977	2.8366	2.7185	2.12384	1.22837	2.33616	2.70291	1.75494	1.29332	0	0	0	0	1.49703	2.13054	1.46047	1.77339	1.06551	2.23224	2.81406	1.20498	1.46912	2.74697	1.657	2.49404	2.76473	2.18138	1.76838	0	0	0	0	0	0	0	1.62428	0	0	0	0	0	0	2.43376	1.48957	2.72372	1.36676	0	0	0	0	0	0	0	0	0	0	0	2.81388	1.63985	1.54425	1.17629	1.16745	1.90526	2.1608	1.93088	2.51028	1.04702	0	0	1.45686	1.73381	2.39558	0	0	0	0	0	0	0	2.41941	0	0	0	0	0	0	2.96092	0	2.51852	0	0	0	0	2.13652	1.50206	2.64963	1.61573	2.90366	0	0	0	1.07812	1.33219	1.0767	1.34949	2.07194	2.3124	2.98499	2.7315	1.04514	1.09397	0	0	0	0	0	0	0	0	0	0	0	0	0	0	2.93548	2.73082	2.95475	2.52042	1.50286	1.70768	2.23706	1.73054	2.59474	2.84522	2.09948	1.07975	2.37736	0	0	0	0	0	0	0	0	1.72678	2.20406	1.81681	1.96773	2.19061	2.35741	2.59865	1.22261	2.42795	1.62155	1.51214	1.52351	0	1.6214	0	1.78845	0	0	0	2.06654	2.5781	2.26716	2.24726	1.52354	2.85308	2.57422	0	0	0	0	0	0	0	0	0	0	0	0	0	0	0	2.88763	1.01691	2.12187	1.60907	1.71356	2.12962	1.85246	1.45582	1.84281	2.14356	1.08473	1.98461	2.18979	1.7095	2.36551	0	0	0	2.43907	2.0075	2.3164	1.04781	1.88894	2.79101	2.91102	1.88124	1.11116	2.5771	2.39009	1.67717	1.96894	2.52294	1.35201	1.89151	0	0	0	0	1.02418	2.59242	2.97042	2.78404	1.70442	1.428	2.90249	2.09887	2.47505	1.56956	0	0	0	0	1.40039	2.96778	0	0	0	0	0	0	0	0	0	0	0	0	0	0	0	0	0	0	0	0	0	0	0	0	0	0	1.2163	2.06192	1.89397	1.65332	1.59965	2.58515	1.0755	2.95059	1.00072	2.54794	0	0	0	0	0	1.39257	2.93349	1.15957	1.38733	2.78013	0	0	0	0	0	2.93982	1.27212	0	0	0	0	1.1823	1.3426	1.98519	2.7025	2.89749	1.24725	2.10258	1.53857	2.68198	2.25725	1.33245	1.55295	1.54158	0	0	2.84283	1.06447	0	2.09392	2.37847	2.1403	2.73553	1.75392	0	0	0	0	0	0	0	0	0	1.01365	1.92614	2.0783	1.04214	2.28195	1.80543	1.50338	1.25786	2.51396	2.66637	1.6003	1.18336	1.0231	0	0	0	1.63993	-0.822984	-0.104814	0.880952	18.4196
1.51725	1.54844	1.92841	1.25564	2.76278	1.28456	1.44172	1.09052	0	1.93614	1.9253	1.37573	1.71762	0	1.82335	1.15401	2.59662	1.71865	1.16845	2.85693	1.65361	0	0	0	0	0	0	2.83799	1.6495	1.63602	0	0	0	0	2.1642	0	0	0	0	0	0	0	0	0	0	2.47703	1.62744	0	2.20202	2.94012	2.08943	0	1.31023	2.87369	1.34086	0	2.97147	1.35099	2.07091	2.5222	1.41914	2.20809	1.766	0	2.26092	0	0	0	1.23606	2.19842	2.13203	2.94061	2.25217	0	0	0	0	0	1.07701	0	1.67528	0	0	1.08305	2.72696	2.66077	1.67412	1.28935	1.33845	0	1.209	2.11263	1.85958	1.27833	1.82754	1.17735	1.33877	0	0	0	0	0	0	0	0	0	1.74296	2.59596	2.9283	0	2.38999	2.09145	1.86878	2.55287	1.25797	2.98966	0	1.26226	0	0	0	0	0	0	0	0	1.81783	1.72733	1.29478	1.87629	2.34908	1.15831	0	2.32393	2.58909	2.14751	2.86401	1.08114	1.47825	0	1.69423	2.47568	1.10287	2.98852	1.49011	1.00807	2.03959	1.01129	0	0	0	0	0	2.92354	0	0	0	0	0	0	1.96068	2.60002	1.44398	0	0	1.25663	0	0	2.0668	0	0	0	0	0	0	0	0	0	0	0	0	0	0	0	1.55133	1.7718	1.58037	1.97987	0	0	0	0	0	0	2.59799	0	0	0	0	0	0	2.36545	1.48969	2.64555	2.59332	0	0	0	2.10698	1.65252	1.93993	2.67168	1.91735	2.43122	2.17731	1.38617	1.35213	2.86685	0	0	0	0	0	1.31732	1.3975	2.09908	0	0	0	0	2.46529	2.09194	1.98401	2.53402	0	2.14631	2.25757	2.6976	1.30536	2.61131	2.93596	1.67095	2.49675	1.77585	2.72772	2.58979	1.30484	1.57566	2.04154	1.31552	0	1.3061	1.41983	0	0	2.9754	1.87594	0	0	0	0	0	0	0	0	0	0	0	1.502	1.4735	1.4152	2.76511	1.20959	0	0	0	0	0	0	2.88447	1.56137	1.8273	1.99663	0	1.47006	2.82871	0	0	0	0	0	0	0	0	0	0	1.31809	1.90674	0	1.74546	1.18704	2.65155	1.31689	2.61802	2.59977	2.8366	2.7185	2.12384	1.22837	2.33616	2.70291	1.75494	0	0	0	0	0	1.49703	2.13054	1.46047	1.77339	1.06551	2.23224	2.81406	1.20498	2.67686	2.74697	1.657	2.49404	2.76473	2.18138	1.76838	0	0	0	0	0	0	1.14982	1.62428	0	0	0	0	0	0	2.43376	1.48957	2.72372	1.36676	0	0	0	0	0	0	0	0	0	0	0	2.81388	1.63985	1.54425	2.79001	1.16745	1.90526	2.1608	1.93088	2.51028	1.04702	0	0	1.45686	1.73381	2.39558	0	0	0	0	0	0	0	2.41941	0	0	0	0	0	0	2.40139	0	2.51852	0	0	0	0	2.13652	1.50206	2.64963	1.61573	2.90366	0	0	0	1.07812	1.33219	1.0767	1.34949	2.07194	2.3124	2.98499	2.7315	1.04514	1.09397	0	2.23153	0	0	0	0	0	0	0	0	0	0	0	0	0	2.73082	2.95475	2.52042	1.50286	1.70768	2.23706	1.73054	2.59474	2.84522	2.09948	1.07975	2.37736	0	0	0	0	0	0	0	0	1.72678	2.20406	1.81681	1.96773	2.19061	1.68202	2.59865	1.22261	2.42795	1.62155	1.51214	1.52351	0	1.6214	0	1.78845	0	0	2.46256	2.06654	2.5781	2.26716	2.24726	1.52354	2.85308	2.57422	0	0	0	0	0	0	0	0	0	0	0	0	0	0	0	2.88763	1.01691	2.12187	0	1.71356	2.12962	1.85246	1.45582	1.84281	2.14356	1.08473	1.98461	2.18979	1.7095	2.36551	0	0	0	2.43907	2.0075	2.3164	1.04781	1.88894	2.79101	2.91102	1.88124	1.11116	2.5771	2.39009	1.50478	1.96894	2.52294	1.35201	1.89151	0	0	0	0	1.02418	2.59242	2.97042	2.78404	1.91258	1.428	2.90249	2.09887	2.47505	1.56956	0	0	0	0	1.40039	2.96778	0	0	0	0	0	0	0	0	0	0	0	0	0	0	2.32236	0	0	0	0	0	0	0	0	0	0	0	1.2163	2.37538	1.89397	1.65332	1.59965	2.58515	1.0755	2.95059	1.00072	2.54794	0	0	0	0	2.44904	1.39257	2.93349	1.15957	1.38733	2.78013	0	0	0	0	0	2.93982	1.27212	0	0	0	0	1.1823	1.3426	1.98519	2.7025	2.89749	1.24725	2.10258	1.53857	2.68198	0	1.33245	1.55295	1.54158	0	0	2.84283	1.06447	0	2.09392	2.37847	2.1403	2.73553	0	0	0	0	0	0	0	0	0	0	1.01365	1.92614	2.0783	1.42233	2.28195	1.80543	1.50338	1.25786	2.51396	2.66637	1.6003	1.18336	1.0231	0	0	0	-0.748511	-0.0416568	0.886905	17.4528
0	1.51725	1.54844	1.92841	1.25564	2.76278	1.28456	1.44172	1.09052	0	1.93614	1.9253	1.37573	0	0	1.82335	1.15401	2.59662	1.71865	1.16845	2.85693	1.65361	0	0	0	0	1.75473	0	2.83799	1.6495	1.63602	0	0	0	0	2.1642	0	0	0	0	0	0	0	0	0	0	2.47703	1.62744	0	2.20202	2.94012	2.08943	1.40398	1.31023	2.87369	1.34086	0	2.97147	1.35099	2.07091	2.5222	1.41914	2.20809	1.766	0	2.54378	0	0	0	1.23606	2.19842	2.13203	2.94061	2.25217	0	0	0	0	2.34852	1.07701	0	1.67528	0	0	1.08305	2.72696	2.66077	1.67412	1.28935	1.33845	0	0	2.11263	1.85958	1.27833	1.82754	1.17735	1.33877	0	0	0	0	0	0	0	0	0	1.74296	2.59596	2.9283	0	2.38999	2.09145	1.86878	2.55287	1.25797	2.98966	2.50191	1.26226	0	0	0	0	0	0	0	0	1.81783	1.72733	1.29478	2.80824	2.34908	1.15831	0	2.32393	2.58909	2.14751	2.86401	1.08114	1.47825	0	1.69423	2.47568	1.37121	2.98852	1.49011	1.00807	2.03959	1.01129	0	0	0	0	0	2.92354	0	2.89543	0	0	0	0	1.96068	2.60002	1.44398	0	0	1.25663	0	0	0	0	0	0	0	0	0	0	0	0	0	0	0	0	0	0	1.55133	1.7718	1.58037	1.97987	0	0	0	0	0	0	1.53277	0	0	0	0	0	0	2.36545	1.48969	2.64555	2.59332	0	0	0	2.10698	1.65252	1.93993	2.67168	1.91735	2.43122	2.17731	1.38617	1.35213	2.86685	0	0	0	0	0	1.31732	1.3975	2.09908	0	0	0	0	2.46529	2.09194	1.98401	0	0	2.14631	2.25757	2.6976	1.30536	2.61131	2.93596	1.67095	2.49675	1.77585	2.72772	2.58979	2.5755	1.57566	2.04154	1.31552	0	1.3061	1.41983	0	0	2.9754	1.87594	0	0	1.61956	0	0	0	0	0	0	0	0	1.502	1.4735	1.4152	2.76511	2.26947	0	0	0	0	0	0	2.88447	1.56137	1.8273	1.99663	0	1.47006	0	0	0	0	0	0	0	0	0	0	0	1.31809	1.90674	1.67481	1.74546	1.18704	2.65155	1.31689	2.61802	2.59977	2.8366	2.7185	2.12384	1.22837	2.33616	2.70291	0	0	0	0	0	0	1.49703	2.13054	1.46047	1.77339	1.06551	2.23224	2.81406	1.7211	2.67686	2.74697	1.657	2.49404	2.76473	2.18138	1.76838	0	0	0	0	0	1.8796	1.14982	1.62428	0	0	0	0	0	0	2.43376	1.48957	2.72372	1.36676	2.23111	0	0	0	0	0	0	0	0	0	0	2.81388	1.63985	1.25365	2.79001	1.16745	1.90526	2.1608	1.93088	2.51028	1.04702	0	0	1.45686	1.73381	2.39558	0	0	0	0	0	0	0	2.41941	0	0	0	0	0	1.15255	2.40139	0	2.51852	0	0	0	0	2.13652	1.50206	2.64963	1.61573	2.90366	0	0	0	1.07812	1.33219	1.0767	1.34949	2.07194	2.3124	2.98499	2.7315	1.04514	1.09397	1.79123	2.23153	0	0	0	0	0	0	0	0	0	0	0	0	0	2.73082	2.95475	2.52042	1.50286	1.70768	2.23706	1.73054	2.59474	2.84522	2.09948	1.07975	0	0	0	0	0	0	0	0	0	1.72678	2.20406	1.81681	1.96773	0	1.68202	2.59865	1.22261	2.42795	1.62155	1.51214	1.52351	0	1.6214	0	1.78845	0	0	2.46256	2.06654	2.5781	2.26716	2.24726	1.52354	2.85308	2.57422	0	0	0	0	0	0	0	0	0	0	0	0	0	0	0	2.88763	1.01691	2.02085	0	1.71356	2.12962	1.85246	1.45582	1.84281	2.14356	1.08473	1.98461	2.18979	1.7095	2.36551	0	0	0	2.43907	2.0075	2.3164	1.04781	1.88894	2.79101	2.91102	1.88124	1.11116	2.5771	2.60722	1.50478	1.96894	2.52294	1.35201	1.89151	0	0	0	0	1.02418	2.59242	2.97042	2.01451	1.91258	1.428	2.90249	2.09887	2.47505	1.56956	0	0	0	0	1.40039	2.96778	0	0	0	0	0	0	0	0	0	0	0	0	0	1.45892	2.32236	0	0	0	0	0	0	0	0	0	0	0	0	2.37538	1.89397	1.65332	1.59965	2.58515	1.0755	2.95059	1.00072	2.54794	0	0	0	1.63318	2.44904	1.39257	2.93349	1.15957	1.38733	2.78013	0	0	0	0	0	2.93982	0	0	0	0	0	1.1823	1.3426	1.98519	2.7025	2.89749	1.24725	2.10258	1.53857	0	0	1.33245	1.55295	1.54158	0	0	2.84283	1.06447	0	2.09392	2.37847	2.1403	0	0	0	0	0	0	0	0	0	0	0	1.01365	1.92614	2.71832	1.42233	2.28195	1.80543	1.50338	1.25786	2.51396	2.66637	1.6003	1.18336	1.0231	0	0	-0.663123	-0.0810289	0.892857	18.5002
0	0	1.51725	1.54844	1.92841	1.25564	2.76278	1.28456	1.44172	1.09052	0	1.93614	1.9253	0	0	0	1.82335	1.15401	2.59662	1.71865	1.16845	2.85693	1.65361	0	0	0	2.70027	1.75473	0	2.83799	1.6495	1.63602	0	0	0	0	2.1642	0	0	0	0	0	0	0	0	0	0	2.47703	1.62744	0	2.20202	2.94012	1.03707	1.40398	1.31023	2.87369	1.34086	0	2.97147	1.35099	2.07091	2.5222	1.41914	2.20809	1.766	2.40275	2.54378	0	0	0	1.23606	2.19842	2.13203	2.94061	2.25217	0	0	0	2.25806	2.34852	1.07701	0	1.67528	0	0	1.08305	2.72696	2.66077	1.67412	1.28935	1.33845	1.29225	0	2.11263	1.85958	1.27833	1.82754	1.17735	1.33877	0	0	0	0	0	2.05351	0	0	0	1.74296	2.59596	2.9283	0	2.38999	2.09145	1.86878	2.55287	1.25797	1.60509	2.50191	1.26226	0	0	0	0	0	0	0	0	1.81783	1.72733	1.84505	2.80824	2.34908	1.15831	0	2.32393	2.58909	2.14751	2.86401	1.08114	1.47825	0	1.69423	1.50297	1.37121	2.98852	1.49011	1.00807	2.03959	1.01129	0	0	0	0	0	2.92354	0	2.89543	0	0	0	0	1.96068	2.60002	1.44398	0	0	1.25663	0	0	0	0	0	0	0	0	0	0	0	0	0	0	0	0	0	0	1.55133	1.7718	1.58037	1.97987	0	0	0	0	0	0	1.53277	0	0	0	0	0	0	2.36545	1.48969	2.64555	2.59332	0	1.53396	0	2.10698	1.65252	1.93993	2.67168	1.91735	2.43122	2.17731	1.38617	1.35213	2.86685	0	0	0	0	0	1.31732	1.3975	2.09908	0	0	0	0	2.46529	2.09194	0	0	0	2.14631	2.25757	2.6976	1.30536	2.61131	2.93596	1.67095	2.49675	1.77585	2.72772	1.33866	2.5755	1.57566	2.04154	1.31552	0	1.3061	1.41983	0	0	2.9754	1.87594	0	0	1.61956	0	0	0	0	0	0	0	0	1.502	1.4735	1.4152	1.28057	2.26947	0	0	0	0	0	0	2.88447	1.56137	1.8273	1.99663	0	0	0	0	0	0	0	0	0	0	0	0	0	1.31809	0	1.67481	1.74546	1.18704	2.65155	1.31689	2.61802	2.59977	2.8366	2.7185	2.12384	1.22837	2.33616	0	0	0	0	0	0	0	1.49703	2.13054	1.46047	1.77339	1.06551	2.23224	1.73686	1.7211	2.67686	2.74697	1.657	2.49404	2.76473	2.18138	1.76838	0	0	0	0	2.41151	1.8796	1.14982	1.62428	0	0	0	0	0	0	2.43376	1.48957	2.72372	2.066	2.23111	0	0	0	0	0	0	0	0	0	0	2.81388	1.19826	1.25365	2.79001	1.16745	1.90526	2.1608	1.93088	2.51028	1.04702	0	0	1.45686	1.73381	0	0	0	0	0	0	0	0	2.41941	0	0	0	0	1.1558	1.15255	2.40139	0	2.51852	0	0	0	0	2.13652	1.50206	2.64963	1.61573	0	0	0	0	1.07812	1.33219	1.0767	1.34949	2.07194	2.3124	2.98499	2.7315	1.04514	2.53942	1.79123	2.23153	0	0	0	0	0	0	0	0	0	0	2.0657	0	0	2.73082	2.95475	2.52042	1.50286	1.70768	2.23706	1.73054	2.59474	2.84522	2.09948	0	0	0	0	0	0	0	0	0	0	1.72678	2.20406	1.81681	0	0	1.68202	2.59865	1.22261	2.42795	1.62155	1.51214	1.52351	0	1.6214	0	1.78845	0	0	2.46256	2.06654	2.5781	2.26716	2.24726	1.52354	2.85308	2.57422	0	0	0	0	0	0	0	0	0	0	0	0	0	0	0	2.88763	1.59678	2.02085	0	1.71356	2.12962	1.85246	1.45582	1.84281	2.14356	1.08473	1.98461	2.18979	1.7095	0	0	0	0	2.43907	2.0075	2.3164	1.04781	1.88894	2.79101	2.91102	1.88124	1.11116	1.51264	2.60722	1.50478	1.96894	2.52294	1.35201	1.89151	0	0	0	0	1.02418	2.59242	2.28941	2.01451	1.91258	1.428	2.90249	2.09887	2.47505	1.56956	0	0	0	0	1.40039	0	0	0	0	0	0	0	0	0	0	0	0	0	0	1.45892	2.32236	0	0	0	0	0	0	0	0	0	0	1.13987	0	2.37538	1.89397	1.65332	1.59965	2.58515	1.0755	2.95059	1.00072	2.54794	0	0	2.76934	1.63318	2.44904	1.39257	2.93349	1.15957	1.38733	2.78013	0	0	0	0	0	0	0	0	0	0	0	1.1823	1.3426	1.98519	2.7025	2.89749	1.24725	2.10258	0	0	0	1.33245	1.55295	1.54158	0	0	2.84283	1.06447	0	2.09392	2.37847	0	0	0	0	0	0	0	0	0	0	0	0	1.01365	1.93336	2.71832	1.42233	2.28195	1.80543	1.50338	1.25786	2.51396	2.66637	1.6003	1.18336	1.0231	0	-0.568065	-0.12007	0.89881	18.8207
1.53263	0	0	1.51725	1.54844	1.92841	1.25564	2.76278	1.28456	1.44172	1.09052	0	1.93614	0	0	0	0	1.82335	1.15401	2.59662	1.71865	1.16845	2.85693	1.65361	0	0	0	2.70027	1.75473	0	2.83799	1.6495	1.63602	0	0	0	0	2.1642	0	0	0	0	0	0	0	0	0	0	2.47703	1.62744	0	2.20202	1.44081	1.03707	1.40398	1.31023	2.87369	1.34086	0	2.97147	1.35099	2.07091	2.5222	1.41914	2.20809	1.01709	2.40275	2.54378	0	0	0	1.23606	2.19842	2.13203	2.94061	2.25217	0	0	1.59449	2.25806	2.34852	1.07701	0	1.67528	0	0	1.08305	2.72696	2.66077	1.67412	1.28935	1.05207	1.29225	0	2.11263	1.85958	1.27833	1.82754	1.17735	1.33877	0	0	0	0	1.66183	2.05351	0	0	0	1.74296	2.59596	2.9283	0	2.38999	2.09145	1.86878	2.55287	0	1.60509	2.50191	1.26226	0	0	0	0	0	0	0	0	1.81783	0	1.84505	2.80824	2.34908	1.15831	0	2.32393	2.58909	2.14751	2.86401	1.08114	1.47825	0	0	1.50297	1.37121	2.98852	1.49011	1.00807	2.03959	1.01129	0	0	0	0	0	0	0	2.89543	0	0	0	0	1.96068	2.60002	1.44398	0	0	1.25663	0	0	0	0	0	0	0	0	0	0	0	0	0	0	0	0	0	0	1.55133	1.7718	1.58037	1.97987	0	0	0	0	0	0	1.53277	0	0	0	0	0	0	2.36545	1.48969	2.64555	2.59332	0	1.53396	0	2.10698	1.65252	1.93993	2.67168	1.91735	2.43122	2.17731	1.38617	1.35213	2.86685	0	0	0	0	0	1.31732	1.3975	2.09908	0	0	0	0	2.46529	0	0	0	0	2.14631	2.25757	2.6976	1.30536	2.61131	2.93596	1.67095	2.49675	1.77585	1.89612	1.33866	2.5755	1.57566	2.04154	1.31552	0	1.3061	1.41983	0	0	2.9754	1.87594	2.44038	0	1.61956	0	0	0	0	0	0	0	0	1.502	1.4735	0	1.28057	2.26947	0	0	0	0	0	0	2.88447	1.56137	1.8273	1.99663	0	0	0	0	0	0	0	0	0	0	0	0	0	0	0	1.67481	1.74546	1.18704	2.65155	1.31689	2.61802	2.59977	2.8366	2.7185	2.12384	1.22837	0	0	0	0	0	0	0	0	1.49703	2.13054	1.46047	1.77339	1.06551	1.30888	1.73686	1.7211	2.67686	2.74697	1.657	2.49404	2.76473	2.18138	1.76838	0	0	0	2.55542	2.41151	1.8796	1.14982	1.62428	0	0	0	0	0	0	2.43376	1.48957	0	2.066	2.23111	0	0	0	0	0	0	0	0	0	0	2.94549	1.19826	1.25365	2.79001	1.16745	1.90526	2.1608	1.93088	2.51028	1.04702	0	0	1.45686	0	0	0	0	0	0	0	0	0	2.41941	0	0	0	1.55343	1.1558	1.15255	2.40139	0	2.51852	0	0	0	0	2.13652	1.50206	2.64963	0	0	0	0	0	1.07812	1.33219	1.0767	1.34949	2.07194	2.3124	2.98499	2.7315	1.58172	2.53942	1.79123	2.23153	0	0	0	0	0	0	0	0	0	2.39923	2.0657	0	0	2.73082	2.95475	2.52042	1.50286	1.70768	2.23706	1.73054	2.59474	2.84522	0	0	0	0	0	0	0	0	0	0	0	1.72678	2.20406	0	0	0	1.68202	2.59865	1.22261	2.42795	1.62155	1.51214	1.52351	0	1.6214	0	0	0	0	2.46256	2.06654	2.5781	2.26716	2.24726	1.52354	2.85308	2.57422	0	0	0	0	0	0	0	0	0	0	0	0	0	0	0	1.67482	1.59678	2.02085	0	1.71356	2.12962	1.85246	1.45582	1.84281	2.14356	1.08473	1.98461	2.18979	2.60369	0	0	0	0	2.43907	2.0075	2.3164	1.04781	1.88894	2.79101	2.91102	1.88124	1.41721	1.51264	2.60722	1.50478	1.96894	2.52294	1.35201	1.89151	0	0	0	0	1.02418	1.54599	2.28941	2.01451	1.91258	1.428	2.90249	2.09887	2.47505	1.56956	0	0	0	0	0	0	0	0	0	0	0	0	0	0	0	0	0	0	0	1.45892	2.32236	0	0	0	0	0	0	0	0	0	2.67259	1.13987	0	2.37538	1.89397	1.65332	1.59965	2.58515	1.0755	2.95059	1.00072	2.54794	0	1.18996	2.76934	1.63318	2.44904	1.39257	2.93349	1.15957	1.38733	2.78013	0	0	0	0	0	0	0	0	0	0	0	1.1823	1.3426	1.98519	2.7025	2.89749	1.24725	0	0	0	0	1.33245	1.55295	1.54158	0	0	2.84283	1.06447	0	2.09392	0	0	0	0	0	0	0	0	0	0	0	0	0	1.00995	1.93336	2.71832	1.42233	2.28195	1.80543	1.50338	1.25786	2.51396	2.66637	1.6003	1.18336	1.0231	-0.464723	-0.0421655	0.904762	16.919
1.09941	1.53263	0	0	1.51725	1.54844	1.92841	1.25564	2.76278	1.28456	1.44172	1.09052	0	0	0	0	0	0	1.82335	1.15401	2.59662	1.71865	1.16845	2.85693	1.65361	0	0	0	2.70027	1.75473	0	2.83799	1.6495	1.63602	0	0	0	0	2.1642	0	0	0	0	0	0	0	0	0	0	2.47703	1.62744	0	2.39742	1.44081	1.03707	1.40398	1.31023	2.87369	1.34086	0	2.97147	1.35099	2.07091	2.5222	1.41914	2.72701	1.01709	2.40275	2.54378	0	0	0	1.23606	2.19842	2.13203	2.94061	2.25217	0	2.43741	1.59449	2.25806	2.34852	1.07701	0	1.67528	0	0	1.08305	2.72696	2.66077	1.67412	1.07795	1.05207	1.29225	0	2.11263	1.85958	1.27833	1.82754	1.17735	1.33877	0	0	0	2.55671	1.66183	2.05351	0	0	0	1.74296	2.59596	2.9283	0	2.38999	2.09145	1.86878	0	0	1.60509	2.50191	1.26226	0	0	0	0	0	0	0	0	0	0	1.84505	2.80824	2.34908	1.15831	0	2.32393	2.58909	2.14751	2.86401	1.08114	1.47825	1.10192	0	1.50297	1.37121	2.98852	1.49011	1.00807	2.03959	1.01129	0	0	0	0	0	0	0	2.89543	0	0	0	0	1.96068	2.60002	1.44398	0	0	1.64387	0	0	0	0	0	0	0	0	0	0	0	0	0	0	0	0	0	0	1.55133	1.7718	1.58037	1.97987	0	0	0	0	0	0	1.53277	0	0	0	0	0	0	2.36545	1.48969	2.64555	0	0	1.53396	0	2.10698	1.65252	1.93993	2.67168	1.91735	2.43122	2.17731	1.38617	1.35213	0	0	0	0	0	0	1.31732	1.3975	2.09908	0	0	0	0	0	0	0	0	0	2.14631	2.25757	2.6976	1.30536	2.61131	2.93596	1.67095	2.49675	1.45629	1.89612	1.33866	2.5755	1.57566	2.04154	1.31552	0	1.3061	1.41983	0	0	2.9754	1.66584	2.44038	0	1.61956	0	0	0	0	0	0	0	0	1.502	0	0	1.28057	2.26947	0	0	0	0	0	0	2.88447	1.56137	1.8273	0	0	0	0	0	0	0	0	0	0	0	0	0	0	0	0	1.67481	1.74546	1.18704	2.65155	1.31689	2.61802	2.59977	2.8366	2.7185	2.12384	0	0	0	0	0	0	0	0	0	1.49703	2.13054	1.46047	1.77339	2.3126	1.30888	1.73686	1.7211	2.67686	2.74697	1.657	2.49404	2.76473	2.18138	1.76838	0	0	1.14719	2.55542	2.41151	1.8796	1.14982	1.62428	0	0	0	0	0	0	2.43376	0	0	2.066	2.23111	0	0	0	0	0	0	0	0	0	1.75064	2.94549	1.19826	1.25365	2.79001	1.16745	1.90526	2.1608	1.93088	2.51028	1.04702	0	0	1.14355	0	0	0	0	0	0	0	0	0	2.41941	0	0	2.16338	1.55343	1.1558	1.15255	2.40139	0	2.51852	0	0	0	0	2.13652	1.50206	0	0	0	0	0	0	1.07812	1.33219	1.0767	1.34949	2.07194	2.3124	2.98499	1.04466	1.58172	2.53942	1.79123	2.23153	0	0	0	0	0	0	0	0	2.6887	2.39923	2.0657	0	0	2.73082	2.95475	2.52042	1.50286	1.70768	2.23706	1.73054	2.59474	0	0	0	0	0	0	0	0	0	0	0	0	1.72678	0	0	0	0	1.68202	2.59865	1.22261	2.42795	1.62155	1.51214	1.52351	0	1.6214	1.55737	0	0	0	2.46256	2.06654	2.5781	2.26716	2.24726	1.52354	2.85308	2.57422	0	0	0	0	0	0	0	0	0	0	0	0	0	0	1.46826	1.67482	1.59678	2.02085	0	1.71356	2.12962	1.85246	1.45582	1.84281	2.14356	1.08473	1.98461	0	2.60369	0	0	0	0	2.43907	2.0075	2.3164	1.04781	1.88894	2.79101	2.91102	0	1.41721	1.51264	2.60722	1.50478	1.96894	2.52294	1.35201	1.89151	0	0	0	0	1.49511	1.54599	2.28941	2.01451	1.91258	1.428	2.90249	2.09887	2.47505	1.56956	0	0	0	0	0	0	0	0	0	0	0	0	0	0	0	0	0	0	0	1.45892	2.32236	0	0	0	0	0	0	0	0	2.21432	2.67259	1.13987	0	2.37538	1.89397	1.65332	1.59965	2.58515	1.0755	2.95059	1.00072	2.54794	1.31956	1.18996	2.76934	1.63318	2.44904	1.39257	2.93349	1.15957	1.38733	2.78013	0	0	0	0	0	0	0	0	0	0	0	1.1823	1.3426	1.98519	2.7025	2.89749	0	0	0	0	0	1.33245	1.55295	1.54158	0	0	2.84283	1.06447	0	0	0	0	0	0	0	0	0	0	0	0	0	0	1.70257	1.00995	1.93336	2.71832	1.42233	2.28195	1.80543	1.50338	1.25786	2.51396	2.66637	1.6003	1.18336	-0.354605	-0.0319846	0.910714	17.1352
2.18087	1.09941	1.53263	0	0	1.51725	1.54844	1.92841	1.25564	2.76278	1.28456	1.44172	1.09052	0	0	0	0	0	0	1.82335	1.15401	2.59662	1.71865	1.16845	2.85693	1.65361	0	0	0	2.70027	1.75473	0	2.83799	1.6495	1.63602	0	0	0	0	1.52627	0	0	0	0	0	0	0	0	0	0	2.47703	1.62744	2.22924	2.39742	1.44081	1.03707	1.40398	1.31023	2.87369	1.34086	0	2.97147	1.35099	2.07091	2.5222	2.84903	2.72701	1.01709	2.40275	2.54378	0	0	0	1.23606	2.19842	2.13203	2.94061	2.25217	2.81065	2.43741	1.59449	2.25806	2.34852	1.07701	0	1.67528	0	0	1.08305	2.72696	2.66077	2.85222	1.07795	1.05207	1.29225	0	2.11263	1.85958	1.27833	1.82754	1.17735	1.33877	0	0	1.53686	2.55671	1.66183	2.05351	0	0	0	1.74296	2.59596	2.9283	0	2.38999	2.09145	0	0	0	1.60509	2.50191	1.26226	0	0	0	0	0	0	0	0	0	0	1.84505	2.80824	2.34908	1.15831	0	2.32393	2.58909	2.14751	2.86401	1.08114	2.72019	1.10192	0	1.50297	1.37121	2.98852	1.49011	1.00807	2.03959	1.01129	0	0	0	0	0	0	0	2.89543	0	0	0	0	1.96068	2.60002	1.44398	0	1.41976	1.64387	0	0	0	0	0	0	0	0	0	0	0	0	0	0	0	0	0	0	1.55133	1.7718	1.58037	1.97987	0	0	0	0	0	0	1.53277	0	0	0	0	0	0	2.36545	1.48969	0	0	0	1.53396	0	2.10698	1.65252	1.93993	2.67168	1.91735	2.43122	2.17731	1.38617	0	0	0	0	0	0	0	1.31732	1.3975	2.09908	0	0	0	2.25398	0	0	0	0	0	2.14631	2.25757	2.6976	1.30536	2.61131	2.93596	1.67095	0	1.45629	1.89612	1.33866	2.5755	1.57566	2.04154	1.31552	0	1.3061	1.41983	0	0	1.93015	1.66584	2.44038	0	1.61956	0	0	0	0	0	0	0	0	0	0	0	1.28057	2.26947	0	0	0	0	0	0	2.88447	1.56137	0	0	0	0	0	0	0	0	0	0	0	0	0	0	0	0	0	1.67481	1.74546	1.18704	2.65155	1.31689	2.61802	2.59977	2.8366	2.7185	0	0	0	0	0	0	0	0	0	0	1.49703	2.13054	1.46047	0	2.3126	1.30888	1.73686	1.7211	2.67686	2.74697	1.657	2.49404	2.76473	2.18138	1.76838	0	2.25988	1.14719	2.55542	2.41151	1.8796	1.14982	1.62428	0	0	0	0	0	0	0	0	0	2.066	2.23111	0	0	0	0	0	0	0	0	1.26827	1.75064	2.94549	1.19826	1.25365	2.79001	1.16745	1.90526	2.1608	1.93088	2.51028	1.04702	0	2.54894	1.14355	0	0	0	0	0	0	0	0	0	2.41941	0	2.23467	2.16338	1.55343	1.1558	1.15255	2.40139	0	2.51852	0	0	0	0	2.13652	2.50554	0	0	0	0	0	0	1.07812	1.33219	1.0767	1.34949	2.07194	2.3124	2.34039	1.04466	1.58172	2.53942	1.79123	2.23153	0	0	0	0	0	0	0	1.04295	2.6887	2.39923	2.0657	0	0	2.73082	2.95475	2.52042	1.50286	1.70768	2.23706	1.73054	1.56335	0	0	0	0	0	0	0	0	0	0	0	0	0	0	0	0	0	1.68202	2.59865	1.22261	2.42795	1.62155	1.51214	1.52351	0	1.13572	1.55737	0	0	0	2.46256	2.06654	2.5781	2.26716	2.24726	1.52354	2.85308	2.57422	0	0	0	0	0	0	0	0	0	0	0	0	0	2.08811	1.46826	1.67482	1.59678	2.02085	0	1.71356	2.12962	1.85246	1.45582	1.84281	2.14356	1.08473	0	0	2.60369	0	0	0	0	2.43907	2.0075	2.3164	1.04781	1.88894	2.79101	0	0	1.41721	1.51264	2.60722	1.50478	1.96894	2.52294	1.35201	1.89151	0	0	0	2.56475	1.49511	1.54599	2.28941	2.01451	1.91258	1.428	2.90249	2.09887	2.47505	1.56956	0	0	0	0	0	0	0	0	0	0	0	0	0	0	0	0	0	0	0	1.45892	2.32236	0	0	0	0	0	0	0	0	2.21432	2.67259	1.13987	0	2.37538	1.89397	1.65332	1.59965	2.58515	1.0755	2.95059	1.00072	0	1.31956	1.18996	2.76934	1.63318	2.44904	1.39257	2.93349	1.15957	1.38733	2.78013	0	0	0	0	0	0	0	0	0	0	0	1.1823	1.3426	1.98519	2.7025	0	0	0	0	0	0	1.33245	1.55295	1.54158	0	0	2.84283	1.06447	1.61432	0	0	0	0	0	0	0	0	0	0	0	0	0	1.70257	1.00995	1.93336	2.71832	1.42233	2.28195	1.80543	1.50338	1.25786	2.51396	2.66637	1.6003	-0.239316	-0.0716227	0.916667	18.399
1.20601	2.18087	1.09941	1.53263	0	0	1.51725	1.54844	1.92841	1.25564	2.76278	1.28456	1.44172	2.68244	0	0	0	0	0	0	1.82335	1.15401	2.59662	1.71865	1.16845	2.85693	0	0	0	0	2.70027	1.75473	0	2.83799	1.6495	1.63602	0	0	0	2.59842	1.52627	0	0	0	0	0	0	0	0	0	0	2.47703	1.43334	2.22924	2.39742	1.44081	1.03707	1.40398	1.31023	2.87369	1.34086	0	2.97147	1.35099	2.07091	0	2.84903	2.72701	1.01709	2.40275	2.54378	0	0	0	1.23606	2.19842	2.13203	2.94061	2.42985	2.81065	2.43741	1.59449	2.25806	2.34852	1.07701	0	1.67528	0	0	1.08305	2.72696	1.17544	2.85222	1.07795	1.05207	1.29225	0	2.11263	1.85958	1.27833	1.82754	1.17735	1.33877	0	0	1.53686	2.55671	1.66183	2.05351	0	0	0	1.74296	2.59596	2.9283	0	2.38999	0	0	0	0	1.60509	2.50191	1.26226	0	0	0	0	0	0	0	0	0	0	1.84505	2.80824	2.34908	1.15831	0	2.32393	2.58909	2.14751	2.86401	2.13435	2.72019	1.10192	0	1.50297	1.37121	2.98852	1.49011	1.00807	2.03959	1.01129	0	0	0	0	0	0	0	2.89543	0	0	0	0	1.96068	2.60002	1.44398	1.34201	1.41976	1.64387	0	0	0	0	0	0	0	0	0	0	0	0	0	0	0	0	0	0	1.55133	1.7718	1.58037	1.97987	0	0	0	0	0	0	1.53277	0	0	0	0	0	0	2.36545	0	0	0	0	1.53396	0	2.10698	1.65252	1.93993	2.67168	1.91735	2.43122	2.17731	0	0	0	0	0	0	0	0	1.31732	1.3975	2.09908	0	0	0	2.25398	0	0	0	0	0	2.14631	2.25757	2.6976	1.30536	2.61131	2.93596	0	0	1.45629	1.89612	1.33866	2.5755	1.57566	2.04154	1.31552	0	1.3061	1.41983	0	2.56281	1.93015	1.66584	2.44038	0	1.61956	0	0	0	0	0	0	0	0	0	0	0	1.28057	2.26947	0	0	0	0	0	0	2.88447	1.87236	0	0	0	0	0	0	0	0	0	0	0	0	0	0	0	0	0	1.67481	1.74546	1.18704	2.65155	1.31689	2.61802	2.59977	2.8366	0	0	0	0	0	0	0	0	0	0	0	1.49703	2.13054	0	0	2.3126	1.30888	1.73686	1.7211	2.67686	2.74697	1.657	2.49404	2.76473	2.18138	1.76838	2.60435	2.25988	1.14719	2.55542	2.41151	1.8796	1.14982	1.62428	0	0	0	0	0	0	0	0	0	2.066	2.23111	0	0	0	0	0	0	0	2.09039	1.26827	1.75064	2.94549	1.19826	1.25365	2.79001	1.16745	1.90526	2.1608	1.93088	2.51028	1.04702	1.57049	2.54894	1.14355	0	0	0	0	0	0	0	0	0	2.41941	2.92886	2.23467	2.16338	1.55343	1.1558	1.15255	2.40139	0	2.51852	0	0	0	0	1.89724	2.50554	0	0	0	0	0	0	1.07812	1.33219	1.0767	1.34949	2.07194	2.91372	2.34039	1.04466	1.58172	2.53942	1.79123	2.23153	0	0	0	0	0	0	1.45137	1.04295	2.6887	2.39923	2.0657	0	0	2.73082	2.95475	2.52042	1.50286	1.70768	2.23706	2.19249	1.56335	0	0	0	0	0	0	0	0	0	0	0	0	0	0	0	0	0	1.68202	2.59865	1.22261	2.42795	1.62155	1.51214	1.52351	2.19417	1.13572	1.55737	0	0	0	2.46256	2.06654	2.5781	2.26716	2.24726	1.52354	2.85308	1.54637	0	0	0	0	0	0	0	0	0	0	0	0	2.8746	2.08811	1.46826	1.67482	1.59678	2.02085	0	1.71356	2.12962	1.85246	1.45582	1.84281	2.14356	2.86527	0	0	2.60369	0	0	0	0	2.43907	2.0075	2.3164	1.04781	1.88894	2.59072	0	0	1.41721	1.51264	2.60722	1.50478	1.96894	2.52294	1.35201	1.89151	0	0	1.60666	2.56475	1.49511	1.54599	2.28941	2.01451	1.91258	1.428	2.90249	2.09887	2.47505	1.56956	0	0	0	0	0	0	0	0	0	0	0	0	0	0	0	0	0	0	0	1.45892	2.32236	0	0	0	0	0	0	0	0	2.21432	2.67259	1.13987	0	2.37538	1.89397	1.65332	1.59965	2.58515	1.0755	2.95059	1.8219	0	1.31956	1.18996	2.76934	1.63318	2.44904	1.39257	2.93349	1.15957	1.38733	2.78013	0	0	0	0	0	0	0	0	0	0	0	1.1823	1.3426	1.98519	0	0	0	0	0	0	0	1.33245	1.55295	1.54158	0	0	2.84283	0	1.61432	0	0	0	0	0	0	0	0	0	0	0	0	0	1.70257	1.00995	1.93336	2.71832	1.42233	2.28195	1.80543	1.50338	1.25786	2.51396	2.66637	-0.120537	-0.0134559	0.922619	18.0352
0	1.20601	2.18087	1.09941	1.53263	0	0	1.51725	1.54844	1.92841	1.25564	2.76278	1.28456	2.87551	2.68244	0	0	0	0	0	0	1.82335	1.15401	2.59662	1.71865	1.16845	0	0	0	0	0	2.70027	1.75473	0	2.83799	1.6495	1.63602	0	0	1.87569	2.59842	1.52627	0	0	0	0	0	0	0	0	0	0	2.99342	1.43334	2.22924	2.39742	1.44081	1.03707	1.40398	1.31023	2.87369	1.34086	0	2.97147	1.35099	0	0	2.84903	2.72701	1.01709	2.40275	2.54378	0	0	0	1.23606	2.19842	2.13203	1.47779	2.42985	2.81065	2.43741	1.59449	2.25806	2.34852	1.07701	0	1.67528	0	0	1.08305	1.47899	1.17544	2.85222	1.07795	1.05207	1.29225	0	2.11263	1.85958	1.27833	1.82754	1.17735	1.33877	2.75106	0	1.53686	2.55671	1.66183	2.05351	0	0	0	1.74296	2.59596	2.9283	0	1.35147	0	0	0	0	1.60509	2.50191	1.26226	0	0	0	0	0	2.77976	0	0	0	0	1.84505	2.80824	2.34908	1.15831	0	2.32393	2.58909	2.14751	2.91241	2.13435	2.72019	1.10192	0	1.50297	1.37121	2.98852	1.49011	1.00807	2.03959	1.01129	0	0	0	0	0	0	0	2.89543	0	0	0	0	1.96068	2.60002	2.7052	1.34201	1.41976	1.64387	0	0	0	0	0	0	0	0	0	1.03914	0	0	0	0	0	0	0	0	1.55133	1.7718	1.58037	1.97987	0	0	0	0	0	0	1.53277	0	0	0	0	0	0	0	0	0	0	0	1.53396	0	2.10698	1.65252	1.93993	2.67168	1.91735	2.43122	0	0	0	0	0	0	0	0	0	1.31732	1.3975	2.09908	0	0	0	2.25398	0	0	0	0	0	2.14631	2.25757	2.6976	1.30536	2.61131	0	0	0	1.45629	1.89612	1.33866	2.5755	1.57566	2.04154	1.31552	0	1.3061	1.41983	1.39556	2.56281	1.93015	1.66584	2.44038	0	1.61956	0	0	0	0	0	0	1.85255	0	0	0	0	1.28057	2.26947	0	0	0	0	0	0	0	1.87236	0	0	0	0	0	0	0	0	0	0	0	0	0	0	0	0	0	1.67481	1.74546	1.18704	2.65155	1.31689	2.61802	2.59977	0	0	0	0	0	0	0	0	0	0	0	0	1.49703	0	0	0	2.3126	1.30888	1.73686	1.7211	2.67686	2.74697	1.657	2.49404	2.76473	2.18138	1.63198	2.60435	2.25988	1.14719	2.55542	2.41151	1.8796	1.14982	1.62428	0	0	0	0	0	0	0	0	0	2.066	2.23111	0	0	0	0	0	0	0	2.09039	1.26827	1.75064	2.94549	1.19826	1.25365	2.79001	1.16745	1.90526	2.1608	1.93088	2.51028	2.39477	1.57049	2.54894	1.14355	0	0	0	0	0	0	0	0	0	2.31709	2.92886	2.23467	2.16338	1.55343	1.1558	1.15255	2.40139	0	2.51852	0	0	0	2.49489	1.89724	2.50554	0	0	0	0	0	0	1.07812	1.33219	1.0767	1.34949	1.61043	2.91372	2.34039	1.04466	1.58172	2.53942	1.79123	2.23153	0	0	0	0	0	1.34934	1.45137	1.04295	2.6887	2.39923	2.0657	0	0	2.73082	2.95475	2.52042	1.50286	1.70768	0	2.19249	1.56335	0	0	0	0	0	0	0	0	0	0	0	0	0	0	0	0	0	1.68202	2.59865	1.22261	2.42795	1.62155	1.51214	2.78562	2.19417	1.13572	1.55737	0	0	0	2.46256	2.06654	2.5781	2.26716	2.24726	1.52354	0	1.54637	0	0	0	0	0	0	0	0	0	0	0	0	2.8746	2.08811	1.46826	1.67482	1.59678	2.02085	0	1.71356	2.12962	1.85246	1.45582	1.84281	1.44155	2.86527	0	0	2.60369	0	0	0	0	2.43907	2.0075	2.3164	1.04781	0	2.59072	0	0	1.41721	1.51264	2.60722	1.50478	1.96894	2.52294	1.35201	1.89151	0	2.77022	1.60666	2.56475	1.49511	1.54599	2.28941	2.01451	1.91258	1.428	2.90249	2.09887	2.47505	1.56956	0	0	0	0	0	0	0	0	0	0	0	0	0	0	0	0	0	0	0	1.45892	2.32236	0	0	0	0	0	2.33201	0	0	2.21432	2.67259	1.13987	0	2.37538	1.89397	1.65332	1.59965	2.58515	1.0755	2.97789	1.8219	0	1.31956	1.18996	2.76934	1.63318	2.44904	1.39257	2.93349	1.15957	1.38733	2.78013	0	0	0	0	0	0	0	0	0	0	0	1.1823	1.3426	0	0	0	0	0	0	0	0	1.33245	1.55295	1.54158	0	0	0	0	1.61432	0	0	0	0	0	0	0	0	0	0	0	0	0	1.70257	1.00995	1.93336	2.71832	1.42233	2.28195	1.80543	1.50338	1.25786	2.51396	0	-0.0782721	0.928571	19.6391
0	0	1.20601	2.18087	1.09941	1.53263	0	0	1.51725	1.54844	1.92841	1.25564	2.76278	1.10228	2.87551	2.68244	0	0	0	0	0	0	1.82335	1.15401	2.59662	1.71865	0	0	0	0	0	0	2.70027	1.75473	0	2.83799	1.6495	1.63602	0	2.21967	1.87569	2.59842	1.52627	0	0	0	0	0	0	0	0	0	1.02585	2.99342	1.43334	2.22924	2.39742	1.44081	1.03707	1.40398	1.31023	2.87369	1.34086	0	2.97147	2.37843	0	0	2.84903	2.72701	1.01709	2.40275	2.54378	0	0	0	1.23606	2.19842	1.97456	1.47779	2.42985	2.81065	2.43741	1.59449	2.25806	2.34852	1.07701	0	1.67528	0	0	2.18959	1.47899	1.17544	2.85222	1.07795	1.05207	1.29225	0	2.11263	1.85958	1.27833	1.82754	1.17735	0	2.75106	0	1.53686	2.55671	1.66183	2.05351	0	0	0	1.74296	2.59596	2.9283	1.04557	1.35147	0	0	0	0	1.60509	2.50191	1.26226	0	0	0	0	2.94319	2.77976	0	0	0	0	1.84505	2.80824	2.34908	1.15831	0	2.32393	2.58909	2.13822	2.91241	2.13435	2.72019	1.10192	0	1.50297	1.37121	2.98852	1.49011	1.00807	2.03959	1.01129	0	0	0	0	0	0	0	2.89543	0	0	0	0	1.96068	2.35382	2.7052	1.34201	1.41976	1.64387	0	0	0	0	0	0	0	0	2.92444	1.03914	0	0	0	0	0	0	0	0	1.55133	1.7718	1.58037	0	0	0	0	0	0	0	1.53277	0	0	0	0	0	0	0	0	0	0	0	1.53396	0	2.10698	1.65252	1.93993	2.67168	1.91735	0	0	0	0	0	0	0	0	0	0	1.31732	1.3975	2.09908	0	0	0	2.25398	0	0	0	0	0	2.14631	2.25757	2.6976	1.30536	0	0	0	0	1.45629	1.89612	1.33866	2.5755	1.57566	2.04154	1.31552	0	1.3061	1.51056	1.39556	2.56281	1.93015	1.66584	2.44038	0	1.61956	0	0	0	0	0	1.1691	1.85255	0	0	0	0	1.28057	2.26947	0	0	0	0	0	0	0	1.87236	0	0	0	0	0	0	0	0	0	0	0	0	0	0	0	0	0	1.67481	1.74546	1.18704	2.65155	1.31689	2.61802	0	0	0	0	0	0	0	0	0	0	0	0	0	0	0	0	0	2.3126	1.30888	1.73686	1.7211	2.67686	2.74697	1.657	2.49404	2.76473	2.69227	1.63198	2.60435	2.25988	1.14719	2.55542	2.41151	1.8796	1.14982	1.62428	0	0	0	0	0	0	0	0	0	2.066	2.23111	0	0	0	0	0	0	0	2.09039	1.26827	1.75064	2.94549	1.19826	1.25365	2.79001	1.16745	1.90526	2.1608	1.93088	1.5208	2.39477	1.57049	2.54894	1.14355	0	0	0	0	0	0	0	0	1.30835	2.31709	2.92886	2.23467	2.16338	1.55343	1.1558	1.15255	2.40139	0	2.51852	0	0	2.42797	2.49489	1.89724	2.50554	0	0	0	0	0	0	1.07812	1.33219	1.0767	0	1.61043	2.91372	2.34039	1.04466	1.58172	2.53942	1.79123	2.23153	0	0	0	0	2.24338	1.34934	1.45137	1.04295	2.6887	2.39923	2.0657	0	0	2.73082	2.95475	2.52042	1.50286	0	0	2.19249	1.56335	0	0	0	0	0	0	0	0	0	2.61942	0	0	0	0	0	0	0	1.68202	2.59865	1.22261	2.42795	1.62155	2.82861	2.78562	2.19417	1.13572	1.55737	0	0	0	2.46256	2.06654	2.5781	2.26716	2.24726	0	0	1.54637	0	0	0	0	0	0	0	0	0	0	0	0	2.8746	2.08811	1.46826	1.67482	1.59678	2.02085	0	1.71356	2.12962	1.85246	1.45582	2.34432	1.44155	2.86527	0	0	2.60369	0	0	0	0	2.43907	2.0075	2.3164	0	0	2.59072	0	0	1.41721	1.51264	2.60722	1.50478	1.96894	2.52294	1.35201	1.89151	2.93415	2.77022	1.60666	2.56475	1.49511	1.54599	2.28941	2.01451	1.91258	1.428	2.90249	2.09887	2.47505	0	0	0	0	0	0	0	0	0	0	0	0	0	0	0	0	0	0	0	0	1.45892	2.32236	0	0	0	0	2.70065	2.33201	0	0	2.21432	2.67259	1.13987	0	2.37538	1.89397	1.65332	1.59965	2.58515	1.68524	2.97789	1.8219	0	1.31956	1.18996	2.76934	1.63318	2.44904	1.39257	2.93349	1.15957	1.38733	1.55405	0	0	0	0	0	0	0	0	0	0	0	1.1823	0	0	0	0	0	0	0	0	0	1.33245	1.55295	1.54158	0	0	0	0	1.61432	0	0	0	0	0	0	0	0	0	0	0	0	0	1.70257	1.00995	1.93336	2.71832	1.42233	2.28195	1.80543	1.50338	1.25786	0.120537	-0.0290623	0.934524	19.0616
0	0	0	1.20601	2.18087	1.09941	1.53263	0	0	1.51725	1.54844	1.92841	1.25564	1.20638	1.10228	2.87551	2.68244	0	0	0	0	0	0	1.82335	1.15401	2.59662	0	0	0	0	0	0	0	2.70027	1.75473	0	2.83799	1.6495	1.63602	2.9058	2.21967	1.87569	2.59842	1.52627	0	0	0	0	0	0	0	0	1.78282	1.02585	2.99342	1.43334	2.22924	2.39742	1.44081	1.03707	1.40398	1.31023	2.87369	1.34086	0	0	2.37843	0	0	2.84903	2.72701	1.01709	2.40275	2.54378	0	0	0	1.23606	2.72928	1.97456	1.47779	2.42985	2.81065	2.43741	1.59449	2.25806	2.34852	1.07701	0	1.67528	0	2.94339	2.18959	1.47899	1.17544	2.85222	1.07795	1.05207	1.29225	0	2.11263	1.85958	1.27833	1.82754	0	0	2.75106	0	1.53686	2.55671	1.66183	2.05351	0	0	0	1.74296	2.59596	2.59406	1.04557	1.35147	0	0	0	0	1.60509	2.50191	1.26226	0	0	0	2.06268	2.94319	2.77976	0	0	0	0	1.84505	2.80824	2.34908	1.15831	0	2.32393	2.8262	2.13822	2.91241	2.13435	2.72019	1.10192	0	1.50297	1.37121	2.98852	1.49011	1.00807	2.03959	0	0	0	0	0	0	0	0	2.89543	0	0	0	0	2.54765	2.35382	2.7052	1.34201	1.41976	1.64387	0	0	0	0	0	0	0	1.4183	2.92444	1.03914	0	0	0	0	0	0	0	0	1.55133	1.7718	0	0	0	0	0	0	0	0	1.53277	0	0	0	0	2.95033	0	0	0	0	0	0	1.53396	0	2.10698	1.65252	1.93993	2.67168	0	0	0	0	0	0	0	0	0	0	0	1.31732	1.3975	0	0	0	0	2.25398	0	0	0	0	0	2.14631	2.25757	2.6976	0	0	0	0	0	1.45629	1.89612	1.33866	2.5755	1.57566	2.04154	1.31552	0	2.24273	1.51056	1.39556	2.56281	1.93015	1.66584	2.44038	0	1.61956	0	0	0	0	0	1.1691	1.85255	0	0	0	0	1.28057	2.26947	0	0	0	0	0	0	0	1.87236	0	0	0	0	0	0	0	0	0	0	0	0	0	0	0	0	0	1.67481	1.74546	1.18704	2.65155	1.31689	0	0	0	0	0	0	0	0	0	0	0	0	0	0	0	0	0	0	2.3126	1.30888	1.73686	1.7211	2.67686	2.74697	1.657	2.49404	1.11889	2.69227	1.63198	2.60435	2.25988	1.14719	2.55542	2.41151	1.8796	1.14982	1.62428	0	0	0	0	0	0	0	0	0	2.066	2.23111	0	0	0	0	0	0	0	2.09039	1.26827	1.75064	2.94549	1.19826	1.25365	2.79001	1.16745	1.90526	2.1608	0	1.5208	2.39477	1.57049	2.54894	1.14355	0	0	0	0	0	0	0	2.10134	1.30835	2.31709	2.92886	2.23467	2.16338	1.55343	1.1558	1.15255	2.40139	0	2.51852	0	2.07398	2.42797	2.49489	1.89724	2.50554	0	0	0	0	0	0	1.07812	1.33219	0	0	1.61043	2.91372	2.34039	1.04466	1.58172	2.53942	1.79123	2.23153	0	0	0	0	2.24338	1.34934	1.45137	1.04295	2.6887	2.39923	2.0657	0	0	2.73082	2.95475	2.52042	0	0	0	2.19249	1.56335	0	0	0	0	0	0	0	0	2.78257	2.61942	0	0	0	0	0	0	0	1.68202	2.59865	1.22261	2.42795	2.07854	2.82861	2.78562	2.19417	1.13572	1.55737	0	0	0	2.46256	2.06654	2.5781	2.26716	0	0	0	1.54637	0	0	0	0	0	0	0	0	0	0	0	0	2.8746	2.08811	1.46826	1.67482	1.59678	2.02085	0	1.71356	2.12962	1.85246	0	2.34432	1.44155	2.86527	0	0	2.60369	0	0	0	0	2.43907	2.0075	0	0	0	2.59072	0	0	1.41721	1.51264	2.60722	1.50478	1.96894	2.52294	1.35201	2.5413	2.93415	2.77022	1.60666	2.56475	1.49511	1.54599	2.28941	2.01451	1.91258	1.428	2.90249	2.09887	0	0	0	0	0	0	0	0	0	0	0	0	0	0	0	0	0	0	0	0	0	1.45892	2.32236	0	0	0	2.20822	2.70065	2.33201	0	0	2.21432	2.67259	1.13987	0	2.37538	1.89397	1.65332	1.59965	1.4369	1.68524	2.97789	1.8219	0	1.31956	1.18996	2.76934	1.63318	2.44904	1.39257	2.93349	1.15957	2.79224	1.55405	0	0	0	0	0	0	0	0	0	0	0	1.92547	0	0	0	0	0	0	0	0	0	1.33245	1.55295	1.54158	0	0	0	0	1.61432	0	0	0	0	0	0	0	0	2.33232	0	0	0	0	1.70257	1.00995	1.93336	2.71832	1.42233	2.28195	1.80543	1.50338	0.239316	0.0329946	0.940476	18.5732
0	0	0	0	1.20601	2.18087	1.09941	1.53263	0	0	1.51725	1.54844	1.92841	2.52469	1.20638	1.10228	2.87551	2.68244	0	0	0	0	0	0	1.82335	1.15401	0	0	0	0	0	0	0	0	2.70027	1.75473	0	2.83799	1.6495	1.01561	2.9058	2.21967	1.87569	2.59842	1.52627	0	0	0	0	0	0	0	2.70191	1.78282	1.02585	2.99342	1.43334	2.22924	2.39742	1.44081	1.03707	1.40398	1.31023	2.87369	1.34086	0	0	2.37843	0	0	2.84903	2.72701	1.01709	2.40275	2.54378	0	0	0	1.57765	2.72928	1.97456	1.47779	2.42985	2.81065	2.43741	1.59449	2.25806	2.34852	1.07701	0	1.67528	1.72558	2.94339	2.18959	1.47899	1.17544	2.85222	1.07795	1.05207	1.29225	0	2.11263	1.85958	1.27833	0	0	0	2.75106	0	1.53686	2.55671	1.66183	2.05351	0	0	0	1.74296	2.9283	2.59406	1.04557	1.35147	0	0	0	0	1.60509	2.50191	1.26226	0	0	2.02968	2.06268	2.94319	2.77976	0	0	0	0	1.84505	2.80824	2.34908	1.15831	0	1.73131	2.8262	2.13822	2.91241	2.13435	2.72019	1.10192	0	1.50297	1.37121	2.98852	1.49011	1.00807	0	0	0	0	0	0	0	0	0	2.89543	0	0	0	0	2.54765	2.35382	2.7052	1.34201	1.41976	1.64387	0	0	0	0	0	0	1.45626	1.4183	2.92444	1.03914	0	0	0	0	0	0	0	0	1.55133	0	0	0	0	0	0	0	0	0	1.53277	0	0	0	1.58826	2.95033	0	0	0	0	0	0	1.53396	0	2.10698	1.65252	1.93993	0	0	0	0	0	0	0	0	0	0	0	0	1.31732	2.74716	0	0	0	0	2.25398	0	0	0	0	0	2.14631	2.25757	0	0	0	0	0	0	1.45629	1.89612	1.33866	2.5755	1.57566	2.04154	1.31552	0	2.24273	1.51056	1.39556	2.56281	1.93015	1.66584	2.44038	0	1.61956	0	0	0	0	0	1.1691	1.85255	0	0	0	0	1.28057	2.26947	0	0	0	1.40671	0	0	0	1.87236	0	0	0	0	0	0	0	0	1.44418	0	0	0	0	0	0	0	0	1.67481	1.74546	1.18704	2.65155	0	0	0	0	0	0	0	0	0	0	0	0	0	0	0	0	0	0	0	2.3126	1.30888	1.73686	1.7211	2.67686	2.74697	1.657	2.11006	1.11889	2.69227	1.63198	2.60435	2.25988	1.14719	2.55542	2.41151	1.8796	1.14982	1.62428	0	0	0	0	0	0	0	0	0	2.066	2.23111	0	0	0	0	0	0	0	2.09039	1.26827	1.75064	2.94549	1.19826	1.25365	2.79001	1.16745	1.90526	0	0	1.5208	2.39477	1.57049	2.54894	1.14355	0	0	0	0	0	0	1.14255	2.10134	1.30835	2.31709	2.92886	2.23467	2.16338	1.55343	1.1558	1.15255	2.40139	0	2.51852	0	2.07398	2.42797	2.49489	1.89724	2.50554	0	0	0	0	0	0	1.07812	0	0	0	1.61043	2.91372	2.34039	1.04466	1.58172	2.53942	1.79123	2.23153	0	0	0	0	2.24338	1.34934	1.45137	1.04295	2.6887	2.39923	2.0657	0	0	2.73082	2.95475	0	0	0	0	2.19249	1.56335	0	0	0	0	0	0	0	1.49617	2.78257	2.61942	0	0	0	0	0	0	0	1.68202	2.59865	1.22261	2.82386	2.07854	2.82861	2.78562	2.19417	1.13572	1.55737	0	0	0	2.46256	2.06654	2.5781	0	0	0	0	1.54637	0	0	0	0	0	0	0	0	0	0	0	0	2.8746	2.08811	1.46826	1.67482	1.59678	2.02085	0	1.71356	2.12962	0	0	2.34432	1.44155	2.86527	0	0	2.60369	0	0	0	0	2.43907	0	0	0	0	2.59072	0	0	1.41721	1.51264	2.60722	1.50478	1.96894	2.52294	2.77363	2.5413	2.93415	2.77022	1.60666	2.56475	1.49511	1.54599	2.28941	2.01451	1.91258	1.428	2.90249	0	0	0	0	0	0	0	0	0	0	0	0	0	0	0	0	0	0	0	0	0	0	1.45892	2.32236	0	0	1.03101	2.20822	2.70065	2.33201	0	0	2.21432	2.67259	1.13987	0	2.37538	1.89397	1.65332	0	1.4369	1.68524	2.97789	1.8219	0	1.31956	1.18996	2.76934	1.63318	2.44904	1.39257	2.93349	1.80813	2.79224	1.55405	0	0	0	0	0	0	0	0	0	0	2.5585	1.92547	0	0	0	0	0	0	0	0	0	1.33245	1.55295	0	0	0	0	0	1.61432	0	0	0	0	0	0	0	1.58724	2.33232	0	0	0	0	1.70257	1.00995	1.93336	2.71832	1.42233	2.28195	1.80543	0.354605	-0.0534114	0.946429	18.5918
0	0	0	0	0	1.20601	2.18087	1.09941	1.53263	0	0	1.51725	1.54844	2.60731	2.52469	1.20638	1.10228	2.87551	2.68244	0	0	0	0	0	0	1.82335	0	0	0	0	0	0	0	0	0	2.70027	1.75473	0	2.83799	1.8931	1.01561	2.9058	2.21967	1.87569	2.59842	1.52627	0	0	0	0	0	0	0	2.70191	1.78282	1.02585	2.99342	1.43334	2.22924	2.39742	1.44081	1.03707	1.40398	1.31023	2.87369	0	0	0	2.37843	0	0	2.84903	2.72701	1.01709	2.40275	2.54378	0	0	2.43427	1.57765	2.72928	1.97456	1.47779	2.42985	2.81065	2.43741	1.59449	2.25806	2.34852	1.07701	0	2.32588	1.72558	2.94339	2.18959	1.47899	1.17544	2.85222	1.07795	1.05207	1.29225	0	2.11263	1.85958	0	0	0	0	2.75106	0	1.53686	2.55671	1.66183	2.05351	0	0	0	1.10534	2.9283	2.59406	1.04557	1.35147	0	0	0	0	1.60509	2.50191	1.26226	0	2.09166	2.02968	2.06268	2.94319	2.77976	0	0	0	0	1.84505	2.80824	2.34908	1.15831	1.50664	1.73131	2.8262	2.13822	2.91241	2.13435	2.72019	1.10192	0	1.50297	1.37121	2.98852	1.49011	0	0	0	0	0	0	0	0	0	0	2.89543	0	0	1.50228	0	2.54765	2.35382	2.7052	1.34201	1.41976	1.64387	0	0	0	0	0	0	1.45626	1.4183	2.92444	1.03914	0	0	0	0	0	0	0	0	0	0	0	0	0	0	0	0	0	0	1.53277	0	0	2.27408	1.58826	2.95033	0	0	0	0	0	0	1.53396	0	2.10698	1.65252	0	0	0	0	0	0	0	0	0	0	0	0	0	0	2.74716	0	0	0	0	2.25398	0	0	0	0	0	2.14631	0	0	0	0	0	0	0	1.45629	1.89612	1.33866	2.5755	1.57566	2.04154	2.10015	0	2.24273	1.51056	1.39556	2.56281	1.93015	1.66584	2.44038	0	1.61956	0	0	0	0	0	1.1691	1.85255	0	0	0	0	1.28057	2.26947	0	0	1.09473	1.40671	0	0	0	1.87236	0	0	0	0	0	0	0	1.00547	1.44418	0	0	0	0	0	0	0	0	1.67481	1.74546	1.18704	0	0	0	0	0	0	0	0	0	0	0	0	0	1.28185	0	0	0	0	0	0	2.3126	1.30888	1.73686	1.7211	2.67686	2.74697	1.64716	2.11006	1.11889	2.69227	1.63198	2.60435	2.25988	1.14719	2.55542	2.41151	1.8796	1.14982	1.62428	0	0	0	0	0	0	0	0	0	2.066	2.23111	0	0	0	0	0	0	0	2.09039	1.26827	1.75064	2.94549	1.19826	1.25365	2.79001	1.16745	0	0	0	1.5208	2.39477	1.57049	2.54894	1.14355	0	0	0	0	0	2.52825	1.14255	2.10134	1.30835	2.31709	2.92886	2.23467	2.16338	1.55343	1.1558	1.15255	2.40139	0	0	0	2.07398	2.42797	2.49489	1.89724	2.50554	0	0	0	0	0	0	0	0	0	0	1.61043	2.91372	2.34039	1.04466	1.58172	2.53942	1.79123	2.23153	0	0	0	0	2.24338	1.34934	1.45137	1.04295	2.6887	2.39923	2.0657	0	0	2.73082	0	0	0	0	0	2.19249	1.56335	0	0	0	0	0	0	1.4166	1.49617	2.78257	2.61942	0	0	0	0	0	0	0	1.68202	2.59865	1.1209	2.82386	2.07854	2.82861	2.78562	2.19417	1.13572	1.55737	0	0	0	2.46256	2.06654	0	0	0	0	0	1.54637	0	0	0	0	0	0	0	2.34124	0	0	0	0	2.8746	2.08811	1.46826	1.67482	1.59678	2.02085	0	1.71356	0	0	0	2.34432	1.44155	2.86527	0	0	2.60369	0	0	0	0	0	0	0	0	0	2.59072	0	0	1.41721	1.51264	2.60722	1.50478	1.96894	1.74492	2.77363	2.5413	2.93415	2.77022	1.60666	2.56475	1.49511	1.54599	2.28941	2.01451	1.91258	1.428	0	0	0	0	0	0	0	0	0	0	0	0	0	2.83845	0	0	0	0	0	0	0	0	0	1.45892	2.32236	0	2.84206	1.03101	2.20822	2.70065	2.33201	0	0	2.21432	2.67259	1.13987	0	2.37538	1.89397	0	0	1.4369	1.68524	2.97789	1.8219	0	1.31956	1.18996	2.76934	1.63318	2.44904	1.39257	2.25825	1.80813	2.79224	1.55405	0	0	0	0	0	0	0	0	0	1.9567	2.5585	1.92547	0	0	0	0	0	0	0	0	0	1.33245	0	0	0	0	0	0	1.61432	0	0	0	0	0	0	1.49403	1.58724	2.33232	0	0	0	0	1.70257	1.00995	1.93336	2.71832	1.42233	2.28195	0.464723	-0.101096	0.952381	17.3071
0	0	0	0	0	0	1.20601	2.18087	1.09941	1.53263	0	0	1.51725	0	2.60731	2.52469	1.20638	1.10228	2.87551	2.68244	0	0	0	0	0	0	0	0	0	0	0	0	0	0	0	0	2.70027	1.75473	0	0	1.8931	1.01561	2.9058	2.21967	1.87569	2.59842	1.52627	0	0	0	0	0	0	0	2.70191	1.78282	1.02585	2.99342	1.43334	2.22924	2.39742	1.44081	1.03707	1.40398	1.31023	0	0	0	0	2.37843	0	0	2.84903	2.72701	1.01709	2.40275	2.54378	0	1.15514	2.43427	1.57765	2.72928	1.97456	1.47779	2.42985	2.81065	2.43741	1.59449	2.25806	2.34852	1.07701	2.02313	2.32588	1.72558	2.94339	2.18959	1.47899	1.17544	2.85222	1.07795	1.05207	1.29225	0	2.11263	0	0	0	0	0	2.75106	0	1.53686	2.55671	1.66183	2.05351	0	0	1.7992	1.10534	2.9283	2.59406	1.04557	1.35147	0	0	0	0	1.60509	2.50191	1.26226	0	2.09166	2.02968	2.06268	2.94319	2.77976	0	0	0	0	1.84505	2.80824	2.34908	2.83958	1.50664	1.73131	2.8262	2.13822	2.91241	2.13435	2.72019	1.10192	0	1.50297	1.37121	2.98852	0	0	0	0	0	0	0	0	0	0	0	2.89543	0	0	1.50228	0	2.54765	2.35382	2.7052	1.34201	1.41976	1.64387	0	0	0	0	0	0	1.45626	1.4183	2.92444	1.03914	0	0	0	0	0	0	0	0	0	0	0	0	0	0	0	0	0	0	1.53277	0	1.21682	2.27408	1.58826	2.95033	0	0	0	0	0	0	1.53396	0	2.10698	0	0	0	0	0	0	0	0	0	0	0	0	0	0	0	2.74716	0	0	0	0	2.25398	0	0	0	0	0	0	0	0	0	0	0	0	0	1.45629	1.89612	1.33866	2.5755	1.57566	0	2.10015	0	2.24273	1.51056	1.39556	2.56281	1.93015	1.66584	2.44038	0	1.61956	0	0	0	0	0	1.1691	1.85255	0	0	0	0	1.28057	2.26947	0	1.09247	1.09473	1.40671	0	0	0	1.87236	0	0	0	0	0	0	0	1.00547	1.44418	0	0	0	0	0	0	0	0	1.67481	1.74546	0	0	0	0	0	0	0	0	0	0	0	0	0	1.96226	1.28185	0	0	0	0	0	0	2.3126	1.30888	1.73686	1.7211	2.67686	0	1.64716	2.11006	1.11889	2.69227	1.63198	2.60435	2.25988	1.14719	2.55542	2.41151	1.8796	1.14982	0	0	0	0	0	0	0	0	0	0	2.066	2.23111	0	1.28693	0	0	0	0	0	2.09039	1.26827	1.75064	2.94549	1.19826	1.25365	2.79001	0	0	0	0	1.5208	2.39477	1.57049	2.54894	1.14355	0	0	0	0	0	2.52825	1.14255	2.10134	1.30835	2.31709	2.92886	2.23467	2.16338	1.55343	1.1558	1.15255	2.40139	0	0	0	2.07398	2.42797	2.49489	1.89724	2.50554	0	0	0	0	0	0	0	0	0	0	1.61043	2.91372	2.34039	1.04466	1.58172	2.53942	1.79123	2.23153	0	0	0	0	2.24338	1.34934	1.45137	1.04295	2.6887	2.39923	2.0657	0	0	0	0	0	0	0	0	2.19249	1.56335	0	0	0	0	0	1.05901	1.4166	1.49617	2.78257	2.61942	0	0	0	0	0	0	0	1.68202	1.27812	1.1209	2.82386	2.07854	2.82861	2.78562	2.19417	1.13572	1.55737	0	0	0	2.46256	0	0	0	0	0	0	1.54637	0	0	0	0	0	0	1.28878	2.34124	0	0	0	0	2.8746	2.08811	1.46826	1.67482	1.59678	2.02085	0	0	0	0	0	2.34432	1.44155	2.86527	0	0	2.60369	0	0	0	0	0	0	0	0	0	2.59072	0	0	1.41721	1.51264	2.60722	1.50478	2.3018	1.74492	2.77363	2.5413	2.93415	2.77022	1.60666	2.56475	1.49511	1.54599	2.28941	2.01451	1.91258	0	0	0	0	0	0	0	0	0	0	0	0	0	1.54031	2.83845	0	0	0	0	0	0	0	0	0	1.45892	2.32236	1.17115	2.84206	1.03101	2.20822	2.70065	2.33201	0	0	2.21432	2.67259	1.13987	0	2.37538	0	0	0	1.4369	1.68524	2.97789	1.8219	0	1.31956	1.18996	2.76934	1.63318	2.44904	2.18431	2.25825	1.80813	2.79224	1.55405	0	0	0	0	0	0	0	0	0	1.9567	2.5585	1.92547	0	0	0	0	0	0	0	0	0	0	0	0	0	0	0	0	1.61432	0	0	0	0	0	2.48648	1.49403	1.58724	2.33232	0	0	0	0	1.70257	1.00995	1.93336	2.71832	1.42233	0.568065	-0.0671739	0.958333	14.9915
0	0	0	0	0	0	0	1.20601	2.18087	1.09941	1.53263	0	0	0	0	2.60731	2.52469	1.20638	1.10228	2.87551	2.68244	0	0	0	0	0	0	0	0	0	0	0	0	0	0	0	0	2.70027	1.75473	0	0	1.8931	1.01561	2.9058	2.21967	1.87569	2.59842	1.52627	0	0	0	0	0	0	0	2.70191	1.78282	1.02585	2.99342	1.43334	2.22924	2.39742	1.44081	1.03707	1.40398	0	0	0	0	0	2.37843	0	0	2.84903	2.72701	1.01709	2.40275	2.54378	1.79272	1.15514	2.43427	1.57765	2.72928	1.97456	1.47779	2.42985	2.81065	2.43741	1.59449	2.25806	2.34852	1.3415	2.02313	2.32588	1.72558	2.94339	2.18959	1.47899	1.17544	2.85222	1.07795	1.05207	1.29225	0	0	0	0	0	0	0	2.75106	0	1.53686	2.55671	1.66183	2.05351	0	1.07224	1.7992	1.10534	2.9283	2.59406	1.04557	1.35147	0	0	0	0	1.60509	2.50191	0	0	2.09166	2.02968	2.06268	2.94319	2.77976	0	0	0	0	1.84505	2.80824	2.62355	2.83958	1.50664	1.73131	2.8262	2.13822	2.91241	2.13435	2.72019	1.10192	0	1.50297	1.37121	0	0	0	0	0	0	0	0	0	0	0	0	2.89543	0	0	1.50228	0	2.54765	2.35382	2.7052	1.34201	1.41976	1.64387	0	0	0	0	0	0	1.45626	1.4183	2.92444	1.03914	0	0	0	0	0	0	0	0	0	0	0	0	0	0	0	0	0	0	1.53277	1.9632	1.21682	2.27408	1.58826	2.95033	0	0	0	0	0	0	1.53396	0	2.84853	0	0	0	0	0	0	0	0	0	0	0	0	1.12054	0	0	2.74716	0	0	0	0	2.25398	0	0	0	0	0	0	0	0	0	0	0	0	0	1.45629	1.89612	1.33866	2.5755	0	0	2.10015	0	2.24273	1.51056	1.39556	2.56281	1.93015	1.66584	2.44038	0	1.61956	0	0	0	0	0	1.1691	1.85255	0	0	0	0	1.28057	2.26947	2.52072	1.09247	1.09473	1.40671	0	0	0	1.87236	0	0	0	0	0	0	0	1.00547	1.44418	0	0	0	0	0	0	0	0	1.67481	0	0	0	0	0	0	0	0	0	0	0	0	0	2.61771	1.96226	1.28185	0	0	0	0	0	0	2.3126	1.30888	1.73686	1.7211	0	0	1.64716	2.11006	1.11889	2.69227	1.63198	2.60435	2.25988	1.14719	2.55542	2.41151	1.8796	0	0	0	0	0	0	0	0	0	0	0	2.066	2.23111	1.8709	1.28693	0	0	0	0	0	2.09039	1.26827	1.75064	2.94549	1.19826	1.25365	0	0	0	0	0	1.5208	2.39477	1.57049	2.54894	1.14355	0	0	0	0	0	2.52825	1.14255	2.10134	1.30835	2.31709	2.92886	2.23467	2.16338	1.55343	1.1558	1.15255	2.13668	0	0	0	2.07398	2.42797	2.49489	1.89724	2.50554	0	0	0	0	0	0	0	0	0	0	1.61043	2.91372	2.34039	1.04466	1.58172	2.53942	1.79123	0	0	0	0	0	2.24338	1.34934	1.45137	1.04295	2.6887	2.39923	2.0657	0	1.02033	0	0	0	0	0	0	2.19249	1.56335	0	0	0	0	1.2149	1.05901	1.4166	1.49617	2.78257	2.61942	0	0	0	0	0	0	0	1.69716	1.27812	1.1209	2.82386	2.07854	2.82861	2.78562	2.19417	1.13572	1.55737	0	0	0	0	0	0	0	0	0	0	1.54637	0	0	0	0	0	2.48512	1.28878	2.34124	0	0	0	0	2.8746	2.08811	1.46826	1.67482	1.59678	2.02085	0	0	0	0	0	2.34432	1.44155	2.86527	0	0	2.60369	0	0	0	0	0	0	0	0	0	2.59072	0	0	1.41721	1.51264	2.60722	2.09062	2.3018	1.74492	2.77363	2.5413	2.93415	2.77022	1.60666	2.56475	1.49511	1.54599	2.28941	2.01451	0	0	0	0	0	0	0	0	0	0	0	0	0	1.02876	1.54031	2.83845	0	0	0	0	0	0	0	0	0	1.45892	1.17654	1.17115	2.84206	1.03101	2.20822	2.70065	2.33201	0	0	2.21432	2.67259	1.13987	0	0	0	0	0	1.4369	1.68524	2.97789	1.8219	0	1.31956	1.18996	2.76934	1.63318	1.71278	2.18431	2.25825	1.80813	2.79224	1.55405	0	0	0	0	0	0	0	0	0	1.9567	2.5585	1.92547	0	0	0	0	0	0	0	0	0	0	0	0	0	0	0	0	1.61432	0	0	0	0	1.89982	2.48648	1.49403	1.58724	2.33232	0	0	0	0	1.70257	1.00995	1.93336	2.71832	0.663123	-0.0309842	0.964286	15.1734
0	0	0	0	0	0	0	0	1.20601	2.18087	1.09941	1.53263	0	0	0	0	2.60731	2.52469	1.20638	1.10228	2.87551	2.68244	0	0	0	0	0	0	0	0	0	0	0	0	0	0	0	0	2.70027	0	0	0	1.8931	1.01561	2.9058	2.21967	1.87569	2.59842	1.52627	0	0	0	0	0	0	0	2.70191	1.78282	1.02585	2.99342	1.43334	2.22924	2.39742	1.44081	1.03707	0	0	0	0	0	0	2.37843	0	0	2.84903	2.72701	1.01709	2.40275	1.87649	1.79272	1.15514	2.43427	1.57765	2.72928	1.97456	1.47779	2.42985	2.81065	2.43741	1.59449	2.25806	2.02693	1.3415	2.02313	2.32588	1.72558	2.94339	2.18959	1.47899	1.17544	2.85222	1.07795	1.05207	1.29225	0	0	0	0	0	0	0	2.75106	0	1.53686	2.55671	1.66183	2.05351	1.16464	1.07224	1.7992	1.10534	2.9283	2.59406	1.04557	1.35147	0	0	0	0	1.60509	0	0	0	2.09166	2.02968	2.06268	2.94319	2.77976	0	0	0	0	1.84505	0	2.62355	2.83958	1.50664	1.73131	2.8262	2.13822	2.91241	2.13435	2.72019	1.10192	0	1.50297	0	0	0	0	0	0	0	0	0	0	0	0	0	0	0	0	1.50228	0	2.54765	2.35382	2.7052	1.34201	1.41976	1.64387	0	0	0	0	0	0	1.45626	1.4183	2.92444	1.03914	0	0	0	0	0	1.2971	0	0	0	0	0	0	0	0	0	0	0	0	2.73203	1.9632	1.21682	2.27408	1.58826	2.95033	0	0	0	0	0	0	1.53396	1.44813	2.84853	0	0	0	0	0	0	0	0	0	0	0	0	1.12054	0	0	2.74716	0	0	0	0	2.25398	0	0	0	0	0	0	0	0	0	0	0	0	0	1.45629	1.89612	1.33866	0	0	0	2.10015	0	2.24273	1.51056	1.39556	2.56281	1.93015	1.66584	2.44038	0	0	0	0	0	0	0	1.1691	1.85255	0	0	0	0	1.28057	2.8931	2.52072	1.09247	1.09473	1.40671	0	0	0	1.87236	0	0	0	0	0	0	0	1.00547	1.44418	0	0	0	0	0	0	0	0	0	0	0	0	0	0	0	0	0	0	0	0	0	0	2.61771	1.96226	1.28185	0	0	0	0	0	0	2.3126	1.30888	1.73686	0	0	0	1.64716	2.11006	1.11889	2.69227	1.63198	2.60435	2.25988	1.14719	2.55542	2.41151	1.94439	0	0	0	0	0	0	0	0	0	0	0	2.066	0	1.8709	1.28693	0	0	0	0	0	2.09039	1.26827	1.75064	2.94549	1.19826	0	0	0	0	0	0	1.5208	2.39477	1.57049	2.54894	1.14355	0	0	1.46371	0	0	2.52825	1.14255	2.10134	1.30835	2.31709	2.92886	2.23467	2.16338	1.55343	1.1558	2.48524	2.13668	0	0	0	2.07398	2.42797	2.49489	1.89724	2.50554	0	0	0	0	0	0	0	0	0	0	1.61043	2.91372	2.34039	1.04466	1.58172	2.53942	2.09727	0	0	0	0	0	2.24338	1.34934	1.45137	1.04295	2.6887	2.39923	2.0657	1.41396	1.02033	0	0	0	0	0	0	2.19249	1.56335	0	0	0	1.92885	1.2149	1.05901	1.4166	1.49617	2.78257	2.61942	0	0	0	0	0	0	1.41182	1.69716	1.27812	1.1209	2.82386	2.07854	2.82861	2.78562	2.19417	1.13572	1.55737	0	0	1.08675	0	0	0	0	0	0	0	1.54637	0	0	0	0	0	2.48512	1.28878	2.34124	0	0	0	0	2.8746	2.08811	1.46826	1.67482	1.59678	0	0	0	0	0	0	2.34432	1.44155	2.86527	0	0	2.60369	0	2.05994	0	0	0	0	0	0	0	2.59072	0	0	1.41721	1.51264	1.57642	2.09062	2.3018	1.74492	2.77363	2.5413	2.93415	2.77022	1.60666	2.56475	1.49511	1.54599	2.28941	0	0	0	0	0	0	0	0	0	0	0	0	0	2.6342	1.02876	1.54031	2.83845	0	0	0	0	0	0	0	0	0	2.16439	1.17654	1.17115	2.84206	1.03101	2.20822	2.70065	2.33201	0	0	2.21432	2.67259	1.13987	0	0	0	0	0	1.4369	1.68524	2.97789	1.8219	0	1.31956	1.18996	2.76934	1.33885	1.71278	2.18431	2.25825	1.80813	2.79224	1.55405	0	0	0	0	0	0	0	0	0	1.9567	2.5585	1.92547	0	0	0	0	0	0	0	0	0	0	0	0	0	0	0	0	1.61432	0	0	0	1.87574	1.89982	2.48648	1.49403	1.58724	2.33232	0	0	0	0	1.70257	1.00995	1.93336	0.748511	-0.01623	0.970238	15.0922
0	0	0	0	0	0	0	0	0	1.20601	2.18087	1.09941	1.53263	0	0	0	0	2.60731	2.52469	1.20638	1.10228	2.87551	2.68244	0	0	0	0	0	0	0	0	0	0	0	0	0	0	0	0	0	0	0	0	1.8931	1.01561	2.9058	2.21967	1.87569	2.59842	1.52627	0	0	0	0	0	0	0	2.70191	1.78282	1.02585	2.99342	1.43334	2.22924	2.39742	1.44081	0	0	0	0	0	0	0	2.37843	0	0	2.84903	2.72701	1.01709	1.41727	1.87649	1.79272	1.15514	2.43427	1.57765	2.72928	1.97456	1.47779	2.42985	2.81065	2.43741	1.59449	1.19564	2.02693	1.3415	2.02313	2.32588	1.72558	2.94339	2.18959	1.47899	1.17544	2.85222	1.07795	1.05207	0	0	0	0	0	0	0	0	2.75106	0	1.53686	2.55671	1.66183	2.37244	1.16464	1.07224	1.7992	1.10534	2.9283	2.59406	1.04557	1.35147	0	0	0	0	0	0	0	0	2.09166	2.02968	2.06268	2.94319	2.77976	0	0	0	0	0	0	2.62355	2.83958	1.50664	1.73131	2.8262	2.13822	2.91241	2.13435	2.72019	1.10192	0	0	0	0	0	0	0	0	0	0	0	0	0	0	1.39904	0	0	0	1.50228	0	2.54765	2.35382	2.7052	1.34201	1.41976	1.64387	0	0	0	0	0	0	1.45626	1.4183	2.92444	1.03914	0	0	0	0	1.33273	1.2971	0	0	0	0	0	0	0	0	0	0	0	1.78636	2.73203	1.9632	1.21682	2.27408	1.58826	2.95033	0	0	0	0	0	0	0	1.44813	2.84853	0	0	0	0	0	0	0	0	0	0	0	0	1.12054	0	0	2.74716	0	0	0	0	2.25398	0	0	1.72641	0	0	0	0	0	0	0	0	0	0	1.45629	1.89612	0	0	0	0	2.10015	0	2.24273	1.51056	1.39556	2.56281	1.93015	1.66584	2.44038	0	0	0	0	0	0	0	1.1691	1.85255	0	0	0	0	0	2.8931	2.52072	1.09247	1.09473	1.40671	0	0	0	1.87236	0	0	0	0	0	0	0	1.00547	1.44418	0	0	0	0	0	0	0	0	0	0	0	0	0	0	0	0	0	0	0	0	0	0	2.61771	1.96226	1.28185	0	0	0	0	0	0	2.3126	1.30888	0	0	0	0	1.64716	2.11006	1.11889	2.69227	1.63198	2.60435	2.25988	1.14719	2.55542	2.31127	1.94439	0	0	0	0	0	0	0	0	0	0	0	2.58798	0	1.8709	1.28693	0	0	0	0	0	2.09039	1.26827	1.75064	2.94549	0	0	0	0	0	0	0	1.5208	2.39477	1.57049	2.54894	1.14355	0	2.59717	1.46371	0	0	2.52825	1.14255	2.10134	1.30835	2.31709	2.92886	2.23467	2.16338	1.55343	2.51395	2.48524	2.13668	0	0	0	2.07398	2.42797	2.49489	1.89724	2.50554	0	0	0	0	0	0	0	0	0	0	1.61043	2.91372	2.34039	1.04466	1.58172	0	2.09727	0	0	0	0	0	2.24338	1.34934	1.45137	1.04295	2.6887	2.39923	1.23756	1.41396	1.02033	0	0	0	0	0	0	2.19249	1.56335	0	0	1.54909	1.92885	1.2149	1.05901	1.4166	1.49617	2.78257	2.61942	0	0	0	0	0	2.60451	1.41182	1.69716	1.27812	1.1209	2.82386	2.07854	2.82861	2.78562	2.19417	1.13572	1.55737	0	0	1.08675	0	0	0	0	0	0	0	1.54637	0	0	0	0	0	2.48512	1.28878	2.34124	0	0	0	0	2.8746	2.08811	1.46826	1.67482	0	0	0	0	0	0	0	2.34432	1.44155	2.86527	0	0	2.60369	1.33023	2.05994	0	0	0	0	0	0	0	2.59072	0	0	1.41721	2.9271	1.57642	2.09062	2.3018	1.74492	2.77363	2.5413	2.93415	2.77022	1.60666	2.56475	1.49511	1.54599	0	0	0	0	0	0	0	0	0	0	0	0	0	0	2.6342	1.02876	1.54031	2.83845	0	0	0	0	0	0	0	0	1.72361	2.16439	1.17654	1.17115	2.84206	1.03101	2.20822	2.70065	2.33201	0	0	2.21432	2.67259	1.78193	0	0	0	0	0	1.4369	1.68524	2.97789	1.8219	0	1.31956	1.18996	1.11261	1.33885	1.71278	2.18431	2.25825	1.80813	2.79224	1.55405	0	0	0	0	0	0	0	0	0	1.9567	2.5585	1.92547	0	0	0	0	0	0	0	0	0	0	0	0	0	0	0	0	1.61432	0	0	2.54255	1.87574	1.89982	2.48648	1.49403	1.58724	2.33232	0	0	0	0	1.70257	1.00995	0.822984	-0.0931983	0.97619	15.8185
0	0	0	0	0	0	0	0	0	0	1.20601	2.18087	1.09941	0	0	0	0	0	2.60731	2.52469	1.20638	1.10228	2.87551	2.68244	0	0	0	0	0	0	0	0	0	0	0	0	0	0	0	0	0	0	0	0	1.8931	1.01561	2.9058	2.21967	1.87569	2.59842	1.52627	0	0	0	0	0	0	0	2.70191	1.78282	1.02585	2.99342	1.43334	2.22924	2.39742	0	0	0	0	0	0	0	0	2.37843	0	0	2.84903	2.72701	2.90938	1.41727	1.87649	1.79272	1.15514	2.43427	1.57765	2.72928	1.97456	1.47779	2.42985	2.81065	2.43741	1.70948	1.19564	2.02693	1.3415	2.02313	2.32588	1.72558	2.94339	2.18959	1.47899	1.17544	2.85222	1.07795	0	0	0	0	0	0	0	0	0	2.75106	0	1.53686	2.55671	2.71417	2.37244	1.16464	1.07224	1.7992	1.10534	2.9283	2.59406	1.04557	1.35147	0	0	0	0	0	0	0	0	2.09166	2.02968	2.06268	2.94319	2.77976	0	0	0	0	0	0	2.62355	2.83958	1.50664	1.73131	2.8262	2.13822	2.91241	2.13435	2.72019	1.10192	0	0	0	0	0	0	0	0	0	0	0	0	0	1.41682	1.39904	0	0	0	1.50228	0	2.54765	2.35382	2.7052	1.34201	1.41976	1.64387	0	0	0	0	0	0	1.45626	1.4183	2.92444	1.03914	0	0	0	1.2075	1.33273	1.2971	0	0	0	0	0	0	0	0	0	0	2.47973	1.78636	2.73203	1.9632	1.21682	2.27408	1.58826	2.95033	0	0	0	0	0	2.2019	0	1.44813	2.84853	0	0	0	0	0	0	0	0	0	2.71781	0	0	1.12054	0	0	2.74716	0	0	0	0	2.25398	0	0	1.72641	0	0	0	0	0	0	0	0	0	0	1.45629	0	0	0	0	0	2.10015	0	2.24273	1.51056	1.39556	2.56281	1.93015	1.66584	0	0	0	0	0	0	0	0	1.1691	1.85255	0	0	0	0	0	2.8931	2.52072	1.09247	1.09473	1.40671	0	0	0	1.87236	0	0	0	0	0	0	0	1.00547	1.44418	0	0	0	0	0	0	0	0	0	0	0	0	0	0	0	0	0	0	0	2.79848	0	0	2.61771	1.96226	1.28185	0	0	0	0	0	0	2.3126	2.41223	0	0	0	0	1.64716	2.11006	1.11889	2.69227	1.63198	2.60435	2.25988	1.14719	1.22449	2.31127	1.94439	0	0	0	0	0	0	0	0	0	0	1.61433	2.58798	0	1.8709	1.28693	0	0	0	0	0	2.09039	1.26827	1.75064	0	0	0	0	0	0	0	0	1.5208	2.39477	1.57049	2.54894	1.14355	0	2.59717	1.46371	0	0	2.52825	1.14255	2.10134	1.30835	2.31709	2.92886	2.23467	2.16338	1.64563	2.51395	2.48524	2.13668	0	0	0	2.07398	2.42797	2.49489	1.89724	2.50554	0	0	0	0	0	0	0	0	0	0	1.61043	2.91372	2.34039	1.04466	0	0	2.09727	0	0	0	0	0	2.24338	1.34934	1.45137	1.04295	2.6887	0	1.23756	1.41396	1.02033	0	0	0	0	0	0	2.19249	1.56335	0	2.19883	1.54909	1.92885	1.2149	1.05901	1.4166	1.49617	2.78257	2.61942	0	0	0	0	1.11621	2.60451	1.41182	1.69716	1.27812	1.1209	2.82386	2.07854	2.82861	2.78562	2.19417	1.13572	1.55737	2.26445	0	1.08675	0	0	0	0	0	0	0	1.54637	0	0	0	0	0	2.48512	1.28878	2.34124	0	0	0	0	2.8746	2.08811	1.46826	2.03558	0	0	0	0	0	0	0	2.34432	1.44155	2.86527	0	0	0	1.33023	2.05994	0	0	0	0	0	0	0	2.59072	0	0	1.87767	2.9271	1.57642	2.09062	2.3018	1.74492	2.77363	2.5413	2.93415	2.77022	1.60666	2.56475	1.49511	0	0	0	0	0	0	0	0	0	0	0	0	0	0	0	2.6342	1.02876	1.54031	2.83845	0	0	0	0	0	0	0	2.65496	1.72361	2.16439	1.17654	1.17115	2.84206	1.03101	2.20822	2.70065	2.33201	0	0	2.21432	0	1.78193	0	0	0	0	0	1.4369	1.68524	2.97789	1.8219	0	1.31956	2.9167	1.11261	1.33885	1.71278	2.18431	2.25825	1.80813	2.79224	1.55405	0	0	0	0	0	0	0	0	0	1.9567	2.5585	1.92547	0	0	0	0	0	0	0	0	0	0	0	0	0	0	0	0	1.61432	0	2.25752	2.54255	1.87574	1.89982	2.48648	1.49403	1.58724	2.33232	0	0	0	0	1.70257	0.885456	-0.124929	0.982143	16.7029
2.97393	0	0	0	0	0	0	0	0	0	0	1.20601	2.18087	0	0	0	0	0	0	2.60731	2.52469	1.20638	1.10228	2.87551	2.68244	0	0	0	0	0	0	0	0	0	0	0	0	0	0	0	0	0	0	0	0	1.8931	1.01561	2.9058	2.21967	1.87569	2.59842	1.52627	0	0	0	0	0	0	0	2.70191	1.78282	1.02585	2.99342	1.43334	2.22924	0	0	0	0	0	0	0	0	0	2.37843	0	0	2.84903	1.55702	2.90938	1.41727	1.87649	1.79272	1.15514	2.43427	1.57765	2.72928	1.97456	1.47779	2.42985	2.81065	0	1.70948	1.19564	2.02693	1.3415	2.02313	2.32588	1.72558	2.94339	2.18959	1.47899	1.17544	2.85222	0	0	0	0	0	0	0	0	0	0	2.75106	0	1.53686	1.29997	2.71417	2.37244	1.16464	1.07224	1.7992	1.10534	2.9283	2.59406	1.04557	1.35147	0	0	0	0	0	0	0	0	2.09166	2.02968	2.06268	2.94319	2.77976	0	0	0	0	0	0	2.62355	2.83958	1.50664	1.73131	2.8262	2.13822	2.91241	2.13435	2.72019	0	0	0	0	0	0	0	0	0	0	0	0	0	1.19555	1.41682	1.39904	0	0	0	1.50228	0	2.54765	2.35382	2.7052	1.34201	1.41976	1.54048	0	0	0	0	0	0	1.45626	1.4183	2.92444	1.03914	0	0	1.60177	1.2075	1.33273	1.2971	0	0	0	0	0	0	0	0	0	1.13556	2.47973	1.78636	2.73203	1.9632	1.21682	2.27408	1.58826	2.95033	0	0	0	0	0	2.2019	0	1.44813	2.84853	0	0	0	0	0	0	0	0	1.31974	2.71781	0	0	1.12054	0	0	2.74716	0	0	0	0	2.25398	0	0	1.72641	0	0	0	0	0	0	0	0	0	0	0	0	0	0	0	0	2.10015	0	2.24273	1.51056	1.39556	2.56281	1.93015	0	0	0	0	0	0	0	0	0	1.1691	1.85255	0	0	0	0	0	2.8931	2.52072	1.09247	1.09473	1.40671	0	0	0	1.87236	0	0	0	0	0	0	0	1.00547	1.44418	0	0	0	0	0	0	0	0	0	0	0	0	0	0	0	0	0	0	2.65112	2.79848	0	0	2.61771	1.96226	1.28185	0	0	0	0	0	0	1.96085	2.41223	0	0	0	0	1.64716	2.11006	1.11889	2.69227	1.63198	2.60435	2.25988	1.76601	1.22449	2.31127	1.94439	0	0	0	0	0	0	0	0	0	2.27843	1.61433	2.58798	0	1.8709	1.28693	0	0	0	0	0	2.09039	1.26827	0	0	0	0	0	0	0	0	0	1.5208	2.39477	1.57049	2.54894	1.74258	0	2.59717	1.46371	0	0	2.52825	1.14255	2.10134	1.30835	2.31709	2.92886	2.23467	1.26461	1.64563	2.51395	2.48524	2.13668	0	0	0	2.07398	2.42797	2.49489	1.89724	2.50554	0	0	0	0	0	0	0	0	0	0	1.61043	2.91372	2.34039	0	0	0	2.09727	0	0	0	0	0	2.24338	1.34934	1.45137	1.04295	0	0	1.23756	1.41396	1.02033	0	0	0	0	0	0	2.19249	1.56335	2.45354	2.19883	1.54909	1.92885	1.2149	1.05901	1.4166	1.49617	2.78257	2.61942	0	0	0	1.45745	1.11621	2.60451	1.41182	1.69716	1.27812	1.1209	2.82386	2.07854	2.82861	2.78562	2.19417	1.13572	0	2.26445	0	1.08675	0	0	0	0	0	0	0	1.54637	0	0	0	0	0	2.48512	1.28878	2.34124	0	0	0	0	2.8746	2.08811	2.18759	2.03558	0	0	0	0	0	0	0	2.34432	1.44155	2.86527	0	0	0	1.33023	2.05994	0	0	0	0	0	0	0	2.59072	0	0	1.87767	2.9271	1.57642	2.09062	2.3018	1.74492	2.77363	2.5413	2.93415	2.77022	1.60666	2.56475	1.61465	0	0	0	0	0	0	0	0	0	0	0	0	0	0	0	2.6342	1.02876	1.54031	2.83845	0	0	0	0	0	0	2.22951	2.65496	1.72361	2.16439	1.17654	1.17115	2.84206	1.03101	2.20822	2.70065	2.33201	0	0	0	0	1.78193	0	0	0	0	0	1.4369	1.68524	2.97789	1.8219	0	2.00314	2.9167	1.11261	1.33885	1.71278	2.18431	2.25825	1.80813	2.79224	1.55405	0	0	0	0	0	0	0	0	0	1.9567	2.5585	1.92547	0	0	0	0	0	0	0	0	0	0	0	0	0	0	0	0	1.61432	1.71384	2.25752	2.54255	1.87574	1.89982	2.48648	1.49403	1.58724	2.33232	0	0	0	0	0.935016	-0.0611439	0.988095	16.4097
1.78492	2.97393	0	0	0	0	0	0	0	0	0	0	1.20601	0	0	0	0	0	0	0	2.60731	2.52469	1.20638	1.10228	2.87551	2.68244	0	0	0	0	0	0	0	0	0	0	0	0	0	1.54546	0	0	0	0	0	0	1.8931	1.01561	2.9058	2.21967	1.87569	2.59842	0	0	0	0	0	0	0	0	2.70191	1.78282	1.02585	2.99342	1.43334	0	0	0	0	0	0	0	0	0	0	2.37843	0	0	2.65889	1.55702	2.90938	1.41727	1.87649	1.79272	1.15514	2.43427	1.57765	2.72928	1.97456	1.47779	2.42985	0	0	1.70948	1.19564	2.02693	1.3415	2.02313	2.32588	1.72558	2.94339	2.18959	1.47899	1.17544	0	0	0	0	0	0	0	0	0	0	0	2.75106	0	1.84004	1.29997	2.71417	2.37244	1.16464	1.07224	1.7992	1.10534	2.9283	2.59406	1.04557	1.35147	0	1.04382	0	0	0	0	0	0	2.09166	2.02968	2.06268	2.94319	2.77976	0	0	0	0	0	0	2.62355	2.83958	1.50664	1.73131	2.8262	2.13822	2.91241	2.13435	0	0	0	0	0	0	0	0	0	0	0	0	0	0	1.19555	1.41682	1.39904	0	0	0	1.50228	0	2.54765	2.35382	2.7052	1.34201	2.84081	1.54048	0	0	0	0	0	0	1.45626	1.4183	2.92444	1.03914	0	1.14063	1.60177	1.2075	1.33273	1.2971	0	0	0	0	0	0	0	0	1.67283	1.13556	2.47973	1.78636	2.73203	1.9632	1.21682	2.27408	1.58826	2.95033	0	0	0	0	0	2.2019	0	1.44813	2.84853	0	0	0	0	0	0	0	1.24389	1.31974	2.71781	0	0	1.12054	0	0	2.74716	0	0	0	0	2.60617	0	0	1.72641	0	0	0	0	0	0	0	0	0	0	0	0	0	0	0	0	2.10015	0	2.24273	1.51056	1.39556	2.56281	0	0	0	0	0	0	0	0	0	0	1.1691	1.85255	0	0	0	0	0	2.8931	2.52072	1.09247	1.09473	1.40671	0	0	0	1.87236	0	0	0	0	0	0	0	1.00547	1.44418	0	0	0	0	2.88296	0	0	0	0	0	0	0	0	0	0	0	0	0	2.65112	2.79848	0	0	2.61771	1.96226	1.28185	0	0	0	0	0	2.45345	1.96085	2.41223	0	0	0	0	1.64716	2.11006	1.11889	2.69227	1.63198	2.60435	2.58575	1.76601	1.22449	2.31127	1.94439	0	0	0	0	0	0	0	0	1.16623	2.27843	1.61433	2.58798	0	1.8709	1.28693	0	0	0	0	0	2.09039	1.28739	0	0	0	0	0	0	0	0	0	1.5208	2.39477	1.57049	2.29526	1.74258	0	2.59717	1.46371	0	0	2.52825	1.14255	2.10134	1.30835	2.31709	2.92886	2.27501	1.26461	1.64563	2.51395	2.48524	2.13668	0	0	0	2.07398	2.42797	2.49489	1.89724	0	0	0	0	0	0	0	0	0	0	0	1.61043	2.91372	0	0	0	0	2.09727	0	0	0	0	0	2.24338	1.34934	1.45137	0	0	0	1.23756	1.41396	1.02033	0	0	0	0	0	0	2.19249	2.74414	2.45354	2.19883	1.54909	1.92885	1.2149	1.05901	1.4166	1.49617	2.78257	2.61942	0	0	2.89552	1.45745	1.11621	2.60451	1.41182	1.69716	1.27812	1.1209	2.82386	2.07854	2.82861	2.78562	2.19417	0	0	2.26445	0	1.08675	0	0	0	0	0	0	0	1.54637	2.27221	0	0	0	0	2.48512	1.28878	2.34124	0	0	0	0	2.8746	2.50466	2.18759	2.03558	0	0	0	0	0	0	0	2.34432	1.44155	2.86527	0	0	0	1.33023	2.05994	0	0	0	0	0	0	0	2.59072	0	0	1.87767	2.9271	1.57642	2.09062	2.3018	1.74492	2.77363	2.5413	2.93415	2.77022	1.60666	1.64626	1.61465	0	0	0	0	0	0	0	0	0	0	0	0	0	0	0	2.6342	1.02876	1.54031	2.83845	0	0	0	0	0	2.91208	2.22951	2.65496	1.72361	2.16439	1.17654	1.17115	2.84206	1.03101	2.20822	2.70065	2.33201	0	0	0	0	1.78193	0	0	0	0	0	1.4369	1.68524	2.97789	1.8219	1.02385	2.00314	2.9167	1.11261	1.33885	1.71278	2.18431	2.25825	1.80813	2.79224	1.55405	0	0	0	0	0	0	0	0	0	1.9567	2.5585	1.92547	0	0	0	0	0	0	0	0	0	0	0	0	0	0	0	0	1.43053	1.71384	2.25752	2.54255	1.87574	1.89982	2.48648	1.49403	1.58724	2.33232	0	0	0	0.970942	-0.105305	0.994048	18.8025
