0	1.6898	0	2.65068	1.51252	1.56288	1.01542	0	0	2.55545	2.87677	2.27531	0	0	0	0	0	0	0	0	0	0	0	0	0	0	0	0	0	0	0	0	0	0	0	0	0	0	0	1.07232	2.9943	2.41996	2.54738	1.96557	2.18456	0	0	0	2.10907	0	0	0	0	0	1.19577	2.38538	2.94085	1.35357	0	0	0	0	0	0	0	1.70585	2.67717	1.21311	2.59659	1.91975	2.38319	2.20523	1.64747	2.47302	2.80367	1.31429	2.23003	0	1.85839	1.35891	1.43511	2.73575	1.72403	1.35388	0	0	0	2.75524	0	0	0	0	0	0	2.93777	1.94716	1.8643	1.47589	2.64664	2.49808	2.50158	0	0	0	1.0413	1.33816	2.82234	1.38176	0	0	0	0	0	0	1.12473	1.02203	0	0	0	1.44759	2.46938	2.44963	2.94602	1.6477	2.50085	2.64628	1.11798	2.58888	0	0	0	0	0	0	0	0	0	0	1.51329	2.71374	2.85113	0	0	0	0	0	0	0	0	0	0	2.68086	1.32877	0	0	0	2.63679	0	0	0	0	0	0	2.87813	1.36457	0	0	0	2.05798	0	0	0	0	0	0	2.59052	2.55409	1.45988	1.93807	0	0	2.69874	0	0	0	0	0	1.93771	2.60974	2.36403	1.97333	1.17106	2.1967	2.1917	2.29008	0	0	0	0	0	0	0	0	0	0	0	0	0	0	0	0	0	0	0	0	0	0	0	0	0	0	0	0	0	0	0	0	2.9811	1.61738	1.45865	2.11328	2.98275	2.24256	0	1.32511	1.46891	1.77819	2.48068	2.8926	2.22541	1.57664	2.17471	1.56921	0	2.89084	2.85362	0	1.36211	1.75733	1.15459	1.81762	2.86749	1.37318	1.45501	2.12335	0	0	0	1.60858	2.4819	0	2.60745	2.11844	1.58055	2.76244	2.85114	1.72944	1.27074	0	0	0	0	0	2.68388	2.98056	1.12204	1.66837	1.36911	2.36036	1.88701	2.89464	2.05582	2.31563	0	0	2.24404	0	0	1.67148	2.36003	2.83583	2.31615	2.37362	2.68296	2.26611	1.7215	2.48052	0	0	1.41039	2.1625	1.98058	0	0	0	0	1.29572	2.47559	0	0	0	0	2.97324	2.87317	1.82642	1.2542	1.20105	2.22895	2.58122	1.36754	2.11724	0	1.93715	2.32752	1.37307	2.55251	1.79754	2.52113	2.57825	1.84593	1.30791	2.34887	2.31388	2.67192	1.25861	1.26292	1.03992	2.64505	1.37678	1.31569	1.20267	0	0	0	0	1.34607	2.35394	1.4518	0	0	0	0	0	2.19514	0	0	0	0	0	0	1.02285	1.88428	2.50689	2.80688	0	0	0	0	0	0	0	0	0	0	0	0	0	1.75979	1.09762	2.20047	1.35142	2.75995	1.16218	2.52272	2.56761	0	1.52992	0	0	0	0	2.77674	2.2134	2.76554	2.17215	2.08156	2.73372	0	0	0	0	0	0	0	0	2.35984	1.70164	2.65271	1.84164	1.70892	2.80101	2.38965	1.72351	0	0	0	0	0	0	0	2.94023	2.0894	2.50917	0	1.56548	1.21482	2.67749	2.95215	0	0	0	0	2.72204	2.54937	1.80904	2.98867	1.38512	2.01211	0	0	0	0	0	2.12742	1.97153	1.10152	1.98298	2.31555	0	0	0	0	0	0	0	0	0	1.39191	1.597	2.32614	1.08075	2.3271	2.07103	1.35435	1.44262	2.80761	0	0	1.75225	2.15731	1.51615	2.52657	1.23536	1.07472	0	0	0	0	0	0	0	2.77739	2.31528	2.23626	2.2622	0	0	0	1.42323	2.32212	2.19229	0	0	0	1.25784	1.06333	1.17259	2.64583	0	0	0	0	2.46333	2.64133	0	0	0	0	0	2.67529	1.29082	0	0	1.94001	1.56135	1.85068	1.7826	0	0	0	2.19313	2.0373	0	0	2.09963	1.18052	2.07457	1.00069	2.04472	2.18958	0	0	0	2.07813	2.2055	1.07001	2.14201	2.91684	2.61869	1.73276	2.10951	2.64604	0	0	1.13703	1.63585	1.93298	0	0	0	0	0	0	1.24003	0	0	0	0	0	0	0	0	0	0	0	1.44986	2.36898	1.07144	0	0	0	2.65065	0	0	0	0	0	0	0	0	0	0	0	0	0	1.70479	1.65022	2.93826	2.3768	1.87514	1.72503	1.39227	2.28041	0	0	0	0	0	0	0	0	0	0	0	0	0	0	0	0	0	0	2.87969	2.94946	2.53785	1.82078	0	0	0	0	0	0	0	0	0	0	0	0	0	0	0	0	0	1.37305	1.44978	0	0	0	0	0	0	0	0	2.6843	2.06302	2.3269	1.7465	2.14507	1.21511	2.92261	1.52999	0.992709	0.21281	0.0714286	16.7458
0	0	1.6898	0	2.65068	1.51252	1.56288	1.01542	0	0	2.55545	2.87677	2.27531	0	0	0	0	0	0	0	0	0	0	0	0	0	1.35301	0	0	0	0	0	0	0	0	0	0	0	0	0	1.07232	2.9943	2.41996	2.54738	1.96557	2.18456	0	0	0	2.10907	0	0	2.76507	0	0	1.19577	2.38538	2.94085	1.35357	0	0	0	0	0	0	2.79348	1.70585	2.67717	1.21311	2.59659	1.91975	2.38319	2.20523	1.64747	2.47302	2.80367	1.31429	2.23003	2.6392	1.85839	1.35891	1.43511	2.73575	1.72403	1.35388	0	0	0	2.75524	0	0	0	0	0	0	2.93777	1.94716	1.8643	1.47589	2.64664	2.49808	2.50158	0	0	0	1.0413	1.33816	2.82234	1.38176	0	0	0	0	0	0	1.12473	1.02203	0	0	0	1.44759	2.46938	2.44963	2.94602	1.6477	2.50085	2.64628	1.11798	2.58888	0	0	0	0	0	0	0	0	0	0	1.51329	2.71374	2.85113	0	0	0	0	0	0	0	0	0	0	2.68086	1.32877	0	0	2.5775	2.63679	0	0	0	0	0	0	2.87813	1.36457	0	0	0	0	0	0	0	0	0	0	2.59052	2.55409	1.45988	1.93807	0	0	0	0	0	0	0	0	1.93771	2.60974	2.36403	1.97333	1.17106	2.1967	2.1917	0	0	0	0	0	0	0	0	0	0	0	0	0	2.77064	0	0	0	0	0	0	0	0	0	0	0	0	0	0	0	0	0	0	0	2.9811	1.61738	1.45865	2.11328	2.98275	2.24256	1.72513	1.32511	1.46891	1.77819	2.48068	2.8926	2.22541	1.57664	2.17471	1.56921	0	2.89084	2.85362	2.68904	1.36211	1.75733	1.15459	1.81762	2.86749	1.37318	1.45501	2.12335	0	0	0	1.60858	0	0	2.60745	2.11844	1.58055	2.76244	2.85114	1.72944	1.27074	0	0	0	0	0	2.68388	2.98056	1.12204	1.66837	1.36911	2.36036	1.88701	2.89464	2.05582	2.31563	0	0	0	0	0	1.67148	2.36003	2.83583	2.31615	2.37362	2.68296	2.26611	1.7215	2.48052	0	2.08368	1.41039	2.1625	1.98058	0	0	0	0	1.29572	2.47559	0	0	0	2.29011	2.97324	2.87317	1.82642	1.2542	1.20105	2.22895	2.58122	1.36754	2.11724	0	1.93715	2.32752	1.42176	2.55251	1.79754	2.52113	2.57825	1.84593	1.30791	2.34887	2.31388	2.67192	1.25861	1.26292	1.03992	2.41459	1.37678	1.31569	1.20267	0	0	0	0	1.34607	2.35394	1.4518	0	0	1.19223	0	0	2.19514	0	0	0	0	0	0	1.02285	1.88428	2.50689	0	0	0	0	0	0	0	0	0	0	0	0	0	1.88437	1.75979	1.09762	2.20047	1.35142	2.75995	1.16218	2.52272	2.56761	0	1.52992	0	0	0	0	2.77674	2.2134	2.76554	2.17215	2.08156	2.73372	0	0	0	0	0	2.15699	0	0	2.35984	1.70164	2.65271	1.84164	1.70892	2.80101	2.38965	1.72351	0	0	0	0	0	0	0	2.94023	2.0894	2.50917	0	1.56548	1.21482	2.67749	2.95215	1.32511	0	0	0	2.72204	2.54937	1.80904	2.98867	1.38512	2.01211	0	0	0	0	0	2.12742	1.97153	1.10152	1.98298	2.31555	0	0	0	0	0	0	2.21698	0	0	1.39191	1.597	2.32614	1.08075	2.3271	2.07103	1.35435	1.44262	2.80761	0	2.09115	1.75225	2.15731	1.51615	2.52657	1.23536	1.07472	0	0	0	0	0	0	2.29723	2.77739	2.31528	2.23626	2.2622	0	0	0	1.42323	2.32212	2.19229	0	0	1.5571	1.25784	1.06333	1.17259	2.64583	0	0	0	0	2.46333	2.64133	0	0	0	0	0	2.67529	1.29082	0	0	1.94001	1.56135	1.85068	1.7826	0	0	1.16923	2.19313	2.0373	0	0	2.09963	1.18052	2.07457	1.00069	2.04472	2.18958	0	0	1.2603	2.07813	2.2055	1.07001	2.14201	2.91684	2.61869	1.73276	2.10951	2.64604	0	0	1.13703	1.83073	1.93298	0	0	0	0	0	0	1.24003	0	0	0	0	0	0	0	0	0	0	0	1.44986	2.36898	1.07144	0	0	0	1.48095	0	0	0	0	0	0	0	0	0	0	0	0	2.74472	1.70479	1.65022	2.93826	2.3768	1.87514	1.72503	1.39227	2.28041	0	0	0	0	0	0	0	0	0	0	0	0	0	0	0	0	0	0	2.87969	2.94946	2.53785	1.82078	0	0	0	0	0	0	0	0	2.96337	0	0	0	0	0	0	0	0	1.37305	1.44978	0	0	0	0	0	0	0	0	2.6843	2.06302	2.3269	1.7465	2.14507	1.21511	2.92261	1	0.255813	0.077381	17.735
0	0	0	1.6898	0	2.65068	1.51252	1.56288	1.01542	0	0	2.55545	2.87677	2.26174	0	0	0	0	0	0	0	0	0	0	0	0	2.67656	1.35301	0	0	0	0	0	0	0	0	0	0	0	0	0	1.07232	2.9943	2.41996	2.54738	1.96557	2.18456	0	0	0	2.10907	0	1.7831	2.76507	0	0	1.19577	2.38538	2.94085	1.35357	0	0	0	0	0	1.38173	2.79348	1.70585	2.67717	1.21311	2.59659	1.91975	2.38319	2.20523	1.64747	2.47302	2.80367	1.31429	2.87851	2.6392	1.85839	1.35891	1.43511	2.73575	1.72403	1.35388	0	0	0	2.75524	0	0	0	0	0	0	2.93777	1.94716	1.8643	1.47589	2.64664	2.49808	2.50158	0	0	0	1.0413	1.33816	2.82234	1.38176	0	0	0	0	0	0	1.12473	0	0	0	0	1.44759	2.46938	2.44963	2.94602	1.6477	2.50085	2.64628	1.11798	2.58888	0	0	0	0	0	0	0	0	0	0	1.51329	2.71374	2.85113	0	0	0	0	0	0	0	0	0	0	2.68086	1.32877	0	0	2.5775	2.63679	0	0	0	0	0	0	2.87813	1.36457	0	0	0	0	0	0	0	0	0	0	2.59052	2.55409	1.45988	1.93807	0	0	0	0	0	0	0	0	1.93771	2.60974	2.36403	1.97333	1.17106	2.1967	2.18943	0	0	0	0	0	0	0	0	0	0	0	0	2.68299	2.77064	0	0	0	0	0	0	0	0	0	0	0	2.0569	0	0	0	0	0	0	0	2.9811	1.61738	1.45865	2.11328	2.98275	2.79907	1.72513	1.32511	1.46891	1.77819	2.48068	2.8926	2.22541	1.57664	2.17471	1.56921	0	2.89084	2.22382	2.68904	1.36211	1.75733	1.15459	1.81762	2.86749	1.37318	1.45501	2.12335	0	0	0	0	0	0	2.60745	2.11844	1.58055	2.76244	2.85114	1.72944	1.27074	0	0	0	0	0	2.68388	2.98056	1.12204	1.66837	1.36911	2.36036	1.88701	2.89464	2.05582	2.31563	0	0	0	0	0	1.67148	2.36003	2.83583	2.31615	2.37362	2.68296	2.26611	1.7215	2.48052	1.75901	2.08368	1.41039	2.1625	1.98058	0	0	0	0	1.29572	2.47559	0	0	0	2.29011	2.97324	2.87317	1.82642	1.2542	1.20105	2.22895	2.58122	1.36754	2.11724	0	1.93715	2.9693	1.42176	2.55251	1.79754	2.52113	2.57825	1.84593	1.30791	2.34887	2.31388	2.67192	1.25861	1.26292	2.41174	2.41459	1.37678	1.31569	1.20267	0	0	0	0	1.34607	2.35394	1.4518	0	1.79764	1.19223	0	0	2.19514	0	0	0	0	0	0	1.02285	1.88428	0	0	0	0	0	0	0	0	0	0	0	0	0	1.24619	1.88437	1.75979	1.09762	2.20047	1.35142	2.75995	1.16218	2.52272	2.56761	0	1.52992	0	0	0	0	2.77674	2.2134	2.76554	2.17215	2.08156	2.73372	0	0	0	0	0	2.15699	0	0	2.35984	1.70164	2.65271	1.84164	1.70892	2.80101	2.38965	1.72351	0	0	0	0	0	0	0	2.94023	2.0894	2.50917	0	1.56548	1.21482	2.67749	1.11948	1.32511	0	0	0	2.72204	2.54937	1.80904	2.98867	1.38512	2.01211	0	0	0	0	0	2.12742	1.97153	1.10152	1.98298	2.31555	0	0	0	0	0	1.9363	2.21698	0	0	1.39191	1.597	2.32614	1.08075	2.3271	2.07103	1.35435	1.44262	2.80761	2.72716	2.09115	1.75225	2.15731	1.51615	2.52657	1.23536	1.07472	0	0	0	0	0	2.83745	2.29723	2.77739	2.31528	2.23626	2.2622	0	0	0	1.42323	2.32212	2.19229	0	0	1.5571	1.25784	1.06333	1.17259	2.64583	0	0	0	0	2.46333	2.64133	0	2.45408	0	0	0	2.67529	1.29082	0	0	1.94001	1.56135	1.85068	1.7826	0	2.48105	1.16923	2.19313	2.0373	0	0	2.09963	1.18052	2.07457	1.00069	2.04472	2.18958	0	1.75075	1.2603	2.07813	2.2055	1.07001	2.14201	2.91684	2.61869	1.73276	2.10951	2.64604	0	0	1.98696	1.83073	1.93298	0	0	0	0	0	0	1.24003	0	0	0	0	0	0	0	0	0	0	0	1.44986	2.36898	1.07144	0	0	1.09787	1.48095	0	0	0	0	0	0	0	0	0	0	0	2.9834	2.74472	1.70479	1.65022	2.93826	2.3768	1.87514	1.72503	1.39227	2.28041	0	0	0	0	0	0	0	0	0	0	0	0	0	0	0	0	2.23723	0	2.87969	2.94946	2.53785	1.82078	0	0	0	0	0	0	0	2.28541	2.96337	0	0	0	0	0	0	0	0	1.37305	1.44978	0	0	0	0	0	0	0	0	2.6843	2.06302	2.3269	1.7465	2.14507	1.21511	0.992709	0.330053	0.0833333	18.6489
0	0	0	0	1.6898	0	2.65068	1.51252	1.56288	1.01542	0	0	2.55545	1.86352	2.26174	0	0	0	0	0	0	0	0	0	0	0	2.73971	2.67656	1.35301	0	0	0	0	0	0	0	0	0	0	0	0	0	1.07232	2.9943	2.41996	2.54738	1.96557	2.18456	0	0	0	2.10907	1.16736	1.7831	2.76507	0	0	1.19577	2.38538	2.94085	1.35357	0	0	0	0	2.32811	1.38173	2.79348	1.70585	2.67717	1.21311	2.59659	1.91975	2.38319	2.20523	1.64747	2.47302	2.80367	1.78967	2.87851	2.6392	1.85839	1.35891	1.43511	2.73575	1.72403	1.35388	0	0	0	2.75524	0	0	0	0	0	0	2.93777	1.94716	1.8643	1.47589	2.64664	2.49808	2.50158	0	0	0	1.0413	1.33816	2.82234	1.38176	0	0	0	0	0	0	0	0	0	0	0	1.44759	2.46938	2.44963	2.94602	1.6477	2.50085	2.64628	1.11798	0	0	0	0	0	0	0	0	0	0	0	1.51329	2.71374	0	0	0	0	0	0	0	0	0	0	0	2.68086	1.32877	0	0	2.5775	2.63679	0	0	0	0	0	0	2.87813	1.36457	0	0	0	0	0	0	0	0	0	0	2.59052	2.55409	1.45988	1.93807	0	0	0	0	0	0	0	0	1.93771	2.60974	2.36403	1.97333	1.17106	1.04293	2.18943	0	0	0	0	0	0	0	0	0	0	0	2.36488	2.68299	2.77064	0	0	0	0	0	0	0	0	0	0	1.39716	2.0569	0	0	0	0	0	0	0	2.9811	1.61738	1.45865	2.11328	2.31066	2.79907	1.72513	1.32511	1.46891	1.77819	2.48068	2.8926	2.22541	1.57664	2.17471	1.56921	0	1.76434	2.22382	2.68904	1.36211	1.75733	1.15459	1.81762	2.86749	1.37318	1.45501	2.12335	0	0	0	0	0	0	2.60745	2.11844	1.58055	2.76244	2.85114	1.72944	1.27074	0	0	2.20683	0	0	2.68388	2.98056	1.12204	1.66837	1.36911	2.36036	1.88701	2.89464	2.05582	2.31563	0	0	0	0	0	1.67148	2.36003	2.83583	2.31615	2.37362	2.68296	2.26611	1.7215	1.57657	1.75901	2.08368	1.41039	2.1625	1.98058	0	0	0	0	1.29572	2.47559	0	2.58028	0	2.29011	2.97324	2.87317	1.82642	1.2542	1.20105	2.22895	2.58122	1.36754	2.11724	0	1.70448	2.9693	1.42176	2.55251	1.79754	2.52113	2.57825	1.84593	1.30791	2.34887	2.31388	2.67192	1.25861	1.11934	2.41174	2.41459	1.37678	1.31569	1.20267	0	0	0	0	1.34607	2.35394	1.4518	2.07893	1.79764	1.19223	0	0	2.19514	0	0	0	0	0	0	1.02285	0	0	0	0	0	0	0	0	0	0	0	0	0	1.66467	1.24619	1.88437	1.75979	1.09762	2.20047	1.35142	2.75995	1.16218	2.52272	2.56761	0	1.52992	0	0	0	0	2.77674	2.2134	2.76554	2.17215	2.08156	2.73372	0	0	0	0	0	2.15699	0	0	2.35984	1.70164	2.65271	1.84164	1.70892	2.80101	2.38965	1.72351	0	0	0	0	0	0	0	2.94023	2.0894	2.50917	0	1.56548	1.21482	2.47013	1.11948	1.32511	0	0	0	2.72204	2.54937	1.80904	2.98867	1.38512	2.01211	0	0	0	0	0	2.12742	1.97153	1.10152	1.98298	2.31555	0	0	0	0	1.2447	1.9363	2.21698	0	0	1.39191	1.597	2.32614	1.08075	2.3271	2.07103	1.35435	1.44262	2.50974	2.72716	2.09115	1.75225	2.15731	1.51615	2.52657	1.23536	1.07472	0	0	0	0	1.64258	2.83745	2.29723	2.77739	2.31528	2.23626	2.2622	0	0	0	1.42323	2.32212	2.19229	0	0	1.5571	1.25784	1.06333	1.17259	2.64583	0	0	0	0	2.46333	2.64133	0	2.45408	0	0	0	2.67529	1.29082	0	0	1.94001	1.56135	1.85068	1.7826	2.66463	2.48105	1.16923	2.19313	2.0373	0	0	2.09963	1.18052	2.07457	1.00069	2.04472	2.18958	1.39923	1.75075	1.2603	2.07813	2.2055	1.07001	2.14201	2.91684	2.61869	1.73276	2.10951	2.64604	0	2.65054	1.98696	1.83073	1.93298	0	0	0	0	0	0	1.24003	0	0	2.23338	0	0	0	0	0	0	0	0	1.44986	2.36898	1.07144	0	1.23881	1.09787	1.48095	0	0	0	0	0	0	0	0	0	0	2.82484	2.9834	2.74472	1.70479	1.65022	2.93826	2.3768	1.87514	1.72503	1.39227	2.28041	0	0	0	0	0	0	0	0	0	0	0	0	0	0	0	1.83096	2.23723	0	2.87969	2.94946	2.53785	1.82078	0	0	0	0	0	0	0	2.28541	2.96337	0	0	0	0	0	0	0	0	1.37305	1.44978	0	0	0	0	0	0	0	0	2.6843	2.06302	2.3269	1.7465	2.14507	0.970942	0.225696	0.0892857	18.3965
0	0	0	0	0	1.6898	0	2.65068	1.51252	1.56288	1.01542	0	0	1.13014	1.86352	2.26174	0	0	0	0	0	0	0	0	0	0	1.62498	2.73971	2.67656	1.35301	0	0	0	0	0	0	0	0	0	0	0	0	0	1.07232	2.9943	2.41996	2.54738	1.96557	2.18456	0	0	0	2.25132	1.16736	1.7831	2.76507	0	0	1.19577	2.38538	2.94085	1.35357	0	0	0	2.92241	2.32811	1.38173	2.79348	1.70585	2.67717	1.21311	2.59659	1.91975	2.38319	2.20523	1.64747	2.47302	2.4944	1.78967	2.87851	2.6392	1.85839	1.35891	1.43511	2.73575	1.72403	1.35388	0	0	0	0	0	0	0	0	0	0	2.93777	1.94716	1.8643	1.47589	2.64664	2.49808	1.41864	0	0	0	1.0413	1.33816	2.82234	1.38176	0	0	0	0	0	0	0	0	0	0	0	1.44759	2.46938	2.44963	2.94602	1.6477	2.50085	2.64628	0	0	0	0	0	0	0	0	0	0	0	0	1.51329	0	0	0	0	0	0	0	0	0	0	0	0	2.68086	0	0	0	2.5775	2.63679	0	0	0	0	0	0	2.87813	1.36457	0	0	0	0	0	0	0	0	0	0	2.59052	2.55409	1.45988	0	0	0	0	0	0	0	0	0	1.93771	2.60974	2.36403	1.97333	1.51907	1.04293	2.18943	0	0	0	0	0	0	0	0	0	0	1.32145	2.36488	2.68299	2.77064	0	0	0	0	0	0	0	0	0	0	1.39716	2.0569	0	0	0	0	0	0	0	2.9811	1.61738	1.45865	1.28565	2.31066	2.79907	1.72513	1.32511	1.46891	1.77819	2.48068	2.8926	2.22541	1.57664	2.17471	1.56921	0	1.76434	2.22382	2.68904	1.36211	1.75733	1.15459	1.81762	2.86749	1.37318	1.45501	2.12335	0	1.5736	0	0	0	0	2.60745	2.11844	1.58055	2.76244	2.85114	1.72944	1.27074	0	1.8734	2.20683	0	0	2.68388	2.98056	1.12204	1.66837	1.36911	2.36036	1.88701	2.89464	2.05582	2.09934	0	0	0	0	0	1.67148	2.36003	2.83583	2.31615	2.37362	2.68296	2.26611	2.53189	1.57657	1.75901	2.08368	1.41039	2.1625	1.98058	0	0	0	0	1.29572	2.47559	2.19443	2.58028	0	2.29011	2.97324	2.87317	1.82642	1.2542	1.20105	2.22895	2.58122	1.36754	2.11724	0	1.70448	2.9693	1.42176	2.55251	1.79754	2.52113	2.57825	1.84593	1.30791	2.34887	2.31388	2.67192	0	1.11934	2.41174	2.41459	1.37678	1.31569	1.20267	0	0	0	0	1.34607	2.35394	0	2.07893	1.79764	1.19223	0	0	2.19514	0	0	0	0	0	0	1.17726	0	0	0	0	0	0	0	0	0	0	0	0	2.94787	1.66467	1.24619	1.88437	1.75979	1.09762	2.20047	1.35142	2.75995	1.16218	2.52272	2.56761	0	2.94612	0	0	0	0	2.77674	2.2134	2.76554	2.17215	2.08156	2.73372	0	0	0	0	0	2.15699	0	0	2.35984	1.70164	2.65271	1.84164	1.70892	2.80101	2.38965	0	0	0	0	0	0	0	0	2.94023	2.0894	2.50917	0	1.56548	2.10703	2.47013	1.11948	1.32511	0	0	0	2.72204	2.54937	1.80904	2.98867	1.38512	2.01211	0	0	0	0	0	2.12742	1.97153	1.10152	1.98298	2.31555	0	0	0	0	1.2447	1.9363	2.21698	0	0	1.39191	1.597	2.32614	1.08075	2.3271	2.07103	1.35435	2.42025	2.50974	2.72716	2.09115	1.75225	2.15731	1.51615	2.52657	1.23536	1.07472	0	0	0	0	1.64258	2.83745	2.29723	2.77739	2.31528	2.23626	2.2622	0	0	0	1.42323	2.32212	0	0	0	1.5571	1.25784	1.06333	1.17259	2.64583	0	0	0	0	2.46333	2.33841	0	2.45408	0	0	0	2.67529	1.29082	0	0	1.94001	1.56135	1.85068	2.17505	2.66463	2.48105	1.16923	2.19313	2.0373	0	0	2.09963	1.18052	2.07457	1.00069	2.04472	1.72322	1.39923	1.75075	1.2603	2.07813	2.2055	1.07001	2.14201	2.91684	2.61869	1.73276	2.10951	2.64604	0	2.65054	1.98696	1.83073	1.93298	0	0	0	0	0	0	1.24003	0	1.00732	2.23338	0	0	0	0	0	0	0	0	1.44986	2.36898	1.07144	2.24787	1.23881	1.09787	1.48095	0	0	0	0	0	0	0	0	0	1.86909	2.82484	2.9834	2.74472	1.70479	1.65022	2.93826	2.3768	1.87514	1.72503	1.39227	2.28041	0	0	0	0	0	0	0	0	0	0	0	0	0	0	0	1.83096	2.23723	0	2.87969	2.94946	2.53785	1.82078	0	0	0	0	0	0	0	2.28541	2.96337	0	0	0	0	0	0	0	0	1.37305	2.13036	0	0	0	0	0	0	0	0	2.6843	2.06302	2.3269	1.7465	0.935016	0.253586	0.0952381	19.002
0	0	0	0	0	0	1.6898	0	2.65068	1.51252	1.56288	1.01542	0	0	1.13014	1.86352	2.26174	0	0	0	0	0	0	0	0	0	1.56159	1.62498	2.73971	2.67656	1.35301	0	0	0	0	0	0	0	0	0	0	0	0	0	1.07232	2.9943	2.41996	2.54738	1.96557	2.18456	0	0	1.7051	2.25132	1.16736	1.7831	2.76507	0	0	1.19577	2.38538	2.94085	1.35357	0	0	2.21583	2.92241	2.32811	1.38173	2.79348	1.70585	2.67717	1.21311	2.59659	1.91975	2.38319	2.20523	1.64747	0	2.4944	1.78967	2.87851	2.6392	1.85839	1.35891	1.43511	2.73575	1.72403	1.35388	0	0	0	0	0	0	0	0	0	0	2.93777	1.94716	1.8643	1.47589	2.64664	0	1.41864	0	0	0	1.0413	1.33816	2.82234	1.38176	0	0	0	0	2.60529	0	0	0	0	0	0	1.44759	2.46938	2.44963	2.94602	1.6477	2.50085	0	0	0	0	0	0	0	0	0	0	0	0	0	0	0	0	0	0	0	0	0	0	0	0	0	0	0	0	0	0	2.5775	2.63679	0	0	0	0	0	0	2.87813	0	0	0	0	0	0	0	0	0	0	0	2.59052	2.55409	2.68951	0	0	0	0	0	0	0	0	0	1.93771	2.60974	2.36403	2.09945	1.51907	1.04293	2.18943	0	0	0	0	0	0	0	0	0	2.55858	1.32145	2.36488	2.68299	2.77064	0	0	0	0	0	0	0	0	1.54571	0	1.39716	2.0569	0	0	0	0	0	0	0	2.9811	1.61738	1.46873	1.28565	2.31066	2.79907	1.72513	1.32511	1.46891	1.77819	2.48068	2.8926	2.22541	1.57664	2.17471	0	0	1.76434	2.22382	2.68904	1.36211	1.75733	1.15459	1.81762	2.86749	1.37318	1.45501	2.12335	0	1.5736	0	0	0	0	2.60745	2.11844	1.58055	2.76244	2.85114	1.72944	1.27074	1.81561	1.8734	2.20683	0	0	2.68388	2.98056	1.12204	1.66837	1.36911	2.36036	1.88701	2.89464	0	2.09934	0	0	0	0	0	1.67148	2.36003	2.83583	2.31615	2.37362	2.68296	1.44783	2.53189	1.57657	1.75901	2.08368	1.41039	2.1625	1.98058	0	0	0	0	1.29572	2.24744	2.19443	2.58028	0	2.29011	2.97324	2.87317	1.82642	1.2542	1.20105	2.22895	2.58122	1.36754	2.88714	0	1.70448	2.9693	1.42176	2.55251	1.79754	2.52113	2.57825	1.84593	1.30791	2.34887	2.31388	2.47102	0	1.11934	2.41174	2.41459	1.37678	1.31569	1.20267	0	0	0	0	1.34607	0	0	2.07893	1.79764	1.19223	0	0	2.19514	0	0	0	0	0	1.17143	1.17726	0	0	0	0	0	0	0	0	0	0	0	2.92347	2.94787	1.66467	1.24619	1.88437	1.75979	1.09762	2.20047	1.35142	2.75995	1.16218	2.52272	2.56761	0	2.94612	0	0	0	0	2.77674	2.2134	2.76554	2.17215	2.08156	2.73372	0	2.26638	0	0	0	2.15699	0	0	2.35984	1.70164	2.65271	1.84164	1.70892	2.80101	0	0	0	0	0	0	0	0	0	2.94023	2.0894	2.50917	0	2.23669	2.10703	2.47013	1.11948	1.32511	0	0	0	2.72204	2.54937	1.80904	2.98867	1.38512	0	0	0	0	0	0	2.12742	1.97153	1.10152	1.98298	2.31555	0	0	0	0	1.2447	1.9363	2.21698	0	0	1.39191	1.597	2.32614	1.08075	2.3271	2.07103	1.0181	2.42025	2.50974	2.72716	2.09115	1.75225	2.15731	1.51615	2.52657	1.23536	1.07472	0	0	0	0	1.64258	2.83745	2.29723	2.77739	2.31528	2.23626	2.2622	0	0	0	1.42323	0	0	0	0	1.5571	1.25784	1.06333	1.17259	2.64583	0	0	0	0	0	2.33841	0	2.45408	0	0	0	2.67529	1.29082	0	0	1.94001	1.56135	2.25536	2.17505	2.66463	2.48105	1.16923	2.19313	2.0373	0	0	2.09963	1.18052	2.07457	1.00069	2.92323	1.72322	1.39923	1.75075	1.2603	2.07813	2.2055	1.07001	2.14201	2.91684	2.61869	1.73276	2.10951	0	0	2.65054	1.98696	1.83073	1.93298	0	0	0	0	0	0	1.24003	1.4437	1.00732	2.23338	0	0	0	0	0	0	0	0	1.44986	2.36898	0	2.24787	1.23881	1.09787	1.48095	0	0	0	0	0	0	0	0	2.55155	1.86909	2.82484	2.9834	2.74472	1.70479	1.65022	2.93826	2.3768	1.87514	1.72503	1.39227	2.28041	0	0	0	0	0	0	0	0	0	0	0	0	0	0	0	1.83096	2.23723	0	2.87969	2.94946	2.53785	1.82078	0	0	0	0	0	0	0	2.28541	2.96337	0	0	0	0	0	0	0	0	2.33353	2.13036	0	0	0	0	0	0	0	0	2.6843	2.06302	2.3269	0.885456	0.32316	0.10119	18.9045
2.02998	0	0	0	0	0	0	1.6898	0	2.65068	1.51252	1.56288	1.01542	0	0	1.13014	1.86352	2.26174	0	0	0	0	0	0	0	0	0	1.56159	1.62498	2.73971	2.67656	1.35301	0	0	0	0	0	0	0	1.51979	0	0	0	0	0	1.07232	2.9943	2.41996	2.54738	1.96557	2.18456	0	1.91186	1.7051	2.25132	1.16736	1.7831	2.76507	0	0	1.19577	2.38538	2.94085	1.35357	0	1.75193	2.21583	2.92241	2.32811	1.38173	2.79348	1.70585	2.67717	1.21311	2.59659	1.91975	2.38319	2.20523	1.54022	0	2.4944	1.78967	2.87851	2.6392	1.85839	1.35891	1.43511	2.73575	1.72403	1.35388	0	0	0	0	0	0	0	0	0	0	2.93777	1.94716	1.8643	1.47589	1.85289	0	1.41864	0	0	0	1.0413	1.33816	2.82234	1.38176	0	0	0	1.97414	2.60529	0	0	0	0	0	0	1.44759	2.46938	2.44963	2.94602	1.6477	1.60174	0	0	0	0	0	0	0	0	0	0	0	0	0	0	0	0	0	0	0	0	0	0	0	0	0	0	0	0	0	0	2.5775	2.63679	0	0	0	0	0	0	1.86649	0	0	0	0	0	0	0	0	0	0	0	2.59052	1.19075	2.68951	0	0	0	0	0	0	0	0	0	1.93771	2.60974	1.51156	2.09945	1.51907	1.04293	2.18943	0	0	0	0	0	0	0	0	1.05277	2.55858	1.32145	2.36488	2.68299	2.77064	0	0	0	0	0	0	0	2.47273	1.54571	0	1.39716	2.0569	0	0	0	0	0	0	0	2.9811	2.74605	1.46873	1.28565	2.31066	2.79907	1.72513	1.32511	1.46891	1.77819	2.48068	2.8926	2.22541	1.57664	1.501	0	0	1.76434	2.22382	2.68904	1.36211	1.75733	1.15459	1.81762	2.86749	1.37318	1.45501	2.0156	0	1.5736	0	0	0	0	2.60745	2.11844	1.58055	2.76244	2.85114	1.72944	1.54873	1.81561	1.8734	2.20683	0	0	2.68388	2.98056	1.12204	1.66837	1.36911	2.36036	1.88701	0	0	2.09934	0	0	0	0	0	1.67148	2.36003	2.83583	2.31615	2.37362	1.32815	1.44783	2.53189	1.57657	1.75901	2.08368	1.41039	2.1625	1.98058	0	0	0	0	1.34319	2.24744	2.19443	2.58028	0	2.29011	2.97324	2.87317	1.82642	1.2542	1.20105	2.22895	2.58122	2.14048	2.88714	0	1.70448	2.9693	1.42176	2.55251	1.79754	2.52113	2.57825	1.84593	1.30791	2.34887	2.84424	2.47102	0	1.11934	2.41174	2.41459	1.37678	1.31569	1.20267	0	0	0	0	1.47752	0	0	2.07893	1.79764	1.19223	0	0	2.19514	0	0	0	0	1.10311	1.17143	1.17726	0	0	0	0	0	0	0	0	0	0	2.17068	2.92347	2.94787	1.66467	1.24619	1.88437	1.75979	1.09762	2.20047	1.35142	2.75995	1.16218	2.52272	0	0	2.94612	0	0	0	0	2.77674	2.2134	2.76554	2.17215	2.08156	2.73372	2.10116	2.26638	0	0	0	2.15699	0	0	2.35984	1.70164	2.65271	1.84164	1.70892	0	0	0	0	0	0	0	0	0	0	2.94023	2.0894	2.50917	1.89403	2.23669	2.10703	2.47013	1.11948	1.32511	0	0	0	2.72204	2.54937	1.80904	2.98867	1.86894	0	0	0	0	0	0	2.12742	1.97153	1.10152	1.98298	2.31555	0	0	0	0	1.2447	1.9363	2.21698	0	0	1.39191	1.597	2.32614	1.08075	2.3271	1.09272	1.0181	2.42025	2.50974	2.72716	2.09115	1.75225	2.15731	1.51615	2.52657	1.23536	1.07472	0	0	0	0	1.64258	2.83745	2.29723	2.77739	2.31528	2.23626	2.2622	0	0	0	0	0	0	0	0	1.5571	1.25784	1.06333	1.17259	2.64583	0	0	0	0	0	2.33841	0	2.45408	0	0	0	2.67529	1.29082	0	0	1.94001	0	2.25536	2.17505	2.66463	2.48105	1.16923	2.19313	2.0373	0	0	2.09963	1.18052	2.07457	1.30016	2.92323	1.72322	1.39923	1.75075	1.2603	2.07813	2.2055	1.07001	2.14201	2.91684	2.61869	1.73276	0	0	0	2.65054	1.98696	1.83073	1.93298	0	0	0	0	0	0	1.57731	1.4437	1.00732	2.23338	0	0	0	0	0	0	0	0	1.44986	0	0	2.24787	1.23881	1.09787	1.48095	0	0	0	0	0	0	0	2.22972	2.55155	1.86909	2.82484	2.9834	2.74472	1.70479	1.65022	2.93826	2.3768	1.87514	1.72503	1.39227	0	0	0	0	0	0	0	0	0	0	0	0	0	0	0	0	1.83096	2.23723	0	2.87969	2.94946	2.53785	1.82078	0	0	0	0	0	0	0	2.28541	2.96337	0	0	0	0	0	0	0	2.14439	2.33353	2.13036	0	0	0	0	0	0	0	0	2.6843	2.06302	0.822984	0.260439	0.107143	21.7887
2.506	2.02998	0	0	0	0	0	0	1.6898	0	2.65068	1.51252	1.56288	0	0	0	1.13014	1.86352	2.26174	0	0	0	0	0	0	0	0	0	1.56159	1.62498	2.73971	2.67656	1.35301	0	0	0	0	0	0	2.20801	1.51979	0	0	0	0	0	1.07232	2.9943	2.41996	2.54738	1.96557	2.18456	0	1.91186	1.7051	2.25132	1.16736	1.7831	2.76507	0	0	1.19577	2.38538	2.94085	1.35357	1.95743	1.75193	2.21583	2.92241	2.32811	1.38173	2.79348	1.70585	2.67717	1.21311	2.59659	1.91975	2.38319	2.03406	1.54022	0	2.4944	1.78967	2.87851	2.6392	1.85839	1.35891	1.43511	2.73575	1.72403	1.35388	0	0	0	0	0	0	0	0	0	0	2.93777	1.94716	1.8643	2.29469	1.85289	0	1.41864	0	0	0	1.0413	1.33816	2.82234	1.38176	0	0	2.11334	1.97414	2.60529	0	0	0	0	0	0	1.44759	2.46938	2.44963	2.94602	0	1.60174	0	0	0	0	0	0	0	0	0	0	0	0	0	0	0	0	0	0	0	0	0	0	0	0	0	0	0	0	0	0	2.5775	2.63679	0	0	0	0	0	2.95719	1.86649	0	0	0	0	0	0	0	0	0	0	0	2.6165	1.19075	2.68951	0	0	0	0	0	0	0	0	0	1.93771	1.37976	1.51156	2.09945	1.51907	1.04293	2.18943	0	0	0	0	0	0	0	1.71538	1.05277	2.55858	1.32145	2.36488	2.68299	2.77064	0	0	0	0	0	0	1.33119	2.47273	1.54571	0	1.39716	2.0569	0	0	0	0	0	0	0	1.87874	2.74605	1.46873	1.28565	2.31066	2.79907	1.72513	1.32511	1.46891	1.77819	2.48068	2.8926	2.22541	2.50632	1.501	0	0	1.76434	2.22382	2.68904	1.36211	1.75733	1.15459	1.81762	2.86749	1.37318	2.67485	2.0156	0	1.5736	0	0	0	0	2.60745	2.11844	1.58055	2.76244	2.85114	2.43507	1.54873	1.81561	1.8734	2.20683	0	0	2.68388	2.98056	1.12204	1.66837	1.36911	2.36036	0	0	0	2.09934	0	0	0	0	0	1.67148	2.36003	2.83583	2.31615	1.91051	1.32815	1.44783	2.53189	1.57657	1.75901	2.08368	1.41039	2.1625	1.98058	0	0	0	2.89921	1.34319	2.24744	2.19443	2.58028	0	2.29011	2.97324	2.87317	1.82642	1.2542	1.20105	2.22895	1.10549	2.14048	2.88714	0	1.70448	2.9693	1.42176	2.55251	1.79754	2.52113	2.57825	1.84593	1.30791	2.88589	2.84424	2.47102	0	1.11934	2.41174	2.41459	1.37678	1.31569	1.20267	0	0	0	1.38632	1.47752	0	0	2.07893	1.79764	1.19223	0	0	2.19514	0	0	0	1.47467	1.10311	1.17143	1.17726	0	0	0	0	0	0	0	0	0	0	2.17068	2.92347	2.94787	1.66467	1.24619	1.88437	1.75979	1.09762	2.20047	1.35142	2.75995	1.16218	0	0	0	2.94612	0	0	0	0	2.77674	2.2134	2.76554	2.17215	2.08156	1.70073	2.10116	2.26638	0	0	0	2.15699	0	0	2.35984	1.70164	2.65271	1.84164	0	0	0	0	0	0	0	0	0	0	0	2.94023	2.0894	0	1.89403	2.23669	2.10703	2.47013	1.11948	1.32511	0	0	0	2.72204	2.54937	1.80904	2.58578	1.86894	0	0	0	0	0	0	2.12742	1.97153	1.10152	1.98298	2.31555	0	0	0	0	1.2447	1.9363	2.21698	0	0	1.39191	1.597	2.32614	1.08075	1.71913	1.09272	1.0181	2.42025	2.50974	2.72716	2.09115	1.75225	2.15731	1.51615	2.52657	1.23536	1.07472	0	0	0	0	1.64258	2.83745	2.29723	2.77739	2.31528	2.23626	2.2622	0	0	0	0	0	0	0	0	1.5571	1.25784	1.06333	1.17259	2.64583	0	0	1.05492	0	0	2.33841	0	2.45408	0	0	0	2.67529	1.29082	0	0	0	0	2.25536	2.17505	2.66463	2.48105	1.16923	2.19313	2.0373	0	0	2.09963	1.18052	1.52482	1.30016	2.92323	1.72322	1.39923	1.75075	1.2603	2.07813	2.2055	1.07001	2.14201	2.91684	2.61869	1.74521	0	0	0	2.65054	1.98696	1.83073	1.93298	0	0	0	0	0	2.88604	1.57731	1.4437	1.00732	2.23338	0	0	0	0	0	0	0	0	0	0	0	2.24787	1.23881	1.09787	1.48095	0	0	0	0	0	0	1.39372	2.22972	2.55155	1.86909	2.82484	2.9834	2.74472	1.70479	1.65022	2.93826	2.3768	1.87514	1.72503	0	0	0	0	0	0	0	0	0	0	0	0	0	0	0	0	0	1.83096	2.23723	0	2.87969	2.94946	2.53785	1.82078	0	0	0	0	0	0	0	2.28541	2.96337	0	0	0	0	0	0	1.61473	2.14439	2.33353	2.13036	0	0	0	0	0	0	0	0	2.6843	0.748511	0.179735	0.113095	21.5351
2.23409	2.506	2.02998	0	0	0	0	0	0	1.6898	0	2.65068	1.51252	0	0	0	0	1.13014	1.86352	2.26174	0	0	0	0	0	0	0	0	0	1.56159	1.62498	2.73971	2.67656	1.35301	0	0	0	0	0	2.9743	2.20801	1.51979	0	0	0	0	0	1.07232	2.9943	2.41996	2.54738	1.96557	0	0	1.91186	1.7051	2.25132	1.16736	1.7831	2.76507	0	0	1.19577	2.38538	2.94085	1.23669	1.95743	1.75193	2.21583	2.92241	2.32811	1.38173	2.79348	1.70585	2.67717	1.21311	2.59659	1.91975	1.34692	2.03406	1.54022	0	2.4944	1.78967	2.87851	2.6392	1.85839	1.35891	1.43511	2.73575	1.72403	0	0	0	0	0	0	0	0	0	0	0	2.93777	1.94716	2.32937	2.29469	1.85289	0	1.41864	0	0	0	1.0413	1.33816	2.82234	1.38176	0	1.06293	2.11334	1.97414	2.60529	0	0	0	0	0	0	1.44759	2.46938	2.44963	0	0	1.60174	0	0	0	0	0	0	0	0	0	0	1.51744	0	0	0	0	0	0	0	0	0	0	0	0	0	0	0	0	0	0	0	2.5775	2.63679	0	0	0	0	1.1193	2.95719	1.86649	0	0	0	0	0	0	0	0	0	0	2.62662	2.6165	1.19075	2.68951	0	0	0	0	0	0	0	0	0	1.17216	1.37976	1.51156	2.09945	1.51907	1.04293	2.18943	0	0	0	0	0	0	2.50176	1.71538	1.05277	2.55858	1.32145	2.36488	2.68299	2.77064	0	0	0	0	0	1.50293	1.33119	2.47273	1.54571	0	1.39716	2.0569	0	0	0	0	0	0	2.7361	1.87874	2.74605	1.46873	1.28565	2.31066	2.79907	1.72513	1.32511	1.46891	1.77819	2.48068	2.8926	1.17395	2.50632	1.501	0	0	1.76434	2.22382	2.68904	1.36211	1.75733	1.15459	1.81762	2.86749	1.88142	2.67485	2.0156	0	1.5736	0	0	0	0	2.60745	2.11844	1.58055	2.76244	1.34645	2.43507	1.54873	1.81561	1.8734	2.20683	0	0	2.68388	2.98056	1.12204	1.66837	1.36911	0	0	0	0	2.09934	0	0	0	0	0	1.67148	2.36003	2.83583	2.9543	1.91051	1.32815	1.44783	2.53189	1.57657	1.75901	2.08368	1.41039	2.1625	1.98058	0	0	0	2.89921	1.34319	2.24744	2.19443	2.58028	0	2.29011	2.97324	2.87317	1.82642	1.2542	1.20105	1.17835	1.10549	2.14048	2.88714	0	1.70448	2.9693	1.42176	2.55251	1.79754	2.52113	2.57825	1.84593	1.05205	2.88589	2.84424	2.47102	0	1.11934	2.41174	2.41459	1.37678	1.31569	1.20267	0	0	0	1.38632	1.47752	0	0	2.07893	1.79764	1.19223	0	0	2.19514	0	0	1.62972	1.47467	1.10311	1.17143	1.17726	0	0	0	0	0	0	0	0	0	0	2.17068	2.92347	2.94787	1.66467	1.24619	1.88437	1.75979	1.09762	2.20047	1.35142	2.75995	0	0	0	0	2.94612	0	0	0	0	2.77674	2.2134	2.76554	2.17215	1.98836	1.70073	2.10116	2.26638	0	0	0	2.15699	0	0	2.35984	1.70164	2.65271	0	0	0	0	0	0	0	0	0	0	0	0	2.94023	0	0	1.89403	2.23669	2.10703	2.47013	1.11948	1.32511	0	0	0	2.72204	2.54937	1.17259	2.58578	1.86894	0	0	0	0	0	0	2.12742	1.97153	1.10152	1.98298	0	0	0	0	0	1.2447	1.9363	2.21698	0	0	1.39191	1.597	2.32614	2.50697	1.71913	1.09272	1.0181	2.42025	2.50974	2.72716	2.09115	1.75225	2.15731	1.51615	2.52657	1.23536	1.07804	0	0	0	0	1.64258	2.83745	2.29723	2.77739	2.31528	2.23626	2.2622	0	2.26353	0	0	0	0	0	0	1.5571	1.25784	1.06333	1.17259	2.64583	0	2.78971	1.05492	0	0	2.33841	0	2.45408	0	0	0	2.67529	1.29082	0	0	0	0	2.25536	2.17505	2.66463	2.48105	1.16923	2.19313	2.0373	0	0	2.09963	1.1954	1.52482	1.30016	2.92323	1.72322	1.39923	1.75075	1.2603	2.07813	2.2055	1.07001	2.14201	2.91684	2.3274	1.74521	0	0	0	2.65054	1.98696	1.83073	1.93298	0	0	0	0	1.72655	2.88604	1.57731	1.4437	1.00732	2.23338	0	0	0	0	0	0	0	0	0	0	0	2.24787	1.23881	1.09787	1.48095	0	0	0	0	0	1.52444	1.39372	2.22972	2.55155	1.86909	2.82484	2.9834	2.74472	1.70479	1.65022	2.93826	2.3768	1.87514	0	0	0	0	0	0	0	0	0	0	0	0	0	0	0	0	0	0	1.83096	2.23723	0	2.87969	2.94946	2.53785	1.82078	0	0	0	0	0	0	0	2.28541	2.96337	0	0	0	0	0	1.53067	1.61473	2.14439	2.33353	2.13036	0	0	0	0	0	0	0	0	0.663123	0.110852	0.119048	21.3275
1.18551	2.23409	2.506	2.02998	0	0	0	0	0	0	1.6898	0	2.65068	0	0	0	0	0	1.13014	1.86352	2.26174	0	0	0	0	0	0	0	0	0	1.56159	1.62498	2.73971	2.67656	1.35301	0	0	0	0	1.78424	2.9743	2.20801	1.51979	0	0	0	0	0	1.07232	2.9943	2.41996	2.54738	0	0	0	1.91186	1.7051	2.25132	1.16736	1.7831	2.76507	0	0	1.19577	2.38538	1.70006	1.23669	1.95743	1.75193	2.21583	2.92241	2.32811	1.38173	2.79348	1.70585	2.67717	1.21311	2.59659	2.7702	1.34692	2.03406	1.54022	0	2.4944	1.78967	2.87851	2.6392	1.85839	1.35891	1.43511	2.73575	0	0	0	0	0	0	0	0	0	0	0	0	2.93777	1.69026	2.32937	2.29469	1.85289	0	1.41864	0	0	0	1.0413	1.33816	2.82234	1.38176	1.20127	1.06293	2.11334	1.97414	2.60529	0	0	0	0	0	0	1.44759	2.46938	0	0	0	1.60174	0	0	0	0	0	0	0	0	0	1.14864	1.51744	0	0	0	0	0	0	0	0	0	0	0	0	0	0	0	0	0	0	0	2.5775	2.63679	0	0	0	2.24131	1.1193	2.95719	1.86649	0	0	0	0	0	0	0	0	0	2.3985	2.62662	2.6165	1.19075	2.68951	0	0	0	0	0	0	0	0	1.84493	1.17216	1.37976	1.51156	2.09945	1.51907	1.04293	2.18943	0	0	0	0	0	2.57686	2.50176	1.71538	1.05277	2.55858	1.32145	2.36488	2.68299	2.77064	0	0	0	0	2.584	1.50293	1.33119	2.47273	1.54571	0	1.39716	2.0569	0	0	0	0	0	1.03687	2.7361	1.87874	2.74605	1.46873	1.28565	2.31066	2.79907	1.72513	1.32511	1.46891	1.77819	2.48068	1.32524	1.17395	2.50632	1.501	0	0	1.76434	2.22382	2.68904	1.36211	1.75733	1.15459	1.81762	2.492	1.88142	2.67485	2.0156	0	1.5736	0	0	0	0	2.60745	2.11844	1.58055	1.67502	1.34645	2.43507	1.54873	1.81561	1.8734	2.20683	0	0	2.68388	2.98056	1.12204	1.66837	1.69826	0	0	0	0	2.09934	0	0	0	0	0	1.67148	2.36003	0	2.9543	1.91051	1.32815	1.44783	2.53189	1.57657	1.75901	2.08368	1.41039	2.1625	1.98058	0	0	0	2.89921	1.34319	2.24744	2.19443	2.58028	0	2.29011	2.97324	2.87317	1.82642	1.2542	1.15761	1.17835	1.10549	2.14048	2.88714	0	1.70448	2.9693	1.42176	2.55251	1.79754	2.52113	2.57825	1.22441	1.05205	2.88589	2.84424	2.47102	0	1.11934	2.41174	2.41459	1.37678	1.31569	1.20267	0	0	0	1.38632	1.47752	0	0	2.07893	1.79764	1.19223	0	0	2.19514	0	2.29924	1.62972	1.47467	1.10311	1.17143	1.17726	0	0	0	0	0	0	0	0	0	0	2.17068	2.92347	2.94787	1.66467	1.24619	1.88437	1.75979	1.09762	2.20047	1.35142	1.94851	0	0	0	0	2.94612	0	0	0	0	2.77674	2.2134	2.76554	1.93526	1.98836	1.70073	2.10116	2.26638	0	0	0	2.15699	0	0	2.35984	1.70164	0	0	0	0	0	0	0	0	0	0	0	0	0	0	0	0	1.89403	2.23669	2.10703	2.47013	1.11948	1.32511	0	0	0	2.72204	0	1.17259	2.58578	1.86894	0	0	0	0	0	0	2.12742	1.97153	1.10152	1.93247	0	0	0	0	0	1.2447	1.9363	2.21698	0	0	1.39191	1.597	2.30538	2.50697	1.71913	1.09272	1.0181	2.42025	2.50974	2.72716	2.09115	1.75225	2.15731	1.51615	2.52657	1.67615	1.07804	0	0	0	0	1.64258	2.83745	2.29723	2.77739	2.31528	2.23626	2.2622	2.79646	2.26353	0	0	0	0	0	0	1.5571	1.25784	1.06333	1.17259	2.64583	2.06461	2.78971	1.05492	0	0	2.33841	0	2.45408	0	0	0	2.67529	1.29082	0	0	0	0	2.25536	2.17505	2.66463	2.48105	1.16923	2.19313	2.0373	0	0	0	1.1954	1.52482	1.30016	2.92323	1.72322	1.39923	1.75075	1.2603	2.07813	2.2055	1.07001	2.14201	0	2.3274	1.74521	0	0	0	2.65054	1.98696	1.83073	1.93298	0	0	0	0	1.72655	2.88604	1.57731	1.4437	1.00732	2.23338	0	0	0	0	0	0	1.29028	0	0	0	0	2.24787	1.23881	1.09787	1.48095	0	0	0	0	1.14745	1.52444	1.39372	2.22972	2.55155	1.86909	2.82484	2.9834	2.74472	1.70479	1.65022	2.93826	2.3768	0	0	0	0	0	0	0	0	0	0	0	0	0	0	0	0	0	0	0	1.83096	2.23723	0	2.87969	2.94946	2.53785	1.82078	0	0	0	0	0	0	0	2.28541	2.96337	0	0	0	0	2.10348	1.53067	1.61473	2.14439	2.33353	2.13036	0	0	0	0	0	0	0	0.568065	0.0998111	0.125	21.358
2.56864	1.18551	2.23409	2.506	2.02998	0	0	0	0	0	0	1.6898	0	2.87353	0	0	0	0	0	1.13014	1.86352	2.26174	0	0	0	0	0	0	0	0	0	1.56159	1.62498	2.73971	2.67656	1.35301	0	0	0	1.47282	1.78424	2.9743	2.20801	1.51979	0	0	0	0	0	1.07232	2.9943	2.41996	0	0	0	0	1.91186	1.7051	2.25132	1.16736	1.7831	2.76507	0	0	1.19577	1.98219	1.70006	1.23669	1.95743	1.75193	2.21583	2.92241	2.32811	1.38173	2.79348	1.70585	2.67717	1.21311	1.92741	2.7702	1.34692	2.03406	1.54022	0	2.4944	1.78967	2.87851	2.6392	1.85839	1.35891	1.43511	0	0	0	0	0	0	0	0	0	0	0	0	0	1.34704	1.69026	2.32937	2.29469	1.85289	0	1.41864	0	0	0	1.0413	1.33816	2.82234	2.86819	1.20127	1.06293	2.11334	1.97414	2.60529	0	0	0	0	0	0	1.44759	0	0	0	0	1.60174	0	0	0	0	0	0	0	0	1.69434	1.14864	1.51744	0	0	0	0	0	0	0	0	0	0	0	0	0	0	0	0	0	0	0	2.5775	2.63679	0	0	2.59874	2.24131	1.1193	2.95719	1.86649	0	0	0	0	0	0	0	0	2.70202	2.3985	2.62662	2.6165	1.19075	2.68951	0	0	0	0	0	0	0	0	1.84493	1.17216	1.37976	1.51156	2.09945	1.51907	1.04293	2.18943	0	0	0	0	1.78466	2.57686	2.50176	1.71538	1.05277	2.55858	1.32145	2.36488	2.68299	2.77064	0	0	0	0	2.584	1.50293	1.33119	2.47273	1.54571	0	1.39716	2.0569	0	0	0	0	0	1.03687	2.7361	1.87874	2.74605	1.46873	1.28565	2.31066	2.79907	1.72513	1.32511	1.46891	1.77819	0	1.32524	1.17395	2.50632	1.501	0	0	1.76434	2.22382	2.68904	1.36211	1.75733	1.15459	1.98223	2.492	1.88142	2.67485	2.0156	0	1.5736	0	0	0	0	2.60745	2.11844	0	1.67502	1.34645	2.43507	1.54873	1.81561	1.8734	2.20683	0	0	2.68388	2.98056	1.12204	0	1.69826	0	0	0	0	2.09934	0	0	0	0	0	1.67148	0	0	2.9543	1.91051	1.32815	1.44783	2.53189	1.57657	1.75901	2.08368	1.41039	2.1625	1.98058	0	0	0	2.89921	1.34319	2.24744	2.19443	2.58028	0	2.29011	2.97324	2.87317	1.82642	0	1.15761	1.17835	1.10549	2.14048	2.88714	0	1.70448	2.9693	1.42176	2.55251	1.79754	2.52113	2.13426	1.22441	1.05205	2.88589	2.84424	2.47102	0	1.11934	2.41174	2.41459	1.37678	1.31569	1.20267	0	0	0	1.38632	1.47752	0	0	2.07893	1.79764	1.19223	0	0	2.19514	2.32968	2.29924	1.62972	1.47467	1.10311	1.17143	1.17726	0	0	0	0	0	0	1.73369	0	0	0	2.17068	2.92347	2.94787	1.66467	1.24619	1.88437	1.75979	1.09762	2.20047	2.5778	1.94851	0	0	0	0	2.94612	0	0	0	0	2.77674	2.2134	1.05364	1.93526	1.98836	1.70073	2.10116	2.26638	0	0	0	2.15699	0	0	2.35984	0	0	0	0	0	0	0	0	0	0	0	0	0	0	0	0	0	1.89403	2.23669	2.10703	2.47013	1.11948	1.32511	0	0	0	0	0	1.17259	2.58578	1.86894	0	0	0	0	0	0	2.12742	1.97153	0	1.93247	0	0	0	0	0	1.2447	1.9363	2.21698	0	0	1.39191	2.635	2.30538	2.50697	1.71913	1.09272	1.0181	2.42025	2.50974	2.72716	2.09115	1.75225	2.15731	1.51615	0	1.67615	1.07804	0	0	0	0	1.64258	2.83745	2.29723	2.77739	2.31528	2.23626	1.88025	2.79646	2.26353	0	0	0	0	0	0	1.5571	1.25784	1.06333	1.17259	1.66711	2.06461	2.78971	1.05492	0	0	2.33841	0	2.45408	0	0	0	2.67529	0	0	0	0	0	2.25536	2.17505	2.66463	2.48105	1.16923	2.19313	2.0373	0	0	0	1.1954	1.52482	1.30016	2.92323	1.72322	1.39923	1.75075	1.2603	2.07813	2.2055	1.07001	0	0	2.3274	1.74521	0	0	0	2.65054	1.98696	1.83073	1.93298	0	0	0	0	1.72655	2.88604	1.57731	1.4437	1.00732	2.23338	0	0	0	0	0	2.02749	1.29028	0	0	0	0	2.24787	1.23881	1.09787	1.48095	0	0	0	2.3667	1.14745	1.52444	1.39372	2.22972	2.55155	1.86909	2.82484	2.9834	2.74472	1.70479	1.65022	2.93826	0	0	0	0	0	0	0	0	0	0	0	0	0	2.26433	0	0	0	0	0	0	1.83096	2.23723	0	2.87969	2.94946	2.53785	0	0	0	0	0	0	0	0	2.28541	2.96337	0	0	0	2.91293	2.10348	1.53067	1.61473	2.14439	2.33353	2.13036	0	0	0	0	0	0	0.464723	0.0567296	0.130952	20.6448
1.61696	2.56864	1.18551	2.23409	2.506	2.02998	0	0	0	0	0	0	1.6898	2.19118	2.87353	0	0	0	0	0	1.13014	1.86352	2.26174	0	0	0	1.14087	0	0	0	0	0	1.56159	1.62498	2.73971	2.67656	1.35301	0	0	1.64309	1.47282	1.78424	2.9743	2.20801	1.51979	0	0	0	0	0	1.07232	2.9943	0	0	0	0	0	1.91186	1.7051	2.25132	1.16736	1.7831	2.76507	0	0	1.47288	1.98219	1.70006	1.23669	1.95743	1.75193	2.21583	2.92241	2.32811	1.38173	2.79348	1.70585	2.67717	2.03382	1.92741	2.7702	1.34692	2.03406	1.54022	0	2.4944	1.78967	2.87851	2.6392	1.85839	1.35891	0	0	0	0	0	0	0	0	0	0	0	0	0	0	1.34704	1.69026	2.32937	2.29469	1.85289	0	1.41864	0	0	0	1.0413	1.33816	2.61411	2.86819	1.20127	1.06293	2.11334	1.97414	2.60529	0	0	0	0	0	0	0	0	0	0	0	1.60174	0	0	0	0	0	0	0	1.06996	1.69434	1.14864	1.51744	0	0	0	0	0	0	0	0	0	0	0	0	0	0	0	0	0	0	0	2.5775	2.63679	0	2.21794	2.59874	2.24131	1.1193	2.95719	1.86649	0	0	0	0	0	0	0	0	2.70202	2.3985	2.62662	2.6165	1.19075	2.68951	0	0	0	0	0	0	0	0	1.84493	1.17216	1.37976	1.51156	2.09945	1.51907	1.04293	2.18943	0	0	0	2.61028	1.78466	2.57686	2.50176	1.71538	1.05277	2.55858	1.32145	2.36488	2.68299	2.77064	0	0	0	0	2.584	1.50293	1.33119	2.47273	1.54571	0	1.39716	2.0569	0	0	0	1.58424	0	1.03687	2.7361	1.87874	2.74605	1.46873	1.28565	2.31066	2.79907	1.72513	1.32511	1.46891	0	0	1.32524	1.17395	2.50632	1.501	0	0	1.76434	2.22382	2.68904	1.36211	1.75733	0	1.98223	2.492	1.88142	2.67485	2.0156	0	1.5736	0	0	0	0	2.60745	1.88868	0	1.67502	1.34645	2.43507	1.54873	1.81561	1.8734	2.20683	0	0	2.68388	2.98056	0	0	1.69826	0	0	0	0	2.09934	0	0	0	0	0	0	0	0	2.9543	1.91051	1.32815	1.44783	2.53189	1.57657	1.75901	2.08368	1.41039	2.1625	0	0	0	0	2.89921	1.34319	2.24744	2.19443	2.58028	0	2.29011	2.97324	2.87317	0	0	1.15761	1.17835	1.10549	2.14048	2.88714	0	1.70448	2.9693	1.42176	2.55251	1.79754	2.94226	2.13426	1.22441	1.05205	2.88589	2.84424	2.47102	0	1.11934	2.41174	2.41459	1.37678	1.31569	0	0	0	0	1.38632	1.47752	0	0	2.07893	1.79764	1.19223	0	0	2.6201	2.32968	2.29924	1.62972	1.47467	1.10311	1.17143	1.17726	0	0	0	0	0	2.5314	1.73369	0	0	0	2.17068	2.92347	2.94787	1.66467	1.24619	1.88437	1.75979	1.09762	2.98291	2.5778	1.94851	0	0	0	0	2.94612	0	0	0	0	2.77674	1.45924	1.05364	1.93526	1.98836	1.70073	2.10116	2.26638	0	0	0	2.15699	0	0	0	0	0	0	0	0	0	0	0	0	0	0	0	0	0	0	0	0	1.89403	2.23669	2.10703	2.47013	1.11948	1.32511	0	0	0	0	0	1.17259	2.58578	1.86894	0	0	0	0	0	0	2.12742	0	0	1.93247	0	0	0	0	0	1.2447	1.9363	2.21698	0	0	1.12617	2.635	2.30538	2.50697	1.71913	1.09272	1.0181	2.42025	2.50974	2.72716	2.09115	1.75225	2.15731	0	0	1.67615	1.07804	0	0	0	0	1.64258	2.83745	2.29723	2.77739	2.31528	0	1.88025	2.79646	2.26353	0	0	0	0	0	0	1.5571	1.25784	1.06333	1.82653	1.66711	2.06461	2.78971	1.05492	0	0	2.33841	0	2.45408	0	0	0	0	0	0	0	0	0	2.25536	2.17505	2.66463	2.48105	1.16923	2.19313	2.0373	0	0	0	1.1954	1.52482	1.30016	2.92323	1.72322	1.39923	1.75075	1.2603	2.07813	2.2055	0	0	0	2.3274	1.74521	0	0	0	2.65054	1.98696	1.83073	1.93298	0	0	0	0	1.72655	2.88604	1.57731	1.4437	1.00732	2.23338	0	0	0	0	0	2.02749	1.29028	0	0	0	0	2.24787	1.23881	1.09787	1.48095	0	0	0	2.3667	1.14745	1.52444	1.39372	2.22972	2.55155	1.86909	2.82484	2.9834	2.74472	1.70479	1.65022	0	0	0	0	0	0	0	0	0	0	0	0	0	1.90468	2.26433	0	0	0	0	0	0	1.83096	2.23723	0	2.87969	2.94946	0	0	0	0	0	0	0	0	0	2.28541	2.96337	0	0	2.37979	2.91293	2.10348	1.53067	1.61473	2.14439	2.33353	2.13036	0	0	0	0	0	0.354605	-0.0140974	0.136905	19.3202
2.21047	1.61696	2.56864	1.18551	2.23409	2.506	2.02998	0	0	0	0	0	0	1.59173	2.19118	2.87353	0	0	0	0	0	1.13014	1.86352	2.26174	0	0	2.38183	1.14087	0	0	0	0	0	1.56159	1.62498	2.73971	2.67656	1.35301	0	2.76634	1.64309	1.47282	1.78424	2.9743	2.20801	1.51979	0	0	0	0	0	1.07232	0	0	0	0	0	0	1.91186	1.7051	2.25132	1.16736	1.7831	2.76507	0	2.83197	1.47288	1.98219	1.70006	1.23669	1.95743	1.75193	2.21583	2.92241	2.32811	1.38173	2.79348	1.70585	2.28508	2.03382	1.92741	2.7702	1.34692	2.03406	1.54022	0	2.4944	1.78967	2.87851	2.6392	1.85839	0	0	0	0	0	0	0	0	0	0	0	0	0	0	0	1.34704	1.69026	2.32937	2.29469	1.85289	0	1.41864	0	0	0	1.0413	2.09269	2.61411	2.86819	1.20127	1.06293	2.11334	1.97414	2.60529	0	0	0	0	0	0	0	0	0	0	0	1.60174	0	0	0	0	0	0	1.34715	1.06996	1.69434	1.14864	1.51744	0	0	0	0	0	0	0	0	0	0	0	0	0	0	0	0	0	0	0	2.5775	2.63679	2.22646	2.21794	2.59874	2.24131	1.1193	2.95719	1.86649	0	0	0	0	0	0	0	0	2.70202	2.3985	2.62662	2.6165	1.19075	2.68951	0	0	0	0	0	0	0	0	1.84493	1.17216	1.37976	1.51156	2.09945	1.51907	1.04293	2.18943	0	0	0	2.61028	1.78466	2.57686	2.50176	1.71538	1.05277	2.55858	1.32145	2.36488	2.68299	2.77064	0	1.40699	0	0	2.584	1.50293	1.33119	2.47273	1.54571	0	1.39716	2.0569	0	0	2.17622	1.58424	0	1.03687	2.7361	1.87874	2.74605	1.46873	1.28565	2.31066	2.79907	1.72513	1.32511	0	0	0	1.32524	1.17395	2.50632	1.501	0	0	1.76434	2.22382	2.68904	1.36211	0	0	1.98223	2.492	1.88142	2.67485	2.0156	0	1.5736	0	0	0	0	1.41676	1.88868	0	1.67502	1.34645	2.43507	1.54873	1.81561	1.8734	2.20683	0	0	2.68388	0	0	0	1.69826	0	0	0	0	2.09934	0	0	0	0	2.17454	0	0	0	2.9543	1.91051	1.32815	1.44783	2.53189	1.57657	1.75901	2.08368	1.41039	0	0	0	0	0	2.89921	1.34319	2.24744	2.19443	2.58028	0	2.29011	2.97324	0	0	0	1.15761	1.17835	1.10549	2.14048	2.88714	0	1.70448	2.9693	1.42176	2.55251	2.23357	2.94226	2.13426	1.22441	1.05205	2.88589	2.84424	2.47102	0	1.11934	2.41174	2.41459	1.37678	1.82193	0	0	0	0	1.38632	1.47752	0	0	2.07893	1.79764	1.19223	0	1.49186	2.6201	2.32968	2.29924	1.62972	1.47467	1.10311	1.17143	1.17726	0	0	0	0	2.01419	2.5314	1.73369	0	0	0	2.17068	2.92347	2.94787	1.66467	1.24619	1.88437	1.75979	0	2.98291	2.5778	1.94851	0	0	0	0	2.94612	0	0	0	0	1.99916	1.45924	1.05364	1.93526	1.98836	1.70073	2.10116	2.26638	0	0	0	2.15699	0	2.39164	0	0	0	0	0	0	0	0	0	0	0	0	0	0	0	0	0	0	1.89403	2.23669	2.10703	2.47013	1.11948	1.32511	0	0	0	0	0	1.17259	2.58578	1.86894	0	0	0	0	0	0	0	0	0	1.93247	0	0	0	0	0	1.2447	1.9363	2.21698	0	2.86957	1.12617	2.635	2.30538	2.50697	1.71913	1.09272	1.0181	2.42025	2.50974	2.72716	2.09115	1.75225	0	0	0	1.67615	1.07804	0	0	0	0	1.64258	2.83745	2.29723	2.77739	0	0	1.88025	2.79646	2.26353	0	0	0	0	0	0	1.5571	1.25784	2.44845	1.82653	1.66711	2.06461	2.78971	1.05492	0	0	2.33841	0	2.45408	0	0	0	0	0	0	0	0	0	2.25536	2.17505	2.66463	2.48105	1.16923	2.19313	0	0	0	0	1.1954	1.52482	1.30016	2.92323	1.72322	1.39923	1.75075	1.2603	2.07813	0	0	0	0	2.3274	1.74521	0	0	0	2.65054	1.98696	1.83073	1.93298	0	0	0	0	1.72655	2.88604	1.57731	1.4437	1.00732	2.23338	0	0	0	0	0	2.02749	1.29028	0	0	0	0	2.24787	1.23881	1.09787	1.48095	0	0	0	2.3667	1.14745	1.52444	1.39372	2.22972	2.55155	1.86909	2.82484	2.9834	2.74472	1.70479	0	0	0	0	0	0	0	0	0	0	0	0	0	2.40904	1.90468	2.26433	0	0	0	0	0	0	1.83096	2.23723	0	2.87969	0	0	0	0	0	0	0	0	0	0	2.28541	2.96337	0	2.18497	2.37979	2.91293	2.10348	1.53067	1.61473	2.14439	2.33353	2.13036	0	0	0	0	0.239316	0.0668235	0.142857	19.144
1.35851	2.21047	1.61696	2.56864	1.18551	2.23409	2.506	2.02998	0	0	0	0	0	2.86401	1.59173	2.19118	2.87353	0	0	0	0	0	1.13014	1.86352	2.26174	0	2.07841	2.38183	1.14087	0	0	0	0	0	1.56159	1.62498	2.73971	2.67656	1.35301	2.00521	2.76634	1.64309	1.47282	1.78424	2.9743	2.20801	1.51979	0	0	0	0	0	0	0	0	0	0	0	0	1.91186	1.7051	2.25132	1.16736	1.7831	2.76507	0	2.83197	1.47288	1.98219	1.70006	1.23669	1.95743	1.75193	2.21583	2.92241	2.32811	1.38173	2.79348	1.24507	2.28508	2.03382	1.92741	2.7702	1.34692	2.03406	1.54022	0	2.4944	1.78967	2.87851	2.6392	0	0	0	0	0	0	0	0	0	0	0	0	0	0	0	0	1.34704	1.69026	2.32937	2.29469	1.85289	0	1.41864	0	0	0	0	2.09269	2.61411	2.86819	1.20127	1.06293	2.11334	1.97414	2.60529	0	0	0	0	0	0	0	0	0	0	0	1.60174	0	0	0	0	0	1.75213	1.34715	1.06996	1.69434	1.14864	1.51744	0	0	0	0	0	0	0	2.88565	0	0	0	0	0	0	0	0	0	0	0	2.5775	2.85713	2.22646	2.21794	2.59874	2.24131	1.1193	2.95719	1.86649	0	0	0	0	0	0	0	0	2.70202	2.3985	2.62662	2.6165	1.19075	2.68951	0	0	0	0	1.17528	0	0	0	1.84493	1.17216	1.37976	1.51156	2.09945	1.51907	1.04293	2.18943	0	0	0	2.61028	1.78466	2.57686	2.50176	1.71538	1.05277	2.55858	1.32145	2.36488	2.68299	2.77064	2.98555	1.40699	0	0	2.584	1.50293	1.33119	2.47273	1.54571	0	1.39716	2.0569	0	2.92996	2.17622	1.58424	0	1.03687	2.7361	1.87874	2.74605	1.46873	1.28565	2.31066	2.79907	1.72513	0	0	0	0	1.32524	1.17395	2.50632	1.501	0	0	1.76434	2.22382	2.68904	0	0	0	1.98223	2.492	1.88142	2.67485	2.0156	0	1.5736	0	0	0	2.30763	1.41676	1.88868	0	1.67502	1.34645	2.43507	1.54873	1.81561	1.8734	2.20683	0	0	2.69567	0	0	0	1.69826	0	0	0	0	2.09934	0	0	0	1.19095	2.17454	0	0	0	2.9543	1.91051	1.32815	1.44783	2.53189	1.57657	1.75901	2.08368	2.66927	0	0	0	0	0	2.89921	1.34319	2.24744	2.19443	2.58028	0	2.29011	0	0	0	0	1.15761	1.17835	1.10549	2.14048	2.88714	0	1.70448	2.9693	1.42176	1.51969	2.23357	2.94226	2.13426	1.22441	1.05205	2.88589	2.84424	2.47102	0	1.11934	2.41174	2.41459	2.43337	1.82193	0	0	0	0	1.38632	1.47752	0	0	2.07893	1.79764	1.19223	2.34093	1.49186	2.6201	2.32968	2.29924	1.62972	1.47467	1.10311	1.17143	1.17726	0	0	0	1.77116	2.01419	2.5314	1.73369	0	0	0	2.17068	2.92347	2.94787	1.66467	1.24619	1.88437	0	0	2.98291	2.5778	1.94851	0	0	0	0	2.94612	0	0	0	2.2304	1.99916	1.45924	1.05364	1.93526	1.98836	1.70073	2.10116	2.26638	0	0	0	2.15699	2.52267	2.39164	0	0	0	0	0	0	0	0	0	0	0	0	0	0	0	0	0	0	1.89403	2.23669	2.10703	2.47013	1.11948	1.32511	0	0	0	0	0	1.17259	2.58578	1.86894	0	0	0	0	0	0	0	0	0	1.93247	0	0	0	0	0	1.2447	1.9363	2.21698	1.18712	2.86957	1.12617	2.635	2.30538	2.50697	1.71913	1.09272	1.0181	2.42025	2.50974	2.72716	2.09115	0	0	0	0	1.67615	1.07804	0	0	0	0	1.64258	2.83745	2.29723	0	0	0	1.88025	2.79646	2.26353	0	0	0	0	0	0	1.5571	1.82884	2.44845	1.82653	1.66711	2.06461	2.78971	1.05492	0	0	2.33841	0	2.45408	0	0	0	0	0	0	0	0	0	2.25536	2.17505	2.66463	2.48105	1.16923	0	0	0	0	0	1.1954	1.52482	1.30016	2.92323	1.72322	1.39923	1.75075	1.2603	0	0	0	0	0	2.3274	1.74521	0	0	0	2.65054	1.98696	1.83073	1.10176	0	0	0	0	1.72655	2.88604	1.57731	1.4437	1.00732	2.23338	0	0	0	0	0	2.02749	1.29028	0	0	0	0	2.24787	1.23881	1.09787	1.48095	0	0	0	2.3667	1.14745	1.52444	1.39372	2.22972	2.55155	1.86909	2.82484	2.9834	2.74472	0	0	0	0	0	0	0	0	0	0	0	0	0	2.4687	2.40904	1.90468	2.26433	0	0	0	0	0	0	1.83096	2.23723	0	0	0	0	0	0	0	0	0	0	0	0	2.28541	2.96337	2.93065	2.18497	2.37979	2.91293	2.10348	1.53067	1.61473	2.14439	2.33353	2.13036	0	0	0	0.120537	0.0911414	0.14881	19.2774
2.88951	1.35851	2.21047	1.61696	2.56864	1.18551	2.23409	2.506	2.02998	0	0	0	0	2.12663	2.86401	1.59173	2.19118	2.87353	0	0	0	0	0	1.13014	1.86352	2.26174	1.55191	2.07841	2.38183	1.14087	0	0	0	0	0	1.56159	1.62498	2.73971	2.67656	1.51329	2.00521	2.76634	1.64309	1.47282	1.78424	2.9743	2.20801	1.51979	0	0	0	0	0	0	0	0	0	0	0	0	1.91186	1.7051	2.25132	1.16736	1.7831	0	0	2.83197	1.47288	1.98219	1.70006	1.23669	1.95743	1.75193	2.21583	2.92241	2.32811	1.38173	2.46914	1.24507	2.28508	2.03382	1.92741	2.7702	1.34692	2.03406	1.54022	0	2.4944	1.78967	2.87851	0	0	0	0	0	0	0	0	0	0	0	0	0	0	0	0	0	1.34704	1.69026	2.32937	2.29469	1.85289	0	1.41864	0	0	0	0	2.09269	2.61411	2.86819	1.20127	1.06293	2.11334	1.97414	2.60529	0	0	0	0	0	0	0	0	0	0	0	1.60174	0	0	0	0	0	1.75213	1.34715	1.06996	1.69434	1.14864	1.51744	0	0	0	0	0	0	1.71377	2.88565	0	0	0	0	0	0	0	0	0	0	0	2.6356	2.85713	2.22646	2.21794	2.59874	2.24131	1.1193	2.95719	1.86649	0	0	0	0	0	0	0	0	2.70202	2.3985	2.62662	2.6165	1.19075	2.68951	0	0	0	2.63885	1.17528	0	0	0	1.84493	1.17216	1.37976	1.51156	2.09945	1.51907	1.04293	2.18943	0	0	0	2.61028	1.78466	2.57686	2.50176	1.71538	1.05277	2.55858	1.32145	2.36488	2.68299	1.3887	2.98555	1.40699	0	0	2.584	1.50293	1.33119	2.47273	1.54571	0	1.39716	2.0569	1.38667	2.92996	2.17622	1.58424	0	1.03687	2.7361	1.87874	2.74605	1.46873	1.28565	2.31066	2.79907	0	0	0	0	0	1.32524	1.17395	2.50632	1.501	0	0	1.76434	2.22382	0	0	0	0	1.98223	2.492	1.88142	2.67485	2.0156	0	1.5736	0	0	1.47211	2.30763	1.41676	1.88868	0	1.67502	1.34645	2.43507	1.54873	1.81561	1.8734	2.20683	0	1.39341	2.69567	0	0	0	1.69826	0	0	0	0	2.09934	0	0	2.97023	1.19095	2.17454	0	0	0	2.9543	1.91051	1.32815	1.44783	2.53189	1.57657	1.75901	0	2.66927	0	0	0	0	0	2.89921	1.34319	2.24744	2.19443	2.58028	0	0	0	0	0	0	1.15761	1.17835	1.10549	2.14048	2.88714	0	1.70448	2.9693	1.04534	1.51969	2.23357	2.94226	2.13426	1.22441	1.05205	2.88589	2.84424	2.47102	0	1.11934	2.41174	2.19293	2.43337	1.82193	0	0	0	0	1.38632	1.47752	0	0	2.07893	1.79764	2.09202	2.34093	1.49186	2.6201	2.32968	2.29924	1.62972	1.47467	1.10311	1.17143	1.17726	0	0	1.6979	1.77116	2.01419	2.5314	1.73369	0	0	0	2.17068	2.92347	2.94787	1.66467	1.24619	0	0	0	2.98291	2.5778	1.94851	0	0	0	0	2.94612	0	0	0	2.2304	1.99916	1.45924	1.05364	1.93526	1.98836	1.70073	2.10116	2.26638	0	0	0	0	2.52267	2.39164	0	0	0	0	0	0	0	0	0	0	0	0	0	0	0	0	0	0	1.89403	2.23669	2.10703	2.47013	1.11948	0	0	0	0	0	0	1.17259	2.58578	1.86894	0	0	0	0	0	0	0	0	0	1.93247	0	0	0	0	0	1.2447	1.9363	0	1.18712	2.86957	1.12617	2.635	2.30538	2.50697	1.71913	1.09272	1.0181	2.42025	2.50974	2.72716	0	0	0	0	0	1.67615	1.07804	0	0	0	0	1.64258	2.83745	0	0	0	0	1.88025	2.79646	2.26353	0	0	0	0	0	0	2.74013	1.82884	2.44845	1.82653	1.66711	2.06461	2.78971	1.05492	0	0	2.33841	0	2.45408	0	0	0	0	0	0	0	0	0	2.25536	2.17505	2.66463	2.48105	0	0	0	0	0	0	1.1954	1.52482	1.30016	2.92323	1.72322	1.39923	1.75075	0	0	0	0	0	0	2.3274	1.74521	0	0	0	2.65054	1.98696	2.0401	1.10176	0	0	0	0	1.72655	2.88604	1.57731	1.4437	1.00732	2.23338	0	0	0	0	0	2.02749	1.29028	0	0	0	0	2.24787	1.23881	1.09787	0	0	0	0	2.3667	1.14745	1.52444	1.39372	2.22972	2.55155	1.86909	2.82484	2.9834	0	0	0	0	0	0	0	0	0	0	0	0	0	1.76057	2.4687	2.40904	1.90468	2.26433	0	0	0	0	0	0	1.83096	2.23723	0	0	0	0	0	0	0	0	0	0	0	0	2.28541	2.67238	2.93065	2.18497	2.37979	2.91293	2.10348	1.53067	1.61473	2.14439	2.33353	2.13036	0	0	-3.21625e-16	0.0159193	0.154762	18.0525
1.63396	2.88951	1.35851	2.21047	1.61696	2.56864	1.18551	2.23409	2.506	2.02998	0	0	0	2.13084	2.12663	2.86401	1.59173	2.19118	2.87353	0	0	0	0	0	1.13014	1.86352	2.04208	1.55191	2.07841	2.38183	1.14087	0	0	0	0	0	1.56159	1.62498	2.73971	1.14989	1.51329	2.00521	2.76634	1.64309	1.47282	1.78424	2.9743	2.20801	1.51979	0	0	0	2.37022	0	0	0	0	0	0	0	0	1.91186	1.7051	2.25132	1.16736	0	0	0	2.83197	1.47288	1.98219	1.70006	1.23669	1.95743	1.75193	2.21583	2.92241	2.32811	2.01017	2.46914	1.24507	2.28508	2.03382	1.92741	2.7702	1.34692	2.03406	1.54022	0	2.4944	1.78967	0	0	0	0	0	0	0	0	0	0	0	0	0	0	0	0	0	0	1.34704	1.69026	2.32937	2.29469	1.85289	0	1.41864	0	0	0	0	2.09269	2.61411	2.86819	1.20127	1.06293	2.11334	1.97414	2.60529	0	0	0	0	0	0	0	0	0	0	0	1.60174	0	0	0	2.56783	0	1.75213	1.34715	1.06996	1.69434	1.14864	1.51744	0	0	0	0	0	2.35367	1.71377	2.88565	0	0	0	0	0	0	0	0	0	0	1.27737	2.6356	2.85713	2.22646	2.21794	2.59874	2.24131	1.1193	2.95719	1.86649	0	0	0	0	0	0	0	0	2.70202	2.3985	2.62662	2.6165	1.19075	2.68951	0	0	1.39423	2.63885	1.17528	0	0	0	1.84493	1.17216	1.37976	1.51156	2.09945	1.51907	1.04293	0	0	0	0	2.61028	1.78466	2.57686	2.50176	1.71538	1.05277	2.55858	1.32145	2.36488	2.31022	1.3887	2.98555	1.40699	0	0	2.584	1.50293	1.33119	2.47273	1.54571	0	1.39716	2.84704	1.38667	2.92996	2.17622	1.58424	0	1.03687	2.7361	1.87874	2.74605	1.46873	1.28565	2.31066	0	0	0	0	0	0	1.32524	1.17395	2.50632	1.501	0	0	1.76434	0	0	0	0	0	1.98223	2.492	1.88142	2.67485	2.0156	0	1.5736	0	1.77888	1.47211	2.30763	1.41676	1.88868	0	1.67502	1.34645	2.43507	1.54873	1.81561	1.8734	2.20683	0	1.39341	2.69567	0	0	0	1.69826	0	0	0	0	2.09934	0	2.64493	2.97023	1.19095	2.17454	0	0	0	2.9543	1.91051	1.32815	1.44783	2.53189	1.57657	1.78021	0	2.66927	0	0	0	0	0	2.89921	1.34319	2.24744	2.19443	2.58028	0	0	0	0	0	0	1.15761	1.17835	1.10549	2.14048	2.88714	0	1.70448	1.01344	1.04534	1.51969	2.23357	2.94226	2.13426	1.22441	1.05205	2.88589	2.84424	2.47102	0	1.11934	0	2.19293	2.43337	1.82193	0	0	0	0	1.38632	1.47752	0	0	2.07893	1.11093	2.09202	2.34093	1.49186	2.6201	2.32968	2.29924	1.62972	1.47467	1.10311	1.17143	1.17726	0	1.14144	1.6979	1.77116	2.01419	2.5314	1.73369	0	0	0	2.17068	2.92347	2.94787	1.66467	0	0	0	0	2.98291	2.5778	1.94851	0	0	0	0	2.94612	0	0	0	2.2304	1.99916	1.45924	1.05364	1.93526	1.98836	1.70073	2.10116	2.26638	0	0	0	0	2.52267	2.39164	0	0	0	0	0	0	0	0	0	0	0	0	0	0	0	0	0	0	1.89403	2.23669	2.10703	2.47013	0	0	0	0	0	0	0	1.17259	2.58578	1.86894	0	0	0	0	0	0	0	0	0	1.93247	0	0	0	0	0	1.2447	1.92678	0	1.18712	2.86957	1.12617	2.635	2.30538	2.50697	1.71913	1.09272	1.0181	2.42025	2.50974	0	0	0	0	0	0	1.67615	1.07804	0	0	0	0	1.64258	0	0	0	0	0	1.88025	2.79646	2.26353	0	0	0	0	0	0	2.74013	1.82884	2.44845	1.82653	1.66711	2.06461	2.78971	1.05492	0	0	2.33841	0	0	0	0	0	0	0	0	0	0	0	2.25536	2.17505	2.66463	1.40045	0	0	0	0	0	0	1.1954	1.52482	1.30016	2.92323	1.72322	1.39923	0	0	0	0	0	0	0	2.3274	1.74521	0	0	0	2.65054	2.96711	2.0401	1.10176	0	0	0	0	1.72655	2.88604	1.57731	1.4437	1.00732	2.23338	0	0	0	0	0	2.02749	1.29028	0	0	0	0	2.24787	1.23881	0	0	0	0	0	2.3667	1.14745	1.52444	1.39372	2.22972	2.55155	1.86909	2.82484	0	0	0	0	0	0	0	0	0	0	0	0	0	1.23518	1.76057	2.4687	2.40904	1.90468	2.26433	0	0	0	0	0	0	1.83096	2.66389	0	0	0	0	0	0	0	0	0	0	0	0	0	2.67238	2.93065	2.18497	2.37979	2.91293	2.10348	1.53067	1.61473	2.14439	2.33353	2.13036	0	-0.120537	-0.0779572	0.160714	18.2881
0	1.63396	2.88951	1.35851	2.21047	1.61696	2.56864	1.18551	2.23409	2.506	2.02998	0	0	2.15092	2.13084	2.12663	2.86401	1.59173	2.19118	2.87353	0	0	0	0	0	1.13014	1.84397	2.04208	1.55191	2.07841	2.38183	1.14087	0	0	0	0	0	1.56159	1.62498	2.07545	1.14989	1.51329	2.00521	2.76634	1.64309	1.47282	1.78424	2.9743	2.20801	1.51979	0	0	0	2.37022	0	0	0	0	0	0	0	0	1.91186	1.7051	2.25132	0	0	0	0	2.83197	1.47288	1.98219	1.70006	1.23669	1.95743	1.75193	2.21583	2.92241	1.90518	2.01017	2.46914	1.24507	2.28508	2.03382	1.92741	2.7702	1.34692	2.03406	1.54022	0	2.4944	0	0	0	0	0	0	0	0	0	0	0	0	0	0	0	0	0	0	0	1.34704	1.69026	2.32937	2.29469	1.85289	0	1.41864	0	0	0	0	2.09269	2.61411	2.86819	1.20127	1.06293	2.11334	1.97414	2.60529	0	0	0	0	0	0	0	0	0	0	0	1.60174	0	0	1.0481	2.56783	0	1.75213	1.34715	1.06996	1.69434	1.14864	1.51744	0	0	0	0	1.00317	2.35367	1.71377	2.88565	0	0	0	0	0	0	0	0	0	1.56156	1.27737	2.6356	2.85713	2.22646	2.21794	2.59874	2.24131	1.1193	2.95719	1.86649	0	0	0	0	0	0	0	0	2.70202	2.3985	2.62662	2.6165	1.19075	2.68951	0	0	1.39423	2.63885	1.17528	0	0	0	1.84493	1.17216	1.37976	1.51156	2.09945	1.51907	0	0	0	0	0	2.61028	1.78466	2.57686	2.50176	1.71538	1.05277	2.55858	1.32145	0	2.31022	1.3887	2.98555	1.40699	0	0	2.584	1.50293	1.33119	2.47273	1.54571	0	1.06887	2.84704	1.38667	2.92996	2.17622	1.58424	0	1.03687	2.7361	1.87874	2.74605	1.46873	1.28565	0	0	0	0	0	0	0	1.32524	1.17395	2.50632	1.501	0	0	0	0	0	0	0	0	1.98223	2.492	1.88142	2.67485	2.0156	0	1.5736	2.01279	1.77888	1.47211	2.30763	1.41676	1.88868	0	1.67502	1.34645	2.43507	1.54873	1.81561	1.8734	1.0989	0	1.39341	2.69567	0	0	0	1.69826	0	0	0	0	2.09934	1.34775	2.64493	2.97023	1.19095	2.17454	0	0	0	2.9543	1.91051	1.32815	1.44783	2.53189	2.90668	1.78021	0	2.66927	0	0	0	0	0	2.89921	1.34319	2.24744	2.19443	0	0	0	0	0	0	0	1.15761	1.17835	1.10549	2.14048	2.88714	0	1.0205	1.01344	1.04534	1.51969	2.23357	2.94226	2.13426	1.22441	1.05205	2.88589	2.84424	2.47102	0	0	0	2.19293	2.43337	1.82193	0	0	0	0	1.38632	1.47752	0	0	1.33537	1.11093	2.09202	2.34093	1.49186	2.6201	2.32968	2.29924	1.62972	1.47467	1.10311	1.17143	1.17726	2.23557	1.14144	1.6979	1.77116	2.01419	2.5314	1.73369	0	0	0	2.17068	2.92347	2.94787	0	0	0	0	0	2.98291	2.5778	1.94851	0	0	0	0	2.94612	0	0	0	2.2304	1.99916	1.45924	1.05364	1.93526	1.98836	1.70073	2.10116	2.26638	0	0	0	0	2.52267	2.39164	0	0	0	0	0	0	0	0	0	0	0	0	0	0	0	0	0	0	1.89403	2.23669	2.10703	0	0	0	0	0	0	0	0	1.17259	2.58578	1.86894	0	0	0	0	0	0	0	0	0	1.93247	0	0	0	0	0	1.24551	1.92678	0	1.18712	2.86957	1.12617	2.635	2.30538	2.50697	1.71913	1.09272	1.0181	2.42025	0	0	0	0	0	0	0	1.67615	1.07804	0	0	0	0	0	0	0	0	0	0	1.88025	2.79646	2.26353	0	0	0	0	0	0	2.74013	1.82884	2.44845	1.82653	1.66711	2.06461	2.78971	1.05492	0	0	2.33841	0	0	0	0	0	0	0	0	0	0	0	2.25536	2.17505	1.95068	1.40045	0	0	0	0	0	0	1.1954	1.52482	1.30016	2.92323	1.72322	0	0	0	0	0	0	0	0	2.3274	1.74521	0	0	0	1.16182	2.96711	2.0401	1.10176	0	0	0	0	1.72655	2.88604	1.57731	1.4437	1.00732	0	0	0	0	0	0	2.02749	1.29028	0	0	0	0	2.24787	0	0	0	0	0	0	2.3667	1.14745	1.52444	1.39372	2.22972	2.55155	1.86909	0	0	0	0	0	0	0	0	0	0	0	0	0	1.19959	1.23518	1.76057	2.4687	2.40904	1.90468	2.26433	0	0	0	0	0	0	2.02611	2.66389	0	0	0	0	0	0	0	0	0	0	0	0	0	2.67238	2.93065	2.18497	2.37979	2.91293	2.10348	1.53067	1.61473	2.14439	2.33353	2.13036	-0.239316	-0.0923677	0.166667	16.3489
0	0	1.63396	2.88951	1.35851	2.21047	1.61696	2.56864	1.18551	2.23409	2.506	2.02998	0	0	2.15092	2.13084	2.12663	2.86401	1.59173	2.19118	2.87353	0	0	0	0	0	2.18663	1.84397	2.04208	1.55191	2.07841	2.38183	1.14087	0	0	0	0	0	1.56159	1.44291	2.07545	1.14989	1.51329	2.00521	2.76634	1.64309	1.47282	1.78424	2.9743	2.20801	1.51979	0	0	0	2.37022	0	0	0	0	0	0	0	0	1.91186	1.7051	0	0	0	0	0	2.83197	1.47288	1.98219	1.70006	1.23669	1.95743	1.75193	2.21583	2.38923	1.90518	2.01017	2.46914	1.24507	2.28508	2.03382	1.92741	2.7702	1.34692	2.03406	1.54022	0	0	0	0	0	0	0	0	0	0	0	0	0	0	1.57192	0	0	0	0	0	0	1.34704	1.69026	2.32937	2.29469	1.85289	0	1.23375	0	0	0	0	2.09269	2.61411	2.86819	1.20127	1.06293	2.11334	1.97414	2.60529	1.33435	0	0	0	0	0	0	0	0	0	0	1.60174	0	1.64411	1.0481	2.56783	0	1.75213	1.34715	1.06996	1.69434	1.14864	1.51744	0	0	0	1.43376	1.00317	2.35367	1.71377	2.88565	0	0	0	0	0	0	0	0	1.85898	1.56156	1.27737	2.6356	2.85713	2.22646	2.21794	2.59874	2.24131	1.1193	2.95719	1.86649	0	1.64038	0	0	0	0	0	0	2.70202	2.3985	2.62662	2.6165	1.19075	2.68951	0	0	1.39423	2.63885	1.17528	0	0	0	1.84493	1.17216	1.37976	1.51156	2.09945	0	0	0	0	0	0	2.61028	1.78466	2.57686	2.50176	1.71538	1.05277	2.55858	2.70183	0	2.31022	1.3887	2.98555	1.40699	0	0	2.584	1.50293	1.33119	2.47273	1.54571	2.09426	1.06887	2.84704	1.38667	2.92996	2.17622	1.58424	0	1.03687	2.7361	1.87874	2.74605	1.46873	0	0	0	0	0	0	0	0	1.32524	1.17395	2.50632	1.501	0	1.4171	0	0	0	0	0	0	1.98223	2.492	1.88142	2.67485	2.0156	0	0	2.01279	1.77888	1.47211	2.30763	1.41676	1.88868	0	1.67502	1.34645	2.43507	1.54873	1.81561	0	1.0989	0	1.39341	2.69567	0	0	0	1.69826	0	0	0	0	2.00236	1.34775	2.64493	2.97023	1.19095	2.17454	0	0	0	2.9543	1.91051	1.32815	1.44783	0	2.90668	1.78021	0	2.66927	0	0	0	0	0	2.89921	1.34319	2.24744	0	0	0	0	0	0	0	0	1.15761	1.17835	1.10549	2.14048	2.88714	1.06787	1.0205	1.01344	1.04534	1.51969	2.23357	2.94226	2.13426	1.22441	1.05205	2.88589	2.84424	2.47102	1.70534	0	0	2.19293	2.43337	1.82193	0	0	0	0	1.38632	1.47752	0	2.20949	1.33537	1.11093	2.09202	2.34093	1.49186	2.6201	2.32968	2.29924	1.62972	1.47467	1.10311	1.17143	1.40083	2.23557	1.14144	1.6979	1.77116	2.01419	2.5314	1.73369	0	0	0	2.17068	2.92347	1.11052	0	0	0	0	0	2.98291	2.5778	1.94851	0	0	0	0	0	0	0	0	2.2304	1.99916	1.45924	1.05364	1.93526	1.98836	1.70073	2.10116	2.26638	0	0	0	0	2.52267	2.39164	0	0	0	0	0	0	0	0	0	0	0	0	0	0	0	0	0	0	1.89403	2.23669	2.0641	0	0	0	0	0	0	0	0	1.17259	2.58578	1.86894	0	0	0	0	0	0	0	0	0	1.93247	0	0	0	0	0	1.24551	1.92678	0	1.18712	2.86957	1.12617	2.635	2.30538	2.50697	1.71913	1.09272	1.0181	0	0	0	0	0	0	0	0	1.67615	1.07804	0	0	0	0	0	0	0	0	0	0	1.88025	2.79646	2.26353	0	0	0	0	0	0	2.74013	1.82884	2.44845	1.82653	1.66711	2.06461	2.78971	1.05492	0	0	1.90601	0	0	0	0	0	0	0	0	0	0	0	2.25536	0	1.95068	1.40045	0	0	0	0	0	0	1.1954	1.52482	1.30016	2.92323	1.57524	0	0	0	0	0	0	0	0	2.3274	1.74521	0	0	2.18917	1.16182	2.96711	2.0401	1.10176	0	0	0	0	1.72655	2.88604	1.57731	1.4437	2.01228	0	0	0	0	0	0	2.02749	1.29028	0	0	0	0	0	0	0	0	0	0	0	2.3667	1.14745	1.52444	1.39372	2.22972	2.55155	0	0	0	0	0	0	0	0	0	0	0	0	0	2.75741	1.19959	1.23518	1.76057	2.4687	2.40904	1.90468	2.26433	0	0	0	0	0	2.2184	2.02611	2.66389	0	0	0	0	0	0	0	0	0	0	2.42694	0	0	2.67238	2.93065	2.18497	2.37979	2.91293	2.10348	1.53067	1.61473	2.14439	2.33353	-0.354605	-0.0144346	0.172619	17.9488
0	0	0	1.63396	2.88951	1.35851	2.21047	1.61696	2.56864	1.18551	2.23409	2.506	2.02998	0	0	2.15092	2.13084	2.12663	2.86401	1.59173	2.19118	2.87353	0	0	0	0	1.92365	2.18663	1.84397	2.04208	1.55191	2.07841	2.38183	1.14087	0	0	0	0	0	0	1.44291	2.07545	1.14989	1.51329	2.00521	2.76634	1.64309	1.47282	1.78424	2.9743	2.20801	1.51979	0	0	0	2.37022	0	0	0	0	0	0	0	0	1.91186	0	0	0	0	0	0	2.83197	1.47288	1.98219	1.70006	1.23669	1.95743	1.75193	2.83977	2.38923	1.90518	2.01017	2.46914	1.24507	2.28508	2.03382	1.92741	2.7702	1.34692	2.03406	1.54022	0	0	0	0	0	0	0	0	0	0	0	0	0	0	1.57192	0	0	0	0	0	0	1.34704	1.69026	2.32937	2.29469	1.85289	1.78782	1.23375	0	0	0	0	2.09269	2.61411	2.86819	1.20127	1.06293	2.11334	1.97414	1.60486	1.33435	0	0	0	0	0	0	0	0	0	0	1.60174	0	1.64411	1.0481	2.56783	0	1.75213	1.34715	1.06996	1.69434	1.14864	1.51744	0	0	2.99009	1.43376	1.00317	2.35367	1.71377	2.88565	0	0	0	0	0	0	0	1.75574	1.85898	1.56156	1.27737	2.6356	2.85713	2.22646	2.21794	2.59874	2.24131	1.1193	2.95719	1.86649	2.70485	1.64038	0	0	0	0	0	0	2.70202	2.3985	2.62662	2.6165	1.19075	0	0	0	1.39423	2.63885	1.17528	0	0	0	1.84493	1.17216	1.37976	1.51156	0	0	0	0	0	0	0	2.61028	1.78466	2.57686	2.50176	1.71538	1.05277	0	2.70183	0	2.31022	1.3887	2.98555	1.40699	0	0	2.584	1.50293	1.33119	2.47273	2.11921	2.09426	1.06887	2.84704	1.38667	2.92996	2.17622	1.58424	0	1.03687	2.7361	1.87874	2.74605	0	0	0	0	0	0	0	0	0	1.32524	1.17395	2.50632	1.501	0	1.4171	0	0	0	0	0	0	1.98223	2.492	1.88142	2.67485	2.0156	0	0	2.01279	1.77888	1.47211	2.30763	1.41676	1.88868	0	1.67502	1.34645	2.43507	1.54873	0	0	1.0989	0	1.39341	2.69567	0	0	0	1.69826	0	0	0	0	2.00236	1.34775	2.64493	2.97023	1.19095	2.17454	0	0	0	2.9543	1.91051	1.32815	0	0	2.90668	1.78021	0	2.66927	0	0	0	0	0	2.89921	1.34319	1.16723	0	0	0	0	0	0	0	0	1.15761	1.17835	1.10549	2.14048	2.81151	1.06787	1.0205	1.01344	1.04534	1.51969	2.23357	2.94226	2.13426	1.22441	1.05205	2.88589	2.84424	0	1.70534	0	0	2.19293	2.43337	1.82193	0	0	0	0	1.38632	1.47752	2.66094	2.20949	1.33537	1.11093	2.09202	2.34093	1.49186	2.6201	2.32968	2.29924	1.62972	1.47467	1.10311	2.62668	1.40083	2.23557	1.14144	1.6979	1.77116	2.01419	2.5314	1.73369	0	0	0	2.17068	1.56667	1.11052	0	0	0	0	0	2.98291	2.5778	1.94851	0	0	0	0	0	0	0	0	2.2304	1.99916	1.45924	1.05364	1.93526	1.98836	1.70073	2.10116	0	0	0	0	0	2.52267	2.39164	0	0	0	0	0	0	0	0	0	0	0	0	0	0	0	0	0	0	1.89403	1.8728	2.0641	0	0	0	0	0	0	0	0	1.17259	2.58578	1.86894	2.20094	0	0	0	0	0	0	0	0	1.93247	0	0	0	0	0	1.24551	1.92678	0	1.18712	2.86957	1.12617	2.635	2.30538	2.50697	1.71913	1.09272	0	0	0	0	0	0	0	0	0	1.67615	1.07804	0	0	0	0	0	0	0	0	0	0	1.88025	2.79646	2.26353	0	0	0	0	0	0	2.74013	1.82884	2.44845	1.82653	1.66711	2.06461	2.78971	1.05492	0	1.79112	1.90601	0	0	0	0	0	0	0	0	0	0	0	1.21901	0	1.95068	1.40045	0	0	0	0	0	0	1.1954	1.52482	1.30016	2.69756	1.57524	0	0	0	0	0	0	0	0	2.3274	1.74521	0	0	2.18917	1.16182	2.96711	2.0401	1.10176	0	0	0	0	1.72655	2.88604	1.57731	1.80851	2.01228	0	0	0	0	0	0	2.02749	1.29028	0	0	0	0	0	0	0	0	0	0	0	2.3667	1.14745	1.52444	1.39372	2.22972	0	0	0	0	0	0	0	0	0	0	0	0	0	0	2.75741	1.19959	1.23518	1.76057	2.4687	2.40904	1.90468	2.26433	0	0	0	0	2.86294	2.2184	2.02611	2.66389	0	0	0	0	0	0	0	0	0	2.84737	2.42694	0	0	2.67238	2.93065	2.18497	2.37979	2.91293	2.10348	1.53067	1.61473	2.14439	-0.464723	-0.0818193	0.178571	16.4471
0	0	0	0	1.63396	2.88951	1.35851	2.21047	1.61696	2.56864	1.18551	2.23409	2.506	0	0	0	2.15092	2.13084	2.12663	2.86401	1.59173	2.19118	2.87353	0	0	0	1.81924	1.92365	2.18663	1.84397	2.04208	1.55191	2.07841	2.38183	1.14087	0	0	0	0	0	0	1.44291	2.07545	1.14989	1.51329	2.00521	2.76634	1.64309	1.47282	1.78424	2.9743	2.20801	0	0	0	0	2.37022	0	0	0	0	0	0	0	0	0	0	0	0	0	0	0	2.83197	1.47288	1.98219	1.70006	1.23669	1.95743	1.48551	2.83977	2.38923	1.90518	2.01017	2.46914	1.24507	2.28508	2.03382	1.92741	2.7702	1.34692	2.03406	2.51187	0	0	0	0	0	0	0	0	0	0	0	0	0	0	1.57192	0	0	0	0	0	0	1.34704	1.69026	2.32937	2.29469	2.69936	1.78782	1.23375	0	0	0	0	2.09269	2.61411	2.86819	1.20127	1.06293	2.11334	2.90859	1.60486	1.33435	0	0	0	0	0	0	0	0	0	0	0	0	1.64411	1.0481	2.56783	0	1.75213	1.34715	1.06996	1.69434	1.14864	1.51744	0	1.83758	2.99009	1.43376	1.00317	2.35367	1.71377	2.88565	0	0	0	0	0	0	1.57862	1.75574	1.85898	1.56156	1.27737	2.6356	2.85713	2.22646	2.21794	2.59874	2.24131	1.1193	2.95719	0	2.70485	1.64038	0	0	0	0	0	0	2.70202	2.3985	2.62662	2.6165	0	0	0	0	1.39423	2.63885	1.17528	0	0	0	1.84493	1.17216	1.37976	0	0	0	0	0	0	0	0	2.61028	1.78466	2.57686	2.50176	1.71538	0	0	2.70183	0	2.31022	1.3887	2.98555	1.40699	0	0	2.584	1.50293	1.33119	1.25458	2.11921	2.09426	1.06887	2.84704	1.38667	2.92996	2.17622	1.58424	0	1.03687	2.7361	1.87874	0	0	0	0	0	0	0	0	0	0	1.32524	1.17395	2.50632	0	0	1.4171	0	0	0	0	0	0	1.98223	2.492	1.88142	2.67485	0	0	0	2.01279	1.77888	1.47211	2.30763	1.41676	1.88868	0	1.67502	1.34645	2.43507	0	0	0	1.0989	0	1.39341	2.69567	0	0	0	1.69826	0	0	0	0	2.00236	1.34775	2.64493	2.97023	1.19095	2.17454	0	0	0	2.9543	1.91051	0	0	0	2.90668	1.78021	0	2.66927	0	0	0	0	0	2.89921	2.03528	1.16723	0	0	0	0	0	0	0	0	1.15761	1.17835	1.10549	1.9791	2.81151	1.06787	1.0205	1.01344	1.04534	1.51969	2.23357	2.94226	2.13426	1.22441	1.05205	2.88589	1.79519	0	1.70534	0	0	2.19293	2.43337	1.82193	0	0	0	0	1.38632	2.78121	2.66094	2.20949	1.33537	1.11093	2.09202	2.34093	1.49186	2.6201	2.32968	2.29924	1.62972	1.47467	1.39367	2.62668	1.40083	2.23557	1.14144	1.6979	1.77116	2.01419	2.5314	1.73369	0	0	0	1.45547	1.56667	1.11052	0	0	0	0	0	2.98291	2.5778	1.94851	0	0	0	0	0	0	0	0	2.2304	1.99916	1.45924	1.05364	1.93526	1.98836	1.70073	0	0	0	0	0	0	2.52267	2.39164	0	0	0	0	0	0	0	0	0	0	0	0	0	0	0	0	0	0	1.57467	1.8728	2.0641	0	0	0	0	0	0	0	0	1.17259	2.58578	1.67917	2.20094	0	0	0	0	0	0	0	0	1.93247	0	0	0	0	0	1.24551	1.92678	0	1.18712	2.86957	1.12617	2.635	2.30538	2.50697	1.71913	0	0	0	0	0	0	0	0	0	0	1.67615	1.07804	0	2.02747	0	0	0	0	0	0	0	0	1.88025	2.79646	2.26353	0	0	0	0	0	0	2.74013	1.82884	2.44845	1.82653	1.66711	2.06461	2.78971	1.05492	0	1.79112	1.90601	0	0	0	0	0	0	0	0	0	0	2.56131	1.21901	0	1.95068	1.40045	0	0	0	0	0	0	1.1954	1.52482	2.89301	2.69756	1.57524	0	0	0	0	0	0	0	0	2.3274	1.74521	0	0	2.18917	1.16182	2.96711	2.0401	1.10176	0	0	0	0	1.72655	2.88604	1.45355	1.80851	2.01228	0	0	0	0	0	0	2.02749	1.29028	0	0	0	0	0	0	0	0	0	0	0	2.3667	1.14745	1.52444	1.39372	0	0	0	0	0	0	0	0	0	0	0	0	0	0	0	2.75741	1.19959	1.23518	1.76057	2.4687	2.40904	1.90468	2.26433	0	0	0	1.41008	2.86294	2.2184	2.02611	2.66389	0	0	0	0	0	0	0	0	2.98251	2.84737	2.42694	0	0	2.67238	2.93065	2.18497	2.37979	2.91293	2.10348	1.53067	1.61473	-0.568065	-0.117556	0.184524	16.23
0	0	0	0	0	1.63396	2.88951	1.35851	2.21047	1.61696	2.56864	1.18551	2.23409	0	0	0	0	2.15092	2.13084	2.12663	2.86401	1.59173	2.19118	2.87353	0	0	2.86652	1.81924	1.92365	2.18663	1.84397	2.04208	1.55191	2.07841	2.38183	1.14087	0	0	0	0	0	0	1.44291	2.07545	1.14989	1.51329	2.00521	2.76634	1.64309	1.47282	1.78424	2.9743	0	0	0	0	0	2.37022	0	0	0	0	0	0	0	0	0	0	0	0	0	0	0	2.83197	1.47288	1.98219	1.70006	1.23669	2.00247	1.48551	2.83977	2.38923	1.90518	2.01017	2.46914	1.24507	2.28508	2.03382	1.92741	2.7702	1.34692	1.8573	2.51187	0	0	0	0	0	0	0	0	0	0	0	0	0	0	1.57192	0	0	0	0	0	0	1.34704	1.69026	2.32937	1.28354	2.69936	1.78782	1.23375	0	0	0	0	2.09269	2.61411	2.86819	1.20127	1.06293	0	2.90859	1.60486	1.33435	0	0	0	0	0	0	0	0	0	0	0	0	1.64411	1.0481	2.56783	0	1.75213	1.34715	1.06996	1.69434	1.14864	1.51744	1.26902	1.83758	2.99009	1.43376	1.00317	2.35367	1.71377	2.88565	0	0	0	0	0	2.05524	1.57862	1.75574	1.85898	1.56156	1.27737	2.6356	2.85713	2.22646	2.21794	2.59874	2.24131	1.1193	0	0	2.70485	1.64038	0	0	0	0	0	0	2.70202	2.3985	2.62662	0	0	0	0	0	1.39423	2.63885	1.17528	0	0	0	1.84493	1.17216	0	0	0	0	0	0	0	0	0	2.61028	1.78466	2.57686	2.50176	0	0	0	2.70183	0	2.31022	1.3887	2.98555	1.40699	0	0	2.584	1.50293	0	1.25458	2.11921	2.09426	1.06887	2.84704	1.38667	2.92996	2.17622	1.58424	0	1.03687	2.7361	0	0	0	0	0	0	0	0	0	0	0	1.32524	1.17395	0	0	0	1.4171	0	0	0	0	0	0	1.98223	2.492	1.88142	0	0	0	0	2.01279	1.77888	1.47211	2.30763	1.41676	1.88868	0	1.67502	1.34645	0	0	0	0	1.0989	0	1.39341	2.69567	0	0	0	1.69826	0	0	0	0	2.00236	1.34775	2.64493	2.97023	1.19095	2.17454	0	0	0	2.9543	1.9313	0	0	0	2.90668	1.78021	0	2.66927	0	0	0	0	0	0	2.03528	1.16723	0	0	0	0	0	0	0	0	1.15761	1.17835	1.85827	1.9791	2.81151	1.06787	1.0205	1.01344	1.04534	1.51969	2.23357	2.94226	2.13426	1.22441	1.05205	2.68099	1.79519	0	1.70534	0	0	2.19293	2.43337	1.82193	0	0	0	0	1.40465	2.78121	2.66094	2.20949	1.33537	1.11093	2.09202	2.34093	1.49186	2.6201	2.32968	2.29924	1.62972	2.56158	1.39367	2.62668	1.40083	2.23557	1.14144	1.6979	1.77116	2.01419	2.5314	1.73369	0	0	1.30118	1.45547	1.56667	1.11052	0	0	0	0	0	2.98291	2.5778	1.94851	0	0	0	0	0	0	0	0	2.2304	1.99916	1.45924	1.05364	1.93526	1.98836	0	0	0	0	0	0	0	2.52267	2.39164	0	0	0	0	0	0	0	0	0	0	0	0	0	0	0	0	0	2.21142	1.57467	1.8728	2.0641	0	0	0	0	0	0	0	0	1.17259	1.97504	1.67917	2.20094	0	0	0	0	0	0	0	0	1.93247	0	0	0	0	0	1.24551	1.92678	0	1.18712	2.86957	1.12617	2.635	2.30538	2.50697	1.06438	0	0	0	0	0	0	0	0	0	0	1.67615	1.07804	1.01682	2.02747	0	0	0	0	0	0	0	0	1.88025	2.79646	2.26353	0	0	0	0	0	0	2.74013	1.82884	2.44845	1.82653	1.66711	2.06461	2.78971	0	0	1.79112	1.90601	0	0	0	0	0	0	0	0	0	2.9181	2.56131	1.21901	0	1.95068	1.40045	0	0	0	0	0	0	1.1954	2.80793	2.89301	2.69756	1.57524	0	0	0	0	0	0	0	0	2.3274	0	0	0	2.18917	1.16182	2.96711	2.0401	1.10176	0	0	0	0	1.72655	1.79069	1.45355	1.80851	2.01228	0	0	0	0	0	0	2.02749	1.29028	0	2.72295	0	0	0	0	0	0	0	0	0	2.3667	1.14745	1.52444	0	0	0	0	0	0	0	0	0	0	0	0	0	0	0	0	2.75741	1.19959	1.23518	1.76057	2.4687	2.40904	1.90468	2.26433	0	0	2.38986	1.41008	2.86294	2.2184	2.02611	2.66389	0	0	0	0	0	0	0	2.12111	2.98251	2.84737	2.42694	0	0	2.67238	2.93065	2.18497	2.37979	2.91293	2.10348	1.53067	-0.663123	-0.176058	0.190476	15.5442
0	0	0	0	0	0	1.63396	2.88951	1.35851	2.21047	1.61696	2.56864	1.18551	0	0	0	0	0	2.15092	2.13084	2.12663	2.86401	1.59173	2.19118	2.87353	0	1.12284	2.86652	1.81924	1.92365	2.18663	1.84397	2.04208	1.55191	2.07841	2.38183	1.14087	0	0	0	0	0	0	1.44291	2.07545	1.14989	1.51329	2.00521	2.76634	1.64309	1.47282	1.78424	0	0	0	0	0	0	2.37022	0	0	0	0	0	0	0	0	0	0	0	0	0	0	0	2.83197	1.47288	1.98219	1.70006	1.38088	2.00247	1.48551	2.83977	2.38923	1.90518	2.01017	2.46914	1.24507	2.28508	2.03382	1.92741	2.7702	2.69992	1.8573	2.51187	0	0	0	0	0	0	0	0	0	0	0	0	0	0	1.57192	0	0	0	0	0	0	1.34704	1.69026	2.09583	1.28354	2.69936	1.78782	1.23375	0	0	0	0	2.09269	2.61411	2.86819	1.20127	1.65077	0	2.90859	1.60486	1.33435	0	0	0	0	0	0	0	0	0	0	0	0	1.64411	1.0481	2.56783	0	1.75213	1.34715	1.06996	1.69434	1.14864	0	1.26902	1.83758	2.99009	1.43376	1.00317	2.35367	1.71377	2.88565	0	0	0	0	1.93761	2.05524	1.57862	1.75574	1.85898	1.56156	1.27737	2.6356	2.85713	2.22646	2.21794	2.59874	2.24131	1.24541	0	0	2.70485	1.64038	0	0	0	0	0	0	2.70202	2.3985	0	0	0	0	0	0	1.39423	2.63885	1.17528	0	0	0	1.84493	1.29132	0	0	0	0	0	0	0	0	0	2.61028	1.78466	2.57686	0	0	0	0	2.70183	0	2.31022	1.3887	2.98555	1.40699	0	0	2.584	0	0	1.25458	2.11921	2.09426	1.06887	2.84704	1.38667	2.92996	2.17622	1.58424	0	1.03687	0	0	0	0	0	0	0	0	0	0	0	0	1.32524	0	0	0	0	1.4171	0	0	0	0	0	0	1.98223	2.492	0	0	0	0	0	2.01279	1.77888	1.47211	2.30763	1.41676	1.88868	0	1.67502	0	0	0	0	0	1.0989	0	1.39341	2.69567	0	0	0	1.69826	0	0	0	0	2.00236	1.34775	2.64493	2.97023	1.19095	2.17454	0	0	0	1.46614	1.9313	0	0	0	2.90668	1.78021	0	2.66927	0	0	0	0	0	0	2.03528	1.16723	0	0	0	0	0	0	0	0	1.15761	0	1.85827	1.9791	2.81151	1.06787	1.0205	1.01344	1.04534	1.51969	2.23357	2.94226	2.13426	1.22441	0	2.68099	1.79519	0	1.70534	0	0	2.19293	2.43337	1.82193	0	0	0	2.23065	1.40465	2.78121	2.66094	2.20949	1.33537	1.11093	2.09202	2.34093	1.49186	2.6201	2.32968	2.29924	2.26465	2.56158	1.39367	2.62668	1.40083	2.23557	1.14144	1.6979	1.77116	2.01419	2.5314	1.73369	0	1.30368	1.30118	1.45547	1.56667	1.11052	0	0	0	0	0	2.98291	2.5778	1.94851	0	0	0	0	0	0	0	0	2.2304	1.99916	1.45924	1.05364	1.93526	0	0	0	0	0	0	0	0	2.52267	2.39164	0	0	0	2.33044	0	0	0	0	0	0	0	0	0	0	0	0	0	2.21142	1.57467	1.8728	2.0641	0	0	0	0	0	0	0	0	2.89024	1.97504	1.67917	2.20094	0	0	0	0	0	0	0	0	1.93247	0	0	0	0	0	1.24551	1.92678	0	1.18712	2.86957	1.12617	2.635	2.30538	1.32674	1.06438	0	0	0	0	0	0	0	0	0	0	1.67615	2.2621	1.01682	2.02747	0	0	0	0	0	0	0	0	1.88025	2.79646	1.17175	0	0	0	0	0	0	2.74013	1.82884	2.44845	1.82653	1.66711	2.06461	0	0	0	1.79112	1.90601	0	0	0	0	0	0	0	0	0	2.9181	2.56131	1.21901	0	1.95068	1.40045	0	0	0	0	0	0	1.04943	2.80793	2.89301	2.69756	1.57524	0	0	0	0	0	0	0	0	2.78175	0	0	0	2.18917	1.16182	2.96711	2.0401	1.10176	0	0	0	0	2.35188	1.79069	1.45355	1.80851	2.01228	0	0	0	0	0	0	2.02749	1.29028	2.25801	2.72295	0	0	0	0	0	0	0	0	0	2.3667	1.14745	0	0	0	0	0	0	0	0	0	0	0	0	0	2.20797	0	0	0	2.75741	1.19959	1.23518	1.76057	2.4687	2.40904	1.90468	2.26433	0	1.05761	2.38986	1.41008	2.86294	2.2184	2.02611	2.66389	0	0	0	0	0	0	2.27082	2.12111	2.98251	2.84737	2.42694	0	0	2.67238	2.93065	2.18497	2.37979	2.91293	2.10348	-0.748511	-0.177744	0.196429	15.76
1.08003	0	0	0	0	0	0	1.63396	2.88951	1.35851	2.21047	1.61696	2.56864	0	0	0	0	0	0	2.15092	2.13084	2.12663	2.86401	1.59173	2.19118	2.87353	1.88186	1.12284	2.86652	1.81924	1.92365	2.18663	1.84397	2.04208	1.55191	2.07841	2.38183	1.14087	0	0	0	0	0	0	1.44291	2.07545	1.14989	1.51329	2.00521	2.76634	1.64309	1.47282	0	0	0	0	0	0	0	2.37022	0	0	0	0	0	0	0	0	0	0	0	0	0	0	0	2.83197	1.47288	1.98219	1.06219	1.38088	2.00247	1.48551	2.83977	2.38923	1.90518	2.01017	2.46914	1.24507	2.28508	2.03382	1.92741	1.22869	2.69992	1.8573	2.51187	0	0	0	0	0	0	0	0	0	1.91232	0	0	0	0	1.57192	0	0	0	0	0	0	1.34704	0	2.09583	1.28354	2.69936	1.78782	1.23375	0	0	0	0	2.09269	2.61411	2.86819	1.28803	1.65077	0	2.90859	1.60486	1.33435	0	0	0	0	0	0	0	1.33616	0	0	0	0	1.64411	1.0481	2.56783	0	1.75213	1.34715	1.06996	1.69434	0	0	1.26902	1.83758	2.99009	1.43376	1.00317	2.35367	1.71377	2.88565	0	0	0	1.31428	1.93761	2.05524	1.57862	1.75574	1.85898	1.56156	1.27737	2.6356	2.85713	2.22646	2.21794	2.59874	2.43669	1.24541	0	0	2.70485	1.64038	0	0	0	0	0	0	2.70202	2.95157	0	0	0	0	0	0	1.39423	2.63885	1.17528	0	0	0	2.22596	1.29132	0	0	0	0	0	0	0	0	0	2.61028	1.78466	0	0	0	0	0	2.70183	0	2.31022	1.3887	2.98555	1.40699	0	0	0	0	0	1.25458	2.11921	2.09426	1.06887	2.84704	1.38667	2.92996	2.17622	1.58424	0	0	0	0	0	0	0	0	0	0	0	0	0	0	0	0	0	0	0	1.4171	0	0	0	0	0	0	1.98223	0	0	0	0	0	0	2.01279	1.77888	1.47211	2.30763	1.41676	1.88868	0	0	0	0	0	0	0	1.0989	0	1.39341	2.69567	0	0	0	0	0	0	0	0	2.00236	1.34775	2.64493	2.97023	1.19095	2.17454	0	0	1.89382	1.46614	1.9313	0	0	0	2.90668	1.78021	0	2.66927	0	0	0	1.3656	0	0	2.03528	1.16723	0	0	0	0	0	0	0	0	0	0	1.85827	1.9791	2.81151	1.06787	1.0205	1.01344	1.04534	1.51969	2.23357	2.94226	2.13426	0	0	2.68099	1.79519	0	1.70534	0	0	2.19293	2.43337	1.82193	0	0	2.06326	2.23065	1.40465	2.78121	2.66094	2.20949	1.33537	1.11093	2.09202	2.34093	1.49186	2.6201	2.32968	1.77865	2.26465	2.56158	1.39367	2.62668	1.40083	2.23557	1.14144	1.6979	1.77116	2.01419	2.5314	1.73369	1.29335	1.30368	1.30118	1.45547	1.56667	1.11052	0	0	0	0	0	2.98291	2.5778	0	0	0	0	0	0	0	0	0	2.2304	1.99916	1.45924	1.05364	1.69655	0	0	0	0	0	0	0	0	2.52267	2.39164	0	0	2.22062	2.33044	0	0	0	0	0	0	0	0	0	0	0	0	0	2.21142	1.57467	1.8728	2.0641	0	0	0	0	0	0	0	0	2.89024	1.97504	1.67917	2.20094	0	0	0	0	0	0	0	0	0	0	0	0	0	0	1.24551	1.92678	0	1.18712	2.86957	1.12617	2.635	0	1.32674	1.06438	0	0	0	0	0	0	0	0	0	0	2.27069	2.2621	1.01682	2.02747	0	0	0	0	0	0	0	0	1.88025	1.24662	1.17175	0	0	0	0	0	0	2.74013	1.82884	2.44845	1.82653	1.66711	0	0	0	0	1.79112	1.90601	0	0	0	0	0	0	0	0	0	2.9181	2.56131	1.21901	0	1.95068	1.40045	0	0	0	0	0	2.57814	1.04943	2.80793	2.89301	2.69756	1.57524	0	0	0	0	0	0	0	2.91261	2.78175	0	0	0	2.18917	1.16182	2.96711	2.0401	1.10176	0	0	0	2.88434	2.35188	1.79069	1.45355	1.80851	2.01228	0	0	0	0	0	0	2.02749	2.29088	2.25801	2.72295	0	0	0	0	0	0	0	0	0	2.3667	2.76418	0	0	0	0	0	0	0	0	0	0	0	0	2.47735	2.20797	0	0	0	2.75741	1.19959	1.23518	1.76057	2.4687	2.40904	1.90468	2.26433	2.01032	1.05761	2.38986	1.41008	2.86294	2.2184	2.02611	2.66389	0	0	0	0	0	2.66735	2.27082	2.12111	2.98251	2.84737	2.42694	0	0	2.67238	2.93065	2.18497	2.37979	2.91293	-0.822984	-0.183752	0.202381	16.8269
0	1.08003	0	0	0	0	0	0	1.63396	2.88951	1.35851	2.21047	1.61696	0	0	0	0	0	0	0	2.15092	2.13084	2.12663	2.86401	1.59173	2.19118	1.4091	1.88186	1.12284	2.86652	1.81924	1.92365	2.18663	1.84397	2.04208	1.55191	2.07841	2.38183	1.14087	0	0	0	0	0	0	1.44291	2.07545	1.14989	1.51329	2.00521	2.76634	1.64309	0	0	0	0	0	0	0	0	2.37022	0	0	0	0	0	0	0	0	0	0	0	0	0	0	0	2.83197	1.47288	0	1.06219	1.38088	2.00247	1.48551	2.83977	2.38923	1.90518	2.01017	2.46914	1.24507	2.28508	2.03382	1.45107	1.22869	2.69992	1.8573	2.51187	0	0	0	0	0	0	0	0	1.02675	1.91232	0	0	0	0	1.57192	0	0	0	0	0	0	0	0	2.09583	1.28354	2.69936	1.78782	1.23375	0	0	0	0	2.09269	2.61411	2.1843	1.28803	1.65077	0	2.90859	1.60486	1.33435	0	0	0	0	0	0	1.24756	1.33616	0	0	0	0	1.64411	1.0481	2.56783	0	1.75213	1.34715	1.06996	0	0	0	1.26902	1.83758	2.99009	1.43376	1.00317	2.35367	1.71377	2.88565	0	0	1.98541	1.31428	1.93761	2.05524	1.57862	1.75574	1.85898	1.56156	1.27737	2.6356	2.85713	2.22646	2.21794	1.83256	2.43669	1.24541	0	0	2.70485	1.64038	0	0	0	0	0	0	1.28357	2.95157	0	0	0	0	0	0	1.39423	2.63885	1.17528	0	0	1.52076	2.22596	1.29132	0	0	0	0	0	0	0	0	0	2.61028	0	0	0	0	0	0	2.70183	0	2.31022	1.3887	2.98555	1.40699	0	0	0	0	0	1.25458	2.11921	2.09426	1.06887	2.84704	1.38667	2.92996	2.17622	1.58424	0	0	0	0	0	0	0	0	0	0	0	0	0	0	0	0	0	0	0	1.4171	0	0	0	0	0	0	0	0	0	0	0	0	0	2.01279	1.77888	1.47211	2.30763	1.41676	1.88868	0	0	0	0	0	0	0	1.0989	0	1.39341	2.69567	0	0	0	0	0	0	0	0	2.00236	1.34775	2.64493	2.97023	1.19095	2.17454	0	2.7701	1.89382	1.46614	1.9313	0	0	0	2.90668	1.78021	0	2.66927	0	0	2.67485	1.3656	0	0	2.03528	1.16723	0	0	0	0	0	0	0	0	0	0	1.85827	1.9791	2.81151	1.06787	1.0205	1.01344	1.04534	1.51969	2.23357	2.94226	1.67519	0	0	2.68099	1.79519	0	1.70534	0	0	2.19293	2.43337	1.82193	0	0	2.06326	2.23065	1.40465	2.78121	2.66094	2.20949	1.33537	1.11093	2.09202	2.34093	1.49186	2.6201	1.89274	1.77865	2.26465	2.56158	1.39367	2.62668	1.40083	2.23557	1.14144	1.6979	1.77116	2.01419	2.5314	1.97923	1.29335	1.30368	1.30118	1.45547	1.56667	1.11052	0	0	0	0	0	2.98291	0	0	0	0	0	0	0	0	0	0	2.2304	1.99916	1.45924	0	1.69655	0	0	0	0	0	0	0	0	2.52267	2.39164	0	2.97119	2.22062	2.33044	0	0	0	0	0	0	0	0	0	0	0	0	0	2.21142	1.57467	1.8728	2.0641	0	0	0	0	0	0	0	0	2.89024	1.97504	1.67917	2.20094	0	0	0	0	0	0	0	0	0	0	0	0	0	0	1.24551	1.92678	0	1.18712	2.86957	1.12617	1.45817	0	1.32674	1.06438	0	0	0	0	0	0	0	0	0	0	2.27069	2.2621	1.01682	2.02747	0	0	0	0	0	0	0	0	1.03788	1.24662	1.17175	0	0	0	0	0	0	2.74013	1.82884	2.44845	1.82653	2.61348	0	0	0	0	1.79112	1.90601	0	0	0	0	0	0	2.996	0	0	2.9181	2.56131	1.21901	0	1.95068	1.40045	0	0	0	0	1.64283	2.57814	1.04943	2.80793	2.89301	2.69756	1.57524	0	0	0	0	0	0	2.01082	2.91261	2.78175	0	0	0	2.18917	1.16182	2.96711	2.0401	1.10176	0	0	1.87005	2.88434	2.35188	1.79069	1.45355	1.80851	2.01228	0	0	0	0	0	0	2.16957	2.29088	2.25801	2.72295	0	0	0	0	0	0	0	0	0	1.94974	2.76418	0	0	0	0	0	0	0	0	0	0	0	0	2.47735	2.20797	0	0	0	2.75741	1.19959	1.23518	1.76057	2.4687	2.40904	1.90468	1.69825	2.01032	1.05761	2.38986	1.41008	2.86294	2.2184	2.02611	2.66389	0	0	0	0	1.83867	2.66735	2.27082	2.12111	2.98251	2.84737	2.42694	0	0	2.67238	2.93065	2.18497	2.37979	-0.885456	-0.272976	0.208333	16.1553
0	0	1.08003	0	0	0	0	0	0	1.63396	2.88951	1.35851	2.21047	0	0	0	0	0	0	0	0	2.15092	2.13084	2.12663	2.86401	1.59173	1.49389	1.4091	1.88186	1.12284	2.86652	1.81924	1.92365	2.18663	1.84397	2.04208	1.55191	2.07841	2.38183	0	0	0	0	0	0	0	1.44291	2.07545	1.14989	1.51329	2.00521	2.76634	0	0	0	0	0	0	0	0	0	2.37022	0	0	0	1.66287	0	0	0	0	0	0	0	0	0	0	0	2.83197	1.83814	0	1.06219	1.38088	2.00247	1.48551	2.83977	2.38923	1.90518	2.01017	2.46914	1.24507	2.28508	2.36319	1.45107	1.22869	2.69992	1.8573	2.51187	0	0	0	0	0	0	0	0	1.02675	1.91232	0	0	0	0	1.57192	0	0	0	0	0	0	0	0	2.09583	1.28354	2.69936	1.78782	1.23375	0	0	0	0	2.09269	2.77831	2.1843	1.28803	1.65077	0	2.90859	1.60486	1.33435	0	0	0	0	0	2.40056	1.24756	1.33616	0	0	0	0	1.64411	1.0481	2.56783	0	1.75213	1.34715	0	0	0	0	1.26902	1.83758	2.99009	1.43376	1.00317	2.35367	1.71377	2.88565	0	1.83652	1.98541	1.31428	1.93761	2.05524	1.57862	1.75574	1.85898	1.56156	1.27737	2.6356	2.85713	2.22646	2.94004	1.83256	2.43669	1.24541	0	0	2.70485	1.64038	0	0	0	0	0	2.02132	1.28357	2.95157	0	0	0	0	0	0	1.39423	2.63885	1.17528	0	2.87882	1.52076	2.22596	1.29132	0	0	0	0	0	0	0	0	0	0	0	0	0	0	0	0	2.70183	0	2.31022	1.3887	2.98555	1.40699	0	0	0	0	0	1.25458	2.11921	2.09426	1.06887	2.84704	1.38667	2.92996	2.17622	0	0	0	0	0	0	0	0	0	0	0	0	0	0	0	0	0	0	0	0	1.4171	0	0	0	0	0	0	0	0	0	0	0	0	0	2.01279	1.77888	1.47211	2.30763	1.41676	0	0	0	0	0	0	0	0	1.0989	0	1.39341	2.69567	0	0	0	0	0	0	0	0	2.00236	1.34775	2.64493	2.97023	1.19095	2.17454	2.41076	2.7701	1.89382	1.46614	1.9313	0	0	0	2.90668	1.78021	0	2.66927	0	0	2.67485	1.3656	0	0	2.03528	1.16723	0	0	0	0	0	0	0	0	0	0	1.85827	1.9791	2.81151	1.06787	1.0205	1.01344	1.04534	1.51969	2.23357	2.88862	1.67519	0	0	2.68099	1.79519	0	1.70534	0	0	2.19293	2.43337	1.82193	0	0	2.06326	2.23065	1.40465	2.78121	2.66094	2.20949	1.33537	1.11093	2.09202	2.34093	1.49186	2.42256	1.89274	1.77865	2.26465	2.56158	1.39367	2.62668	1.40083	2.23557	1.14144	1.6979	1.77116	2.01419	2.00525	1.97923	1.29335	1.30368	1.30118	1.45547	1.56667	1.11052	0	0	0	0	0	2.0577	0	0	0	0	0	0	0	0	0	0	2.2304	1.99916	0	0	1.69655	0	0	0	0	0	0	0	0	2.52267	2.39164	0	2.97119	2.22062	2.33044	0	0	0	0	0	0	0	0	0	0	0	0	0	2.21142	1.57467	1.8728	2.0641	0	0	0	0	0	1.25598	0	0	2.89024	1.97504	1.67917	2.20094	0	0	0	0	0	0	1.39672	0	0	0	0	0	0	0	1.24551	1.92678	0	1.18712	2.86957	0	1.45817	0	1.32674	1.06438	0	0	0	0	0	0	0	0	0	0	2.27069	2.2621	1.01682	2.02747	0	0	0	0	0	0	0	1.12319	1.03788	1.24662	1.17175	0	0	0	0	0	0	2.74013	1.82884	2.44845	0	2.61348	0	0	0	0	1.79112	1.90601	0	0	0	0	0	0	2.996	0	0	2.9181	2.56131	1.21901	0	1.95068	1.40045	0	0	0	2.9719	1.64283	2.57814	1.04943	2.80793	2.89301	2.69756	1.57524	0	0	0	0	0	1.14159	2.01082	2.91261	2.78175	0	0	0	2.18917	1.16182	2.96711	2.0401	1.10176	0	2.93752	1.87005	2.88434	2.35188	1.79069	1.45355	1.80851	2.01228	0	0	0	0	0	2.65942	2.16957	2.29088	2.25801	2.72295	0	0	0	0	0	0	0	0	2.71738	1.94974	2.76418	0	0	0	0	0	0	0	0	0	0	0	0	2.47735	2.20797	0	0	0	2.75741	1.19959	1.23518	1.76057	2.4687	2.40904	0	1.69825	2.01032	1.05761	2.38986	1.41008	2.86294	2.2184	2.02611	2.66389	0	0	0	2.58272	1.83867	2.66735	2.27082	2.12111	2.98251	2.84737	2.42694	0	0	2.67238	2.93065	2.18497	-0.935016	-0.231236	0.214286	16.6139
0	0	0	1.08003	0	0	0	0	0	0	1.63396	2.88951	1.35851	0	0	0	0	0	0	0	0	0	2.15092	2.13084	2.12663	2.86401	1.44629	1.49389	1.4091	1.88186	1.12284	2.86652	1.81924	1.92365	2.18663	1.84397	2.04208	1.55191	2.07841	0	0	0	0	0	0	0	0	1.44291	2.07545	1.14989	1.51329	2.00521	1.63918	0	0	0	0	0	0	0	0	0	2.37022	0	0	2.54354	1.66287	0	0	0	0	0	0	0	0	0	0	0	0	1.83814	0	1.06219	1.38088	2.00247	1.48551	2.83977	2.38923	1.90518	2.01017	2.46914	1.24507	2.26262	2.36319	1.45107	1.22869	2.69992	1.8573	2.51187	0	0	0	0	0	0	0	0	1.02675	1.91232	0	0	0	0	1.57192	0	0	0	0	0	0	0	0	2.09583	1.28354	2.69936	1.78782	1.23375	0	0	0	0	1.6038	2.77831	2.1843	1.28803	1.65077	0	2.90859	1.60486	1.33435	0	0	0	0	1.48859	2.40056	1.24756	1.33616	0	0	0	0	1.64411	1.0481	2.56783	0	1.75213	0	0	0	0	0	1.26902	1.83758	2.99009	1.43376	1.00317	2.35367	1.71377	2.88565	2.63924	1.83652	1.98541	1.31428	1.93761	2.05524	1.57862	1.75574	1.85898	1.56156	1.27737	2.6356	2.85713	1.34485	2.94004	1.83256	2.43669	1.24541	0	0	2.70485	1.64038	0	0	0	0	2.88285	2.02132	1.28357	2.95157	0	0	0	0	0	0	1.39423	2.63885	1.17528	1.79951	2.87882	1.52076	2.22596	1.29132	0	0	0	0	0	0	0	0	0	0	0	0	0	0	0	0	2.70183	0	2.31022	1.3887	2.98555	0	0	0	0	0	0	1.25458	2.11921	2.09426	1.06887	2.84704	1.38667	2.92996	1.88805	0	0	0	0	0	0	0	0	0	0	0	0	0	0	0	0	0	0	0	0	1.4171	0	0	0	0	2.89035	0	0	0	0	0	0	0	0	2.01279	1.77888	1.47211	2.30763	0	0	0	0	0	0	0	0	0	1.0989	0	1.39341	2.69567	0	0	0	0	0	0	0	0	2.00236	1.34775	2.64493	2.97023	1.19095	1.57007	2.41076	2.7701	1.89382	1.46614	1.9313	0	0	0	2.90668	1.78021	0	2.66927	0	0	2.67485	1.3656	0	0	2.03528	1.16723	0	0	0	0	0	0	0	0	0	0	1.85827	1.9791	2.81151	1.06787	1.0205	1.01344	1.04534	1.51969	0	2.88862	1.67519	0	0	2.68099	1.79519	0	1.70534	0	0	2.19293	2.43337	0	0	0	2.06326	2.23065	1.40465	2.78121	2.66094	2.20949	1.33537	1.11093	2.09202	2.34093	1.88307	2.42256	1.89274	1.77865	2.26465	2.56158	1.39367	2.62668	1.40083	2.23557	1.14144	1.6979	1.77116	1.35109	2.00525	1.97923	1.29335	1.30368	1.30118	1.45547	1.56667	1.11052	0	0	0	0	2.54526	2.0577	0	0	0	0	0	0	0	0	0	0	2.2304	1.47333	0	0	1.69655	0	0	0	0	0	0	0	0	2.52267	0	0	2.97119	2.22062	2.33044	0	0	0	0	0	0	0	0	0	0	0	0	0	2.21142	1.57467	1.8728	2.0641	0	0	0	0	1.26351	1.25598	0	0	2.89024	1.97504	1.67917	2.20094	0	0	0	0	0	2.96716	1.39672	0	0	0	0	0	0	0	1.24551	1.92678	0	1.18712	0	0	1.45817	0	1.32674	1.06438	0	0	0	0	0	0	0	2.04903	0	0	2.27069	2.2621	1.01682	2.02747	0	0	0	0	0	0	1.17128	1.12319	1.03788	1.24662	1.17175	0	0	0	0	0	0	2.74013	1.82884	0	0	2.61348	0	0	0	0	1.79112	1.90601	0	0	0	0	1.74494	0	2.996	0	0	2.9181	2.56131	1.21901	0	1.95068	1.40045	0	0	2.95239	2.9719	1.64283	2.57814	1.04943	2.80793	2.89301	2.69756	1.57524	0	0	0	0	0	1.14159	2.01082	2.91261	2.78175	0	0	0	2.18917	1.16182	2.96711	2.0401	1.10176	2.5019	2.93752	1.87005	2.88434	2.35188	1.79069	1.45355	1.80851	2.01228	0	0	0	0	1.30412	2.65942	2.16957	2.29088	2.25801	2.72295	0	0	0	0	0	0	0	2.65535	2.71738	1.94974	2.76418	0	0	0	0	0	0	0	0	0	0	0	0	2.47735	2.20797	0	0	0	2.75741	1.19959	1.23518	1.76057	2.4687	0	0	1.69825	2.01032	1.05761	2.38986	1.41008	2.86294	2.2184	2.02611	2.66389	0	0	0	2.58272	1.83867	2.66735	2.27082	2.12111	2.98251	2.84737	2.42694	0	0	2.67238	2.93065	-0.970942	-0.175756	0.220238	17.979
0	0	0	0	1.08003	0	0	0	0	0	0	1.63396	2.88951	0	0	0	0	0	0	0	0	0	0	2.15092	2.13084	2.12663	1.03876	1.44629	1.49389	1.4091	1.88186	1.12284	2.86652	1.81924	1.92365	2.18663	1.84397	2.04208	1.55191	0	0	0	0	0	0	0	0	0	1.44291	2.07545	1.14989	1.51329	2.4911	1.63918	0	0	0	0	0	0	0	0	0	2.37022	0	0	2.54354	1.66287	0	0	0	0	0	0	0	0	0	0	0	0	1.83814	0	1.06219	1.38088	2.00247	1.48551	2.83977	2.38923	1.90518	2.01017	2.46914	2.28485	2.26262	2.36319	1.45107	1.22869	2.69992	1.8573	2.51187	0	0	0	0	0	0	0	0	1.02675	1.91232	0	0	0	0	1.57192	0	0	0	1.4297	0	0	0	0	2.09583	1.28354	2.69936	1.78782	1.23375	0	0	0	2.75992	1.6038	2.77831	2.1843	1.28803	1.65077	0	2.90859	1.60486	1.33435	0	0	0	0	1.48859	2.40056	1.24756	1.33616	0	0	0	0	1.64411	1.0481	2.56783	0	2.19141	0	0	0	0	0	1.26902	1.83758	2.99009	1.43376	1.00317	2.35367	1.71377	2.07355	2.63924	1.83652	1.98541	1.31428	1.93761	2.05524	1.57862	1.75574	1.85898	1.56156	1.27737	2.6356	2.41733	1.34485	2.94004	1.83256	2.43669	1.24541	0	0	2.70485	1.64038	0	0	0	1.25095	2.88285	2.02132	1.28357	2.95157	0	0	0	0	0	0	1.39423	2.63885	2.83042	1.79951	2.87882	1.52076	2.22596	1.29132	0	0	0	0	0	0	0	0	0	0	0	0	0	0	0	0	2.70183	0	2.31022	1.3887	0	0	0	0	0	0	0	1.25458	2.11921	2.09426	1.06887	2.84704	1.38667	1.16111	1.88805	0	0	0	0	0	0	0	0	0	0	0	0	0	0	0	0	0	0	0	0	1.4171	0	0	0	0	2.89035	0	0	0	0	0	0	0	0	2.01279	1.77888	1.47211	0	0	0	0	0	0	0	0	0	0	1.0989	0	1.39341	0	0	0	0	0	0	0	0	0	2.00236	1.34775	2.64493	2.97023	0	1.57007	2.41076	2.7701	1.89382	1.46614	1.9313	0	0	0	2.90668	1.78021	0	0	0	0	2.67485	1.3656	0	0	2.03528	1.16723	0	0	0	0	0	0	0	0	0	0	1.85827	1.9791	2.81151	1.06787	1.0205	1.01344	1.04534	0	0	2.88862	1.67519	0	0	2.68099	1.79519	0	1.70534	0	0	2.19293	1.61936	0	0	0	2.06326	2.23065	1.40465	2.78121	2.66094	2.20949	1.33537	1.11093	2.09202	0	1.88307	2.42256	1.89274	1.77865	2.26465	2.56158	1.39367	2.62668	1.40083	2.23557	1.14144	1.6979	2.18221	1.35109	2.00525	1.97923	1.29335	1.30368	1.30118	1.45547	1.56667	1.11052	0	0	0	0	2.54526	2.0577	0	0	0	0	0	0	0	0	0	0	2.50833	1.47333	0	0	1.69655	0	0	0	0	0	0	0	0	2.29198	0	0	2.97119	2.22062	2.33044	0	0	0	0	0	0	0	2.07802	0	0	0	0	0	2.21142	1.57467	1.8728	2.0641	0	0	0	2.20731	1.26351	1.25598	0	0	2.89024	1.97504	1.67917	2.20094	0	0	0	0	0	2.96716	1.39672	0	0	0	0	0	0	0	1.24551	1.92678	0	0	0	0	1.45817	0	1.32674	1.06438	0	0	0	0	0	0	2.30655	2.04903	0	0	2.27069	2.2621	1.01682	2.02747	0	0	0	0	0	2.56881	1.17128	1.12319	1.03788	1.24662	1.17175	0	0	0	0	0	0	2.74013	0	0	0	2.61348	0	0	0	0	1.79112	1.90601	0	0	0	0	1.74494	0	2.996	0	0	2.9181	2.56131	1.21901	0	1.95068	1.40045	0	1.9407	2.95239	2.9719	1.64283	2.57814	1.04943	2.80793	2.89301	2.69756	1.57524	0	0	0	2.60083	0	1.14159	2.01082	2.91261	2.78175	0	0	0	2.18917	1.16182	2.96711	2.0401	1.42447	2.5019	2.93752	1.87005	2.88434	2.35188	1.79069	1.45355	1.80851	2.01228	0	0	0	2.50709	1.30412	2.65942	2.16957	2.29088	2.25801	2.72295	0	0	0	0	0	0	0	2.65535	2.71738	1.94974	2.76418	0	0	0	0	0	0	0	0	0	0	0	0	2.47735	2.20797	0	0	0	2.75741	1.19959	1.23518	1.76057	0	0	0	1.69825	2.01032	1.05761	2.38986	1.41008	2.86294	2.2184	2.02611	2.66389	0	2.48983	0	2.58272	1.83867	2.66735	2.27082	2.12111	2.98251	2.84737	2.42694	0	0	2.67238	-0.992709	-0.257255	0.22619	19.1649
0	0	0	0	0	1.08003	0	0	0	0	0	0	1.63396	1.6442	0	0	0	0	0	0	0	0	0	0	2.15092	2.13084	2.20169	1.03876	1.44629	1.49389	1.4091	1.88186	1.12284	2.86652	1.81924	1.92365	2.18663	1.84397	2.04208	0	0	0	0	0	0	0	0	0	0	1.44291	2.07545	1.14989	0	2.4911	1.63918	0	0	0	0	0	0	0	0	0	2.37022	0	0	2.54354	1.66287	0	0	0	0	0	0	0	0	0	0	0	0	1.83814	0	1.06219	1.38088	2.00247	1.48551	2.83977	2.38923	1.90518	2.01017	2.97791	2.28485	2.26262	2.36319	1.45107	1.22869	2.69992	1.8573	2.51187	0	0	0	0	0	0	0	0	1.02675	1.91232	0	0	0	0	1.57192	0	0	2.97462	1.4297	0	0	0	0	2.09583	1.28354	2.69936	1.78782	1.23375	0	0	2.7431	2.75992	1.6038	2.77831	2.1843	1.28803	1.65077	0	2.90859	1.60486	1.33435	0	0	0	0	1.48859	2.40056	1.24756	1.33616	0	0	0	0	1.64411	1.0481	2.56783	0	2.19141	0	0	0	0	0	1.26902	1.83758	2.99009	1.43376	1.00317	2.35367	1.12334	2.07355	2.63924	1.83652	1.98541	1.31428	1.93761	2.05524	1.57862	1.75574	1.85898	1.56156	1.27737	1.4067	2.41733	1.34485	2.94004	1.83256	2.43669	1.24541	0	0	2.70485	1.64038	0	0	1.43501	1.25095	2.88285	2.02132	1.28357	2.95157	0	0	0	0	0	0	1.39423	2.57833	2.83042	1.79951	2.87882	1.52076	2.22596	1.29132	0	0	0	0	0	0	1.07819	0	0	0	0	0	0	0	0	0	2.70183	0	2.31022	1.43176	0	0	0	0	0	0	0	1.25458	2.11921	2.09426	1.06887	2.84704	1.07778	1.16111	1.88805	0	0	0	0	0	0	0	0	0	0	0	0	0	0	0	0	0	0	0	0	1.4171	0	0	2.39162	0	2.89035	0	0	0	0	0	0	0	0	2.01279	1.77888	0	0	0	0	0	0	0	0	0	0	0	1.0989	0	0	0	0	0	0	0	0	0	0	0	2.00236	1.34775	2.64493	0	0	1.57007	2.41076	2.7701	1.89382	1.46614	1.9313	0	0	0	2.90668	1.78021	0	0	0	0	2.67485	1.3656	0	0	2.03528	1.16723	0	0	0	2.78499	0	0	0	0	0	0	1.85827	1.9791	2.81151	1.06787	1.0205	1.01344	0	0	0	2.88862	1.67519	0	0	2.68099	1.79519	0	1.70534	0	0	2.87623	1.61936	0	0	0	2.06326	2.23065	1.40465	2.78121	2.66094	2.20949	1.33537	1.11093	0	0	1.88307	2.42256	1.89274	1.77865	2.26465	2.56158	1.39367	2.62668	1.40083	2.23557	1.14144	1.6511	2.18221	1.35109	2.00525	1.97923	1.29335	1.30368	1.30118	1.45547	1.56667	1.11052	0	0	0	0	2.54526	2.0577	0	0	0	0	0	0	0	0	0	0	2.50833	1.47333	0	0	1.69655	0	0	0	0	0	0	0	1.59466	2.29198	0	0	2.97119	2.22062	2.33044	0	0	0	0	0	0	1.05996	2.07802	0	0	0	0	0	2.21142	1.57467	1.8728	2.0641	0	0	0	2.20731	1.26351	1.25598	0	0	2.89024	1.97504	1.67917	2.20094	0	0	0	0	0	2.96716	1.39672	0	0	0	0	0	0	0	1.24551	1.92678	0	0	0	0	1.45817	0	1.32674	1.06438	0	0	0	0	0	1.83251	2.30655	2.04903	0	0	2.27069	2.2621	1.01682	2.02747	0	0	0	0	0	2.56881	1.17128	1.12319	1.03788	1.24662	1.17175	0	0	0	0	0	0	0	0	0	0	2.61348	0	0	0	0	1.79112	1.90601	0	0	0	0	1.74494	0	2.996	0	0	2.9181	2.56131	1.21901	0	1.95068	1.40045	1.65299	1.9407	2.95239	2.9719	1.64283	2.57814	1.04943	2.80793	2.89301	2.69756	1.57524	0	0	2.37362	2.60083	0	1.14159	2.01082	2.91261	2.78175	0	0	0	2.18917	1.16182	2.96711	1.39016	1.42447	2.5019	2.93752	1.87005	2.88434	2.35188	1.79069	1.45355	1.80851	2.01228	0	0	0	2.50709	1.30412	2.65942	2.16957	2.29088	2.25801	2.72295	0	0	0	0	0	0	0	2.65535	2.71738	1.94974	2.76418	0	0	0	0	0	0	0	0	0	0	0	0	2.47735	2.20797	0	0	0	2.75741	1.19959	1.23518	0	0	0	0	1.69825	2.01032	1.05761	2.38986	1.41008	2.86294	2.2184	2.02611	2.66389	2.05975	2.48983	0	2.58272	1.83867	2.66735	2.27082	2.12111	2.98251	2.84737	2.42694	0	0	-1	-0.326944	0.232143	19.533
0	0	0	0	0	0	1.08003	0	0	0	0	0	0	1.05927	1.6442	0	0	0	0	0	0	0	0	0	0	2.15092	2.87197	2.20169	1.03876	1.44629	1.49389	1.4091	1.88186	1.12284	2.86652	1.81924	1.92365	2.18663	1.84397	0	0	0	0	0	0	0	0	0	0	0	1.44291	2.07545	2.88356	0	2.4911	1.63918	0	0	0	0	0	0	0	0	0	0	0	0	2.54354	1.66287	0	0	0	0	0	0	0	0	0	0	0	0	1.83814	0	1.06219	1.38088	2.00247	1.48551	2.83977	2.38923	1.90518	2.85255	2.97791	2.28485	2.26262	2.36319	1.45107	1.22869	2.69992	1.8573	2.51187	0	0	0	0	0	0	0	0	1.02675	1.91232	0	0	0	0	1.57192	0	2.63368	2.97462	1.4297	0	0	0	0	2.09583	1.28354	2.69936	1.78782	1.23375	0	2.01094	2.7431	2.75992	1.6038	2.77831	2.1843	1.28803	1.65077	0	2.90859	1.60486	1.33435	0	0	0	0	1.48859	2.40056	1.24756	1.33616	0	0	0	0	1.64411	1.0481	0	0	2.19141	0	0	0	0	0	1.26902	1.83758	2.99009	1.43376	1.00317	1.32624	1.12334	2.07355	2.63924	1.83652	1.98541	1.31428	1.93761	2.05524	1.57862	1.75574	1.85898	1.56156	2.14829	1.4067	2.41733	1.34485	2.94004	1.83256	2.43669	1.24541	0	0	2.70485	1.64038	0	0	1.43501	1.25095	2.88285	2.02132	1.28357	2.95157	0	0	0	0	0	0	2.73995	2.57833	2.83042	1.79951	2.87882	1.52076	2.22596	1.29132	0	0	0	0	0	1.68303	1.07819	0	0	0	0	0	0	0	0	0	2.70183	0	2.21555	1.43176	0	0	0	0	0	0	0	1.25458	2.11921	2.09426	1.06887	1.33164	1.07778	1.16111	1.88805	0	0	0	0	0	0	0	0	0	0	0	0	0	0	0	0	0	0	0	0	1.4171	0	1.06801	2.39162	0	2.89035	0	0	0	0	0	0	0	0	2.01279	0	0	0	0	0	0	0	0	0	0	0	0	1.0989	0	0	0	0	0	0	0	0	0	0	0	2.00236	1.34775	0	0	0	1.57007	2.41076	2.7701	1.89382	1.46614	1.9313	0	0	0	2.90668	0	0	0	0	0	2.67485	1.3656	0	0	2.03528	1.16723	0	0	2.44734	2.78499	0	0	0	0	0	0	1.85827	1.9791	2.81151	1.06787	1.0205	0	0	0	0	2.88862	1.67519	0	0	2.68099	1.79519	0	1.70534	0	1.84461	2.87623	1.61936	0	0	0	2.06326	2.23065	1.40465	2.78121	2.66094	2.20949	1.33537	0	0	0	1.88307	2.42256	1.89274	1.77865	2.26465	2.56158	1.39367	2.62668	1.40083	2.23557	0	1.6511	2.18221	1.35109	2.00525	1.97923	1.29335	1.30368	1.30118	1.45547	1.56667	1.11052	0	0	0	0	2.54526	2.0577	0	0	0	0	0	0	0	0	0	0	2.50833	1.47333	0	0	1.69655	0	0	0	0	0	0	2.81258	1.59466	2.29198	0	0	2.97119	2.22062	2.33044	0	0	0	0	0	1.21762	1.05996	2.07802	0	0	0	0	0	2.21142	1.57467	1.8728	2.0641	0	0	0	2.20731	1.26351	1.25598	0	0	2.89024	1.97504	1.67917	2.20094	0	0	0	0	0	2.96716	1.39672	0	0	0	0	0	0	0	1.24551	1.36473	0	0	0	0	1.45817	0	1.32674	1.06438	0	0	0	0	1.20808	1.83251	2.30655	2.04903	0	0	2.27069	2.2621	1.01682	2.02747	0	0	0	0	0	2.56881	1.17128	1.12319	1.03788	1.24662	1.17175	0	0	0	0	0	0	0	0	0	0	2.61348	0	0	0	0	1.79112	1.90601	0	0	0	0	1.74494	0	2.996	0	0	2.9181	2.56131	1.21901	0	1.95068	0	1.65299	1.9407	2.95239	2.9719	1.64283	2.57814	1.04943	2.80793	2.89301	2.69756	1.57524	0	2.66481	2.37362	2.60083	0	1.14159	2.01082	2.91261	2.78175	0	0	0	2.18917	1.16182	2.95717	1.39016	1.42447	2.5019	2.93752	1.87005	2.88434	2.35188	1.79069	1.45355	1.80851	2.01228	0	0	0	2.50709	1.30412	2.65942	2.16957	2.29088	2.25801	2.72295	0	0	0	0	0	0	0	2.65535	2.71738	1.94974	2.76418	0	0	0	0	0	0	2.33123	0	0	0	0	0	2.47735	2.20797	0	0	0	2.75741	1.19959	0	0	0	0	0	1.69825	2.01032	1.05761	2.38986	1.41008	2.86294	2.2184	2.02611	2.40437	2.05975	2.48983	0	2.58272	1.83867	2.66735	2.27082	2.12111	2.98251	2.84737	2.42694	0	-0.992709	-0.25669	0.238095	19.7292
0	0	0	0	0	0	0	1.08003	0	0	0	0	0	2.9601	1.05927	1.6442	0	0	0	0	0	0	0	0	0	0	1.76156	2.87197	2.20169	1.03876	1.44629	1.49389	1.4091	1.88186	1.12284	2.86652	1.81924	1.92365	2.18663	2.97789	0	0	0	0	0	0	0	0	0	0	0	1.44291	0	2.88356	0	2.4911	1.63918	0	0	0	0	0	0	0	0	0	0	0	0	2.54354	1.66287	0	0	0	0	0	0	0	0	0	0	0	0	1.83814	0	1.06219	1.38088	2.00247	1.48551	2.83977	2.38923	1.64415	2.85255	2.97791	2.28485	2.26262	2.36319	1.45107	1.22869	2.69992	1.8573	2.51187	0	0	1.47068	0	0	0	0	0	1.02675	1.91232	0	0	0	0	1.57192	2.9385	2.63368	2.97462	1.4297	0	0	0	0	2.09583	1.28354	2.69936	1.78782	1.23375	2.17799	2.01094	2.7431	2.75992	1.6038	2.77831	2.1843	1.28803	1.65077	0	2.90859	1.60486	1.33435	0	0	0	0	1.48859	2.40056	1.24756	1.33616	0	0	0	0	1.64411	0	0	0	2.19141	0	0	0	0	0	1.26902	1.83758	2.99009	1.43376	2.58444	1.32624	1.12334	2.07355	2.63924	1.83652	1.98541	1.31428	1.93761	2.05524	1.57862	1.75574	1.85898	1.18271	2.14829	1.4067	2.41733	1.34485	2.94004	1.83256	2.43669	1.24541	0	0	2.70485	1.64038	0	0	1.43501	1.25095	2.88285	2.02132	1.28357	2.95157	0	0	0	0	0	0	2.73995	2.57833	2.83042	1.79951	2.87882	1.52076	2.22596	1.29132	0	0	0	0	0	1.68303	1.07819	0	0	0	0	0	0	0	0	0	2.70183	1.86795	2.21555	1.43176	0	0	0	0	0	0	0	1.25458	2.11921	2.09426	1.09078	1.33164	1.07778	1.16111	1.88805	0	0	0	0	0	0	0	0	0	0	0	0	0	0	0	0	0	0	0	0	1.4171	0	1.06801	2.39162	0	2.89035	0	0	0	0	0	0	0	0	0	0	0	0	0	0	0	0	0	0	0	0	0	0	0	0	0	0	0	0	0	0	0	0	0	2.00236	0	0	0	0	1.57007	2.41076	2.7701	1.89382	1.46614	1.9313	0	0	0	2.33945	0	0	0	0	0	2.67485	1.3656	0	0	2.03528	1.16723	0	2.28483	2.44734	2.78499	0	0	0	0	0	0	1.85827	1.9791	2.81151	1.06787	0	0	0	0	0	2.88862	1.67519	0	0	2.68099	1.79519	0	1.70534	0	1.84461	2.87623	1.61936	0	0	0	2.06326	2.23065	1.40465	2.78121	2.66094	2.20949	0	0	0	0	1.88307	2.42256	1.89274	1.77865	2.26465	2.56158	1.39367	2.62668	1.40083	0	0	1.6511	2.18221	1.35109	2.00525	1.97923	1.29335	1.30368	1.30118	1.45547	1.56667	1.11052	0	0	0	0	2.54526	2.0577	0	0	0	0	0	0	0	0	0	0	2.50833	1.47333	0	0	1.69655	0	0	0	0	0	1.13184	2.81258	1.59466	2.29198	0	0	2.97119	2.22062	2.33044	0	0	0	0	1.62067	1.21762	1.05996	2.07802	0	0	0	0	0	2.21142	1.57467	1.8728	2.0641	0	0	0	2.20731	1.26351	1.25598	0	0	2.89024	1.97504	1.67917	2.20094	0	2.03388	0	0	0	2.96716	1.39672	0	0	0	0	0	0	0	1.97165	1.36473	0	0	0	0	1.45817	0	1.32674	1.06438	0	0	0	1.90337	1.20808	1.83251	2.30655	2.04903	0	0	2.27069	2.2621	1.01682	2.02747	0	0	0	0	0	2.56881	1.17128	1.12319	1.03788	1.24662	1.17175	0	0	0	0	1.96113	0	0	0	0	0	2.61348	0	0	0	0	1.79112	1.90601	0	0	0	0	1.74494	0	2.996	0	0	2.9181	2.56131	1.21901	0	0	0	1.65299	1.9407	2.95239	2.9719	1.64283	2.57814	1.04943	2.80793	2.89301	2.69756	1.57524	0	2.66481	2.37362	2.60083	0	1.14159	2.01082	2.91261	2.78175	0	0	0	2.18917	0	2.95717	1.39016	1.42447	2.5019	2.93752	1.87005	2.88434	2.35188	1.79069	1.45355	1.80851	2.01228	0	0	0	2.50709	1.30412	2.65942	2.16957	2.29088	2.25801	2.72295	0	0	0	0	0	0	0	2.65535	2.71738	1.94974	2.76418	0	0	0	0	0	0	2.33123	0	0	0	0	0	2.47735	2.20797	0	0	0	2.75741	0	0	0	0	0	0	1.69825	2.01032	1.05761	2.38986	1.41008	2.86294	2.2184	2.76962	2.40437	2.05975	2.48983	0	2.58272	1.83867	2.66735	2.27082	2.12111	2.98251	2.84737	2.42694	-0.970942	-0.351022	0.244048	19.7471
0	0	0	0	0	0	0	0	1.08003	0	0	0	0	1.5477	2.9601	1.05927	1.6442	0	0	0	0	0	0	0	0	0	2.12758	1.76156	2.87197	2.20169	1.03876	1.44629	1.49389	1.4091	1.88186	1.12284	2.86652	1.81924	1.92365	1.41237	2.97789	0	0	0	0	0	0	0	0	0	0	0	0	0	2.88356	0	2.4911	1.63918	0	0	0	0	0	0	0	2.84913	0	0	0	0	2.54354	1.66287	0	0	0	0	0	0	0	0	0	0	0	0	1.83814	0	1.06219	1.38088	2.00247	1.48551	2.83977	0	1.64415	2.85255	2.97791	2.28485	2.26262	2.36319	1.45107	1.22869	2.69992	1.8573	2.51187	0	0	1.47068	0	0	0	0	0	1.02675	1.91232	0	0	0	0	2.0012	2.9385	2.63368	2.97462	1.4297	0	0	0	0	2.09583	1.28354	2.69936	1.78782	0	2.17799	2.01094	2.7431	2.75992	1.6038	2.77831	2.1843	1.28803	1.65077	0	2.90859	1.60486	0	0	0	0	0	1.48859	2.40056	1.24756	1.33616	0	0	0	0	0	0	0	0	2.19141	0	0	0	0	0	1.26902	1.83758	2.99009	1.33495	2.58444	1.32624	1.12334	2.07355	2.63924	1.83652	1.98541	1.31428	1.93761	2.05524	1.57862	1.75574	0	1.18271	2.14829	1.4067	2.41733	1.34485	2.94004	1.83256	2.43669	1.24541	0	0	2.70485	0	0	0	1.43501	1.25095	2.88285	2.02132	1.28357	2.95157	0	0	0	0	0	0	2.73995	2.57833	2.83042	1.79951	2.87882	1.52076	2.22596	1.29132	0	0	0	0	0	1.68303	1.07819	0	0	0	0	0	0	0	0	0	2.06289	1.86795	2.21555	1.43176	0	0	0	0	0	0	0	1.25458	2.11921	2.9993	1.09078	1.33164	1.07778	1.16111	1.88805	0	0	0	0	0	0	0	1.37114	0	0	0	0	0	0	0	0	0	0	0	0	2.66715	0	1.06801	2.39162	0	2.89035	0	0	0	0	0	0	0	0	0	0	0	0	0	0	0	0	0	0	0	0	2.66726	0	0	0	0	0	0	0	0	0	0	0	0	0	0	0	0	0	1.57007	2.41076	2.7701	1.89382	1.46614	1.9313	0	0	2.57976	2.33945	0	0	0	0	0	2.67485	1.3656	0	0	2.03528	1.16723	1.72276	2.28483	2.44734	2.78499	0	0	0	0	0	0	1.85827	1.9791	2.81151	0	0	0	0	0	0	2.88862	1.67519	0	0	2.68099	1.79519	0	0	0	1.84461	2.87623	1.61936	0	0	0	2.06326	2.23065	1.40465	2.78121	2.66094	0	0	0	0	0	1.88307	2.42256	1.89274	1.77865	2.26465	2.56158	1.39367	2.62668	0	0	0	1.6511	2.18221	1.35109	2.00525	1.97923	1.29335	1.30368	1.30118	1.45547	1.56667	0	0	0	0	0	2.54526	2.0577	0	0	0	0	0	0	1.63507	0	0	0	2.50833	1.47333	0	0	1.69655	0	0	0	0	1.52577	1.13184	2.81258	1.59466	2.29198	0	0	2.97119	2.22062	2.33044	0	0	0	1.66104	1.62067	1.21762	1.05996	2.07802	0	0	0	0	0	2.21142	1.57467	1.8728	1.40111	0	0	0	2.20731	1.26351	1.25598	0	0	2.89024	1.97504	1.67917	2.20094	1.33931	2.03388	0	0	0	2.96716	1.39672	0	0	0	0	0	0	1.58989	1.97165	1.36473	0	0	0	0	1.45817	0	1.32674	1.06438	0	0	0	1.90337	1.20808	1.83251	2.30655	2.04903	0	0	2.27069	2.2621	1.01682	2.02747	0	2.33071	0	0	0	2.56881	1.17128	1.12319	1.03788	1.24662	1.17175	0	0	0	2.6943	1.96113	0	0	0	0	0	2.61348	0	0	0	0	1.79112	0	0	0	0	0	1.74494	0	2.996	0	0	2.9181	2.56131	1.21901	1.80986	0	0	1.65299	1.9407	2.95239	2.9719	1.64283	2.57814	1.04943	2.80793	2.89301	2.69756	0	0	2.66481	2.37362	2.60083	0	1.14159	2.01082	2.91261	2.78175	0	0	0	0	0	2.95717	1.39016	1.42447	2.5019	2.93752	1.87005	2.88434	2.35188	1.79069	1.45355	1.80851	0	0	0	0	2.50709	1.30412	2.65942	2.16957	2.29088	2.25801	2.72295	0	0	0	0	0	0	0	2.65535	2.71738	1.94974	2.76418	0	0	0	0	1.04835	0	2.33123	0	0	0	0	0	2.47735	2.20797	0	0	0	0	0	0	0	0	0	0	1.69825	2.01032	1.05761	2.38986	1.41008	2.86294	0	2.76962	2.40437	2.05975	2.48983	0	2.58272	1.83867	2.66735	2.27082	2.12111	2.98251	2.84737	-0.935016	-0.289391	0.25	18.5881
0	0	0	0	0	0	0	0	0	1.08003	0	0	0	1.75023	1.5477	2.9601	1.05927	1.6442	0	0	0	0	0	0	0	0	1.24107	2.12758	1.76156	2.87197	2.20169	1.03876	1.44629	1.49389	1.4091	1.88186	1.12284	2.86652	1.81924	0	1.41237	2.97789	0	0	0	0	0	0	0	0	0	0	2.6501	0	0	2.88356	0	2.4911	1.63918	0	0	0	0	0	0	1.35352	2.84913	0	0	0	0	2.54354	1.66287	0	0	0	0	0	0	0	0	0	0	0	0	1.83814	0	1.06219	1.38088	2.00247	1.48551	0	0	1.64415	2.85255	2.97791	2.28485	2.26262	2.36319	1.45107	1.22869	2.69992	1.8573	2.51187	0	0	1.47068	0	0	0	0	0	1.02675	1.91232	0	0	0	0	2.0012	2.9385	2.63368	2.97462	1.4297	0	0	0	0	2.09583	1.28354	2.69936	0	0	2.17799	2.01094	2.7431	2.75992	1.6038	2.77831	2.1843	1.28803	1.65077	0	2.90859	0	0	0	0	0	0	1.48859	2.40056	1.24756	1.33616	0	0	0	0	0	0	0	0	2.19141	0	0	0	0	0	1.26902	1.83758	2.3399	1.33495	2.58444	1.32624	1.12334	2.07355	2.63924	1.83652	1.98541	1.31428	1.93761	2.05524	1.57862	0	0	1.18271	2.14829	1.4067	2.41733	1.34485	2.94004	1.83256	2.43669	1.24541	0	0	0	0	0	0	1.43501	1.25095	2.88285	2.02132	1.28357	2.95157	0	0	0	0	0	0	2.73995	2.57833	2.83042	1.79951	2.87882	1.52076	2.22596	1.29132	0	0	0	0	0	1.68303	1.07819	0	0	0	0	0	0	0	0	1.93052	2.06289	1.86795	2.21555	1.43176	0	0	0	0	0	0	0	1.25458	1.7578	2.9993	1.09078	1.33164	1.07778	1.16111	1.88805	0	0	0	0	0	0	0	1.37114	0	0	0	0	0	0	0	0	0	0	0	2.08613	2.66715	0	1.06801	2.39162	0	2.89035	0	0	0	0	0	0	0	0	0	0	0	0	0	0	0	0	0	0	0	1.66295	2.66726	0	0	0	0	0	0	0	0	0	0	0	0	0	0	0	0	0	1.57007	2.41076	2.7701	1.89382	1.46614	1.9313	0	2.92056	2.57976	2.33945	0	0	0	0	0	2.67485	1.3656	0	0	2.03528	2.61154	1.72276	2.28483	2.44734	2.78499	0	0	0	0	0	0	1.85827	1.9791	0	0	0	0	0	0	0	2.88862	1.67519	0	0	2.68099	1.79519	0	0	0	1.84461	2.87623	1.61936	0	0	0	2.06326	2.23065	1.40465	2.78121	0	0	0	0	0	0	1.88307	2.42256	1.89274	1.77865	2.26465	2.56158	1.39367	0	0	0	0	1.6511	2.18221	1.35109	2.00525	1.97923	1.29335	1.30368	1.30118	1.45547	0	0	0	0	0	0	2.54526	2.0577	0	0	0	0	0	1.77387	1.63507	0	0	0	2.50833	1.47333	0	0	1.69655	0	0	0	2.85805	1.52577	1.13184	2.81258	1.59466	2.29198	0	0	2.97119	2.22062	2.33044	0	0	1.37305	1.66104	1.62067	1.21762	1.05996	2.07802	0	0	0	0	0	2.21142	1.57467	2.51787	1.40111	0	0	0	2.20731	1.26351	1.25598	0	0	2.89024	1.97504	1.67917	1.87857	1.33931	2.03388	0	0	0	2.96716	1.39672	0	0	0	0	0	2.60409	1.58989	1.97165	1.36473	0	0	0	0	1.45817	0	1.32674	1.06438	0	1.34549	0	1.90337	1.20808	1.83251	2.30655	2.04903	0	0	2.27069	2.2621	1.01682	2.02747	2.19154	2.33071	0	0	0	2.56881	1.17128	1.12319	1.03788	1.24662	1.17175	0	0	0	2.6943	1.96113	0	0	0	0	0	2.61348	0	0	0	0	0	0	0	0	0	0	1.74494	0	2.996	0	0	2.9181	2.56131	2.21619	1.80986	0	0	1.65299	1.9407	2.95239	2.9719	1.64283	2.57814	1.04943	2.80793	2.89301	0	0	0	2.66481	2.37362	2.60083	0	1.14159	2.01082	2.91261	2.78175	0	0	1.92171	0	0	2.95717	1.39016	1.42447	2.5019	2.93752	1.87005	2.88434	2.35188	1.79069	1.45355	0	0	0	0	0	2.50709	1.30412	2.65942	2.16957	2.29088	2.25801	2.72295	0	0	0	0	0	0	0	2.65535	2.71738	1.94974	2.76418	0	0	0	1.5937	1.04835	0	2.33123	0	0	0	0	0	2.47735	2.20797	0	0	0	0	0	0	0	0	0	0	1.69825	2.01032	1.05761	2.38986	1.41008	0	0	2.76962	2.40437	2.05975	2.48983	0	2.58272	1.83867	2.66735	2.27082	2.12111	2.98251	-0.885456	-0.297801	0.255952	17.5109
0	0	0	0	0	0	0	0	0	0	1.08003	0	0	1.35624	1.75023	1.5477	2.9601	1.05927	1.6442	0	0	0	0	0	0	0	2.01424	1.24107	2.12758	1.76156	2.87197	2.20169	1.03876	1.44629	1.49389	1.4091	1.88186	1.12284	2.86652	0	0	1.41237	2.97789	0	0	0	0	0	0	0	0	0	1.54789	2.6501	0	0	2.88356	0	2.4911	1.63918	0	0	0	0	0	0	1.35352	2.84913	0	0	0	0	2.54354	1.66287	0	0	0	0	1.13589	0	0	0	0	0	0	0	1.83814	0	1.06219	1.38088	2.00247	1.62049	0	0	1.64415	2.85255	2.97791	2.28485	2.26262	2.36319	1.45107	1.22869	2.69992	1.8573	0	0	0	1.47068	0	0	0	0	0	1.02675	1.91232	0	0	0	0	2.0012	2.9385	2.63368	2.97462	1.4297	0	0	0	0	2.09583	1.28354	0	0	0	2.17799	2.01094	2.7431	2.75992	1.6038	2.77831	2.1843	1.28803	1.65077	0	0	0	0	0	0	0	0	1.48859	2.40056	1.24756	1.33616	0	0	0	0	0	0	0	0	2.19141	0	0	0	0	0	1.26902	2.40812	2.3399	1.33495	2.58444	1.32624	1.12334	2.07355	2.63924	1.83652	1.98541	1.31428	1.93761	2.05524	2.13984	0	0	1.18271	2.14829	1.4067	2.41733	1.34485	2.94004	1.83256	2.43669	1.24541	0	0	0	0	0	0	1.43501	1.25095	2.88285	2.02132	1.28357	2.95157	0	0	0	0	0	0	2.73995	2.57833	2.83042	1.79951	2.87882	1.52076	2.22596	1.29132	0	0	0	0	0	1.68303	1.07819	0	0	0	0	0	0	0	2.82388	1.93052	2.06289	1.86795	2.21555	1.43176	0	0	0	0	0	0	0	2.67967	1.7578	2.9993	1.09078	1.33164	1.07778	1.16111	1.88805	0	0	0	0	0	0	0	1.37114	0	0	0	0	0	0	0	0	0	0	2.06681	2.08613	2.66715	0	1.06801	2.39162	0	2.89035	0	0	0	0	0	0	0	0	0	0	0	0	0	0	0	0	0	0	1.09757	1.66295	2.66726	0	0	0	0	0	0	0	0	0	0	0	0	0	0	0	0	0	1.57007	2.41076	2.7701	1.89382	1.46614	1.9313	2.00621	2.92056	2.57976	2.33945	0	0	0	0	0	2.67485	1.3656	0	0	1.81429	2.61154	1.72276	2.28483	2.44734	2.78499	0	0	0	0	0	0	1.85827	0	0	0	0	0	0	0	0	2.88862	1.67519	0	0	2.68099	0	0	0	0	1.84461	2.87623	1.61936	0	0	0	2.06326	2.23065	1.40465	2.20153	0	0	0	0	0	0	1.88307	2.42256	1.89274	1.77865	2.26465	2.56158	2.44813	0	0	0	0	1.6511	2.18221	1.35109	2.00525	1.97923	1.29335	1.30368	1.30118	0	0	0	0	0	0	0	2.54526	2.0577	0	0	0	0	1.39348	1.77387	1.63507	0	0	0	2.50833	1.47333	0	0	1.69655	0	0	2.12359	2.85805	1.52577	1.13184	2.81258	1.59466	2.29198	0	0	2.97119	2.22062	2.33044	0	2.66214	1.37305	1.66104	1.62067	1.21762	1.05996	2.07802	0	0	0	0	0	2.21142	2.78395	2.51787	1.40111	0	0	0	2.20731	1.26351	1.25598	0	0	2.89024	1.97504	2.95404	1.87857	1.33931	2.03388	0	0	0	2.96716	1.39672	0	0	0	0	1.20436	2.60409	1.58989	1.97165	1.36473	0	0	0	0	1.45817	0	1.32674	1.06438	1.44014	1.34549	0	1.90337	1.20808	1.83251	2.30655	2.04903	0	0	2.27069	2.2621	1.01682	2.24054	2.19154	2.33071	0	0	0	2.56881	1.17128	1.12319	1.03788	1.24662	1.17175	0	0	0	2.6943	1.96113	0	0	0	0	0	2.61348	0	0	0	0	0	0	0	0	0	0	1.74494	0	2.996	0	0	2.9181	1.68476	2.21619	1.80986	0	0	1.65299	1.9407	2.95239	2.9719	1.64283	2.57814	1.04943	2.80793	2.13465	0	0	0	2.66481	2.37362	2.60083	0	1.14159	2.01082	2.91261	2.78175	0	1.8457	1.92171	0	0	2.95717	1.39016	1.42447	2.5019	2.93752	1.87005	2.88434	2.35188	1.79069	0	0	0	0	0	0	2.50709	1.30412	2.65942	2.16957	2.29088	2.25801	2.72295	0	0	0	0	0	0	0	2.65535	2.71738	1.94974	2.76418	0	0	1.81148	1.5937	1.04835	0	2.33123	0	0	0	0	0	2.47735	2.20797	0	0	0	0	0	0	0	0	0	0	1.69825	2.01032	1.05761	2.38986	0	0	0	2.76962	2.40437	2.05975	2.48983	0	2.58272	1.83867	2.66735	2.27082	2.12111	-0.822984	-0.200158	0.261905	19.034
0	0	0	0	0	0	0	0	0	0	0	1.08003	0	1.9844	1.35624	1.75023	1.5477	2.9601	1.05927	1.6442	0	0	0	0	0	0	2.02328	2.01424	1.24107	2.12758	1.76156	2.87197	2.20169	1.03876	1.44629	1.49389	1.4091	1.88186	1.12284	0	0	0	1.41237	2.97789	0	0	0	0	0	0	0	0	1.2166	1.54789	2.6501	0	0	2.88356	0	2.4911	1.63918	0	0	0	0	0	0	1.35352	2.84913	0	0	0	0	2.54354	1.66287	0	0	0	2.32945	1.13589	0	0	0	0	0	0	0	1.83814	0	1.06219	1.38088	2.31519	1.62049	0	0	1.64415	2.85255	2.97791	2.28485	2.26262	2.36319	1.45107	1.22869	2.69992	0	0	0	0	1.47068	0	0	0	0	0	1.02675	1.91232	0	0	0	0	2.0012	2.9385	2.63368	2.97462	1.4297	0	0	0	0	2.09583	0	0	0	0	2.17799	2.01094	2.7431	2.75992	1.6038	2.77831	2.1843	1.28803	1.65077	0	0	0	0	0	0	0	0	1.48859	2.40056	1.24756	1.33616	0	1.37832	0	0	0	0	0	0	2.19141	0	0	0	0	0	2.85235	2.40812	2.3399	1.33495	2.58444	1.32624	1.12334	2.07355	2.63924	1.83652	1.98541	1.31428	1.93761	2.17117	2.13984	0	0	1.18271	2.14829	1.4067	2.41733	1.34485	2.94004	1.83256	2.43669	1.24541	2.69905	0	0	0	0	0	1.43501	1.25095	2.88285	2.02132	1.28357	2.95157	0	0	0	0	0	0	2.73995	2.57833	2.83042	1.79951	2.87882	1.52076	2.22596	1.29132	0	0	0	0	0	1.68303	1.07819	0	0	0	0	0	0	2.84721	2.82388	1.93052	2.06289	1.86795	2.21555	1.43176	0	0	0	0	0	0	2.05341	2.67967	1.7578	2.9993	1.09078	1.33164	1.07778	1.16111	1.88805	0	0	0	0	0	0	0	1.37114	0	0	0	0	0	0	0	0	0	1.88716	2.06681	2.08613	2.66715	0	1.06801	2.39162	0	2.89035	0	0	0	0	0	0	0	0	0	0	0	0	0	0	0	0	0	0	1.09757	1.66295	2.66726	0	0	0	0	0	0	0	0	0	2.51631	0	0	0	0	0	0	0	1.57007	2.41076	2.7701	1.89382	1.46614	1.2899	2.00621	2.92056	2.57976	2.33945	0	0	0	0	0	2.67485	1.3656	0	2.22962	1.81429	2.61154	1.72276	2.28483	2.44734	2.78499	0	0	0	0	0	0	1.01603	0	0	0	0	0	0	0	0	2.88862	1.67519	0	0	0	0	0	0	0	1.84461	2.87623	1.61936	0	0	0	2.06326	2.23065	2.18502	2.20153	0	0	0	0	0	0	1.88307	2.42256	1.89274	1.77865	2.26465	1.41274	2.44813	0	0	0	0	1.6511	2.18221	1.35109	2.00525	1.97923	1.29335	1.30368	0	0	0	0	0	0	0	0	2.54526	2.0577	0	0	0	1.47764	1.39348	1.77387	1.63507	0	0	0	2.50833	1.47333	0	0	1.69655	0	0	2.12359	2.85805	1.52577	1.13184	2.81258	1.59466	2.29198	0	0	2.97119	2.22062	2.33044	2.46219	2.66214	1.37305	1.66104	1.62067	1.21762	1.05996	2.07802	0	0	0	0	0	1.98654	2.78395	2.51787	1.40111	0	0	0	2.20731	1.26351	1.25598	0	0	2.89024	1.51766	2.95404	1.87857	1.33931	2.03388	0	0	0	2.96716	1.39672	0	0	0	1.92613	1.20436	2.60409	1.58989	1.97165	1.36473	0	0	0	0	1.45817	0	1.32674	2.70981	1.44014	1.34549	0	1.90337	1.20808	1.83251	2.30655	2.04903	0	0	2.27069	2.2621	1.77037	2.24054	2.19154	2.33071	0	0	0	2.56881	1.17128	1.12319	1.03788	1.24662	1.17175	0	0	0	2.6943	1.96113	0	0	0	0	0	2.61348	0	0	0	0	0	0	0	0	0	0	1.74494	0	2.996	0	0	2.93514	1.68476	2.21619	1.80986	0	0	1.65299	1.9407	2.95239	2.9719	1.64283	2.57814	1.04943	2.13022	2.13465	0	0	0	2.66481	2.37362	2.60083	0	1.14159	2.01082	2.91261	2.78175	1.95391	1.8457	1.92171	0	0	2.95717	1.39016	1.42447	2.5019	2.93752	1.87005	2.88434	2.35188	1.92957	0	0	0	0	0	0	2.50709	1.30412	2.65942	2.16957	2.29088	2.25801	0	0	0	0	0	0	0	0	2.65535	2.71738	1.94974	2.76418	0	1.70013	1.81148	1.5937	1.04835	0	2.33123	0	0	0	0	0	2.47735	2.20797	0	0	0	0	0	0	0	0	0	0	1.69825	2.01032	1.05761	0	0	0	0	2.76962	2.40437	2.05975	2.48983	0	2.58272	1.83867	2.66735	2.27082	-0.748511	-0.218157	0.267857	20.5794
0	0	0	0	0	0	0	0	0	0	0	0	1.08003	1.727	1.9844	1.35624	1.75023	1.5477	2.9601	1.05927	1.6442	0	0	0	0	0	2.98922	2.02328	2.01424	1.24107	2.12758	1.76156	2.87197	2.20169	1.03876	1.44629	1.49389	1.4091	1.88186	0	0	0	0	1.41237	2.97789	0	0	0	0	0	0	0	2.19636	1.2166	1.54789	2.6501	0	0	2.88356	0	2.4911	1.63918	0	0	0	0	0	0	1.35352	2.84913	0	0	0	0	2.54354	1.66287	0	0	2.98243	2.32945	1.13589	0	0	0	0	0	0	0	1.83814	0	1.06219	0	2.31519	1.62049	0	0	1.64415	2.85255	2.97791	2.28485	2.26262	2.36319	1.45107	1.22869	0	0	0	0	0	1.47068	0	0	0	0	0	1.02675	1.91232	0	0	0	0	2.0012	2.9385	2.63368	2.97462	1.4297	0	0	0	0	0	0	0	0	0	2.17799	2.01094	2.7431	2.75992	1.6038	2.77831	2.1843	1.28803	2.16848	0	0	0	0	0	0	0	0	1.48859	2.40056	1.24756	1.33616	1.04083	1.37832	0	0	0	0	0	0	2.19141	0	0	0	0	2.38494	2.85235	2.40812	2.3399	1.33495	2.58444	1.32624	1.12334	2.07355	2.63924	1.83652	1.98541	1.31428	2.22505	2.17117	2.13984	0	0	1.18271	2.14829	1.4067	2.41733	1.34485	2.94004	1.83256	2.43669	1.44724	2.69905	0	0	0	0	0	1.43501	1.25095	2.88285	2.02132	1.28357	2.95157	0	0	0	0	0	0	2.73995	2.57833	2.83042	1.79951	2.87882	1.52076	2.22596	0	0	0	0	0	0	1.68303	1.07819	0	0	0	0	0	1.83742	2.84721	2.82388	1.93052	2.06289	1.86795	2.21555	1.43176	0	0	0	0	0	0	2.05341	2.67967	1.7578	2.9993	1.09078	1.33164	1.07778	1.16111	1.88805	0	0	0	0	0	0	0	1.37114	0	0	0	0	0	0	0	0	2.33742	1.88716	2.06681	2.08613	2.66715	0	1.06801	2.39162	0	2.89035	0	0	0	0	0	0	0	0	0	0	0	0	0	0	0	0	0	0	1.09757	1.66295	2.66726	0	0	0	0	0	0	0	0	1.10197	2.51631	0	0	0	0	0	0	0	1.57007	2.41076	2.7701	1.89382	1.62158	1.2899	2.00621	2.92056	2.57976	2.33945	0	0	0	0	0	2.67485	1.3656	2.73676	2.22962	1.81429	2.61154	1.72276	2.28483	2.44734	2.78499	0	0	0	0	0	1.68842	1.01603	0	0	0	0	0	0	0	0	2.88862	1.67519	0	0	0	0	0	0	0	1.84461	2.87623	1.61936	0	0	0	2.06326	2.7801	2.18502	2.20153	0	0	0	0	0	0	1.88307	2.42256	1.89274	1.77865	0	1.41274	2.44813	0	0	0	0	1.6511	2.18221	1.35109	2.00525	1.97923	1.29335	0	0	0	0	0	0	0	0	0	2.54526	2.0577	0	0	2.02059	1.47764	1.39348	1.77387	1.63507	0	0	0	2.50833	1.47333	0	0	1.69655	0	0	2.12359	2.85805	1.52577	1.13184	2.81258	1.59466	2.29198	0	0	2.97119	2.22062	2.72108	2.46219	2.66214	1.37305	1.66104	1.62067	1.21762	1.05996	2.07802	0	0	0	0	1.23391	1.98654	2.78395	2.51787	1.40111	0	0	0	2.20731	1.26351	1.25598	0	0	1.40691	1.51766	2.95404	1.87857	1.33931	2.03388	0	0	0	2.96716	1.39672	0	0	1.98841	1.92613	1.20436	2.60409	1.58989	1.97165	1.36473	0	0	0	0	1.45817	0	1.92625	2.70981	1.44014	1.34549	0	1.90337	1.20808	1.83251	2.30655	2.04903	0	0	2.27069	1.66356	1.77037	2.24054	2.19154	2.33071	0	0	0	2.56881	1.17128	1.12319	1.03788	1.24662	0	0	0	0	2.6943	1.96113	0	0	0	0	0	2.61348	0	0	0	0	0	0	0	0	0	0	1.74494	0	2.996	0	2.97253	2.93514	1.68476	2.21619	1.80986	0	0	1.65299	1.9407	2.95239	2.9719	1.64283	2.57814	1.82974	2.13022	2.13465	0	0	0	2.66481	2.37362	2.60083	0	1.14159	2.01082	2.91261	1.14459	1.95391	1.8457	1.92171	0	0	2.95717	1.39016	1.42447	2.5019	2.93752	1.87005	2.88434	1.06889	1.92957	0	0	0	0	0	0	2.50709	1.30412	2.65942	2.16957	2.29088	0	0	0	0	0	0	0	0	0	2.65535	2.71738	1.94974	2.76418	1.32306	1.70013	1.81148	1.5937	1.04835	0	2.33123	0	0	0	0	0	2.47735	2.68744	0	0	0	0	0	0	0	0	0	0	1.69825	2.01032	0	0	0	0	0	2.76962	2.40437	2.05975	2.48983	0	2.58272	1.83867	2.66735	-0.663123	-0.126196	0.27381	20.2828
0	0	0	0	0	0	0	0	0	0	0	0	0	2.05504	1.727	1.9844	1.35624	1.75023	1.5477	2.9601	1.05927	1.6442	0	0	0	0	1.75835	2.98922	2.02328	2.01424	1.24107	2.12758	1.76156	2.87197	2.20169	1.03876	1.44629	1.49389	1.4091	0	0	0	0	0	1.41237	2.97789	0	0	0	0	0	0	1.97301	2.19636	1.2166	1.54789	2.6501	0	0	2.88356	0	2.4911	1.63918	0	0	0	0	0	0	1.35352	2.84913	0	0	0	0	2.54354	1.66287	0	2.3654	2.98243	2.32945	1.13589	0	0	0	0	0	0	0	1.83814	0	0	0	2.31519	1.62049	0	0	1.64415	2.85255	2.97791	2.28485	2.26262	2.36319	1.45107	1.24011	0	0	0	0	0	1.47068	0	0	0	0	0	1.02675	0	0	0	0	0	2.0012	2.9385	2.63368	2.97462	1.4297	0	0	0	0	0	0	0	0	0	2.17799	2.01094	2.7431	2.75992	1.6038	2.77831	2.1843	2.02819	2.16848	0	0	0	0	0	0	0	0	1.48859	2.40056	1.24756	1.78064	1.04083	1.37832	0	0	0	0	0	0	2.19141	0	0	0	1.72023	2.38494	2.85235	2.40812	2.3399	1.33495	2.58444	1.32624	1.12334	2.07355	2.63924	1.83652	1.98541	1.38396	2.22505	2.17117	2.13984	0	0	1.18271	2.14829	1.4067	2.41733	1.34485	2.94004	1.83256	0	1.44724	2.69905	0	0	0	0	0	1.43501	1.25095	2.88285	2.02132	1.28357	0	0	0	0	0	0	0	2.73995	2.57833	2.83042	1.79951	2.87882	1.52076	2.29862	0	0	0	0	0	0	1.68303	1.07819	0	0	0	0	1.49786	1.83742	2.84721	2.82388	1.93052	2.06289	1.86795	2.21555	1.43176	0	0	0	0	0	0	2.05341	2.67967	1.7578	2.9993	1.09078	1.33164	1.07778	1.16111	1.88805	0	0	0	0	0	0	0	1.37114	0	0	0	0	0	0	0	1.15576	2.33742	1.88716	2.06681	2.08613	2.66715	0	1.06801	2.39162	0	2.89035	0	0	0	0	0	0	0	0	0	0	0	0	0	0	0	0	0	0	1.09757	1.66295	2.66726	0	0	0	0	0	0	0	1.58213	1.10197	2.51631	0	0	0	0	0	0	0	1.57007	2.41076	2.7701	0	1.62158	1.2899	2.00621	2.92056	2.57976	2.33945	0	0	0	0	0	2.67485	1.73955	2.73676	2.22962	1.81429	2.61154	1.72276	2.28483	2.44734	2.78499	0	0	0	0	1.4445	1.68842	1.01603	0	0	0	0	0	0	0	0	2.88862	1.67519	0	0	0	0	0	0	0	1.84461	2.87623	1.61936	0	0	0	1.05309	2.7801	2.18502	2.20153	0	0	0	0	0	0	1.88307	2.42256	1.89274	0	0	1.41274	2.44813	0	0	0	0	1.6511	2.18221	1.35109	2.00525	1.97923	0	0	0	0	0	0	0	0	0	0	2.54526	2.0577	0	2.342	2.02059	1.47764	1.39348	1.77387	1.63507	0	0	0	2.50833	1.47333	0	0	0	0	0	2.12359	2.85805	1.52577	1.13184	2.81258	1.59466	2.29198	0	0	2.97119	1.13166	2.72108	2.46219	2.66214	1.37305	1.66104	1.62067	1.21762	1.05996	2.07802	0	0	0	0	1.23391	1.98654	2.78395	2.51787	1.40111	0	0	0	2.20731	1.26351	1.25598	0	1.13867	1.40691	1.51766	2.95404	1.87857	1.33931	2.03388	0	0	0	2.96716	1.39672	0	1.72916	1.98841	1.92613	1.20436	2.60409	1.58989	1.97165	1.36473	0	0	0	0	1.45817	0	1.92625	2.70981	1.44014	1.34549	0	1.90337	1.20808	1.83251	2.30655	2.04903	0	0	0	1.66356	1.77037	2.24054	2.19154	2.33071	0	0	0	2.56881	1.17128	1.12319	1.03788	0	0	0	0	0	2.6943	1.96113	0	0	0	0	0	2.61348	0	0	0	0	0	0	0	0	0	0	1.74494	0	2.996	2.60434	2.97253	2.93514	1.68476	2.21619	1.80986	0	0	1.65299	1.9407	2.95239	2.9719	1.64283	0	1.82974	2.13022	2.13465	0	0	0	2.66481	2.37362	2.60083	0	1.14159	2.01082	1.31773	1.14459	1.95391	1.8457	1.92171	0	0	2.95717	1.39016	1.42447	2.5019	2.93752	1.87005	1.33813	1.06889	1.92957	0	0	0	0	0	0	2.50709	1.30412	2.65942	2.16957	0	0	0	0	0	0	0	0	0	0	2.65535	2.71738	1.94974	0	1.32306	1.70013	1.81148	1.5937	1.04835	0	2.33123	0	0	0	0	0	2.16747	2.68744	0	0	0	0	0	0	0	0	0	0	1.69825	0	0	0	0	0	0	2.76962	2.40437	2.05975	2.48983	0	2.58272	1.83867	-0.568065	-0.18071	0.279762	20.1545
0	0	0	0	0	0	0	0	0	0	0	0	0	2.5743	2.05504	1.727	1.9844	1.35624	1.75023	1.5477	2.9601	1.05927	1.6442	0	0	0	2.28156	1.75835	2.98922	2.02328	2.01424	1.24107	2.12758	1.76156	2.87197	2.20169	1.03876	1.44629	1.49389	0	0	0	0	0	0	1.41237	2.97789	0	0	0	0	0	1.82518	1.97301	2.19636	1.2166	1.54789	2.6501	0	0	2.88356	0	2.4911	1.63918	0	0	0	0	0	0	1.35352	2.84913	0	0	0	0	2.54354	1.66287	0	2.3654	2.98243	2.32945	1.13589	0	0	0	0	0	0	0	1.83814	0	0	0	2.31519	1.62049	0	0	1.64415	2.85255	2.97791	2.28485	2.26262	2.36319	2.01003	1.24011	0	0	0	0	0	1.47068	0	0	0	0	0	0	0	0	0	0	0	2.0012	2.9385	2.63368	2.97462	1.4297	0	0	0	0	0	0	0	0	0	2.17799	2.01094	2.7431	2.75992	1.6038	2.77831	2.92316	2.02819	2.16848	0	0	0	0	0	0	0	0	1.48859	2.40056	2.79192	1.78064	1.04083	1.37832	0	0	0	0	0	0	2.19141	0	0	2.94979	1.72023	2.38494	2.85235	2.40812	2.3399	1.33495	2.58444	1.32624	1.12334	2.07355	2.63924	1.83652	1.54279	1.38396	2.22505	2.17117	2.13984	0	0	1.18271	2.14829	1.4067	2.41733	1.34485	2.94004	1.5551	0	1.44724	2.69905	0	0	0	0	0	1.43501	1.25095	2.88285	2.02132	1.58782	0	0	0	0	0	0	0	2.73995	2.57833	2.83042	1.79951	2.87882	0	2.29862	0	0	0	0	0	0	1.68303	1.07819	0	0	0	1.87615	1.49786	1.83742	2.84721	2.82388	1.93052	2.06289	1.86795	2.21555	1.43176	0	0	0	0	0	0	2.05341	2.67967	1.7578	2.9993	1.09078	1.33164	1.07778	1.16111	1.88805	0	0	0	0	0	0	0	1.37114	0	0	0	0	0	0	2.80036	1.15576	2.33742	1.88716	2.06681	2.08613	2.66715	0	1.06801	2.39162	0	2.89035	0	0	0	0	0	0	0	0	0	0	0	0	0	0	0	0	0	0	1.09757	1.66295	2.66726	0	0	0	0	0	0	2.24098	1.58213	1.10197	2.51631	0	0	0	0	0	0	0	1.57007	2.41076	0	0	1.62158	1.2899	2.00621	2.92056	2.57976	2.33945	0	0	0	0	0	2.17027	1.73955	2.73676	2.22962	1.81429	2.61154	1.72276	2.28483	2.44734	2.78499	0	0	0	2.33465	1.4445	1.68842	1.01603	0	0	0	0	0	0	0	0	2.88862	0	0	0	0	0	0	0	0	1.84461	2.87623	1.61936	0	0	1.29298	1.05309	2.7801	2.18502	2.20153	0	0	0	0	0	0	1.88307	2.42256	0	0	0	1.41274	2.44813	0	0	0	0	1.6511	2.18221	1.35109	2.00525	0	0	0	0	0	0	0	0	0	0	0	2.54526	2.0577	1.51002	2.342	2.02059	1.47764	1.39348	1.77387	1.63507	0	0	0	2.50833	1.47333	0	0	0	0	0	2.12359	2.85805	1.52577	1.13184	2.81258	1.59466	2.29198	0	0	2.20815	1.13166	2.72108	2.46219	2.66214	1.37305	1.66104	1.62067	1.21762	1.05996	2.07802	0	0	0	0	1.23391	1.98654	2.78395	2.51787	1.40111	0	0	0	2.20731	1.26351	1.25598	1.11853	1.13867	1.40691	1.51766	2.95404	1.87857	1.33931	2.03388	0	0	0	2.96716	1.39672	1.19448	1.72916	1.98841	1.92613	1.20436	2.60409	1.58989	1.97165	1.36473	0	0	0	0	0	0	1.92625	2.70981	1.44014	1.34549	0	1.90337	1.20808	1.83251	2.30655	2.04903	0	2.279	0	1.66356	1.77037	2.24054	2.19154	2.33071	0	0	0	2.56881	1.17128	1.12319	0	0	0	0	0	0	2.6943	1.96113	0	0	0	0	0	0	0	0	0	0	0	0	0	0	0	0	1.74494	0	2.1067	2.60434	2.97253	2.93514	1.68476	2.21619	1.80986	0	0	1.65299	1.9407	2.95239	2.9719	0	0	1.82974	2.13022	2.13465	0	0	0	2.66481	2.37362	2.60083	0	1.14159	2.14444	1.31773	1.14459	1.95391	1.8457	1.92171	0	0	2.95717	1.39016	1.42447	2.5019	2.93752	1.25969	1.33813	1.06889	1.92957	0	0	0	0	0	0	2.50709	1.30412	2.65942	1.56553	0	0	0	0	0	0	0	0	0	0	2.65535	2.71738	0	0	1.32306	1.70013	1.81148	1.5937	1.04835	0	2.33123	0	0	0	0	0	2.16747	2.68744	0	0	0	0	0	0	0	0	0	0	0	0	0	0	0	0	0	2.76962	2.40437	2.05975	2.48983	0	2.58272	-0.464723	-0.125694	0.285714	19.8741
0	0	0	0	0	0	0	0	0	0	0	0	0	1.86476	2.5743	2.05504	1.727	1.9844	1.35624	1.75023	1.5477	2.9601	1.05927	1.6442	0	0	0	2.28156	1.75835	2.98922	2.02328	2.01424	1.24107	2.12758	1.76156	2.87197	2.20169	1.03876	1.44629	0	0	0	0	0	0	0	1.41237	2.97789	0	0	0	0	2.85675	1.82518	1.97301	2.19636	1.2166	1.54789	2.6501	0	0	2.88356	0	2.4911	1.63918	0	0	0	0	0	0	1.35352	2.84913	0	0	0	0	2.54354	0	0	2.3654	2.98243	2.32945	1.13589	0	0	0	0	0	0	0	2.19881	0	0	0	2.31519	1.62049	0	0	1.64415	2.85255	2.97791	2.28485	2.26262	0	2.01003	1.24011	0	0	0	0	0	1.47068	0	0	0	0	0	0	0	0	0	0	0	2.0012	2.9385	2.63368	2.97462	1.4297	0	1.47408	0	0	0	0	0	0	0	2.17799	2.01094	2.7431	2.75992	1.6038	2.41561	2.92316	2.02819	2.16848	0	0	0	0	0	0	0	0	1.48859	2.22187	2.79192	1.78064	1.04083	1.37832	0	0	0	0	0	0	2.19141	0	1.20557	2.94979	1.72023	2.38494	2.85235	2.40812	2.3399	1.33495	2.58444	1.32624	1.12334	2.07355	2.63924	2.2931	1.54279	1.38396	2.22505	2.17117	2.13984	0	0	1.18271	2.14829	1.4067	2.41733	1.34485	2.74604	1.5551	0	1.44724	2.69905	0	0	0	0	0	1.43501	1.25095	2.88285	2.98415	1.58782	0	0	0	0	0	0	0	2.73995	2.57833	2.83042	1.79951	0	0	2.29862	0	0	0	0	0	0	1.68303	1.07819	0	0	1.6893	1.87615	1.49786	1.83742	2.84721	2.82388	1.93052	2.06289	1.86795	2.21555	1.43176	0	0	1.02719	0	0	0	2.05341	2.67967	1.7578	2.9993	1.09078	1.33164	1.07778	1.16111	1.88805	0	0	0	0	0	0	0	1.37114	0	0	0	0	0	0	2.80036	1.15576	2.33742	1.88716	2.06681	2.08613	2.66715	0	1.06801	2.39162	0	2.89035	0	0	0	0	0	0	0	0	0	0	0	0	0	0	0	0	0	0	1.09757	1.66295	2.66726	0	0	0	0	0	1.53937	2.24098	1.58213	1.10197	2.51631	0	0	0	0	0	0	0	1.57007	0	0	0	1.62158	1.2899	2.00621	2.92056	2.57976	2.33945	0	0	0	0	0	2.17027	1.73955	2.73676	2.22962	1.81429	2.61154	1.72276	2.28483	2.44734	2.78499	0	0	2.82311	2.33465	1.4445	1.68842	1.01603	0	0	0	0	0	0	0	0	0	0	0	0	0	0	0	0	0	1.84461	2.87623	1.61936	0	2.81585	1.29298	1.05309	2.7801	2.18502	2.20153	0	0	0	0	0	0	1.88307	0	0	0	0	1.41274	2.44813	0	0	0	0	1.6511	2.18221	1.35109	0	0	0	0	0	0	0	0	0	0	0	0	2.54526	1.35173	1.51002	2.342	2.02059	1.47764	1.39348	1.77387	1.63507	0	0	0	2.50833	1.47333	0	0	0	0	0	2.12359	2.85805	1.52577	1.13184	2.81258	1.59466	2.29198	0	2.89498	2.20815	1.13166	2.72108	2.46219	2.66214	1.37305	1.66104	1.62067	1.21762	1.05996	2.07802	0	0	0	0	1.23391	1.98654	2.78395	2.51787	1.40111	0	0	0	2.20731	1.26351	0	1.11853	1.13867	1.40691	1.51766	2.95404	1.87857	1.33931	2.03388	0	0	0	2.96716	2.28035	1.19448	1.72916	1.98841	1.92613	1.20436	2.60409	1.58989	1.97165	1.36473	0	0	0	0	0	0	1.92625	2.70981	1.44014	1.34549	0	1.90337	1.20808	1.83251	2.30655	2.04903	2.11	2.279	0	1.66356	1.77037	2.24054	2.19154	2.33071	0	0	0	2.56881	1.17128	0	0	0	0	0	0	0	2.6943	1.96113	0	0	0	0	0	0	0	0	0	0	0	0	0	0	0	0	1.74494	2.17945	2.1067	2.60434	2.97253	2.93514	1.68476	2.21619	1.80986	0	0	1.65299	1.9407	2.95239	0	0	0	1.82974	2.13022	2.13465	0	0	0	2.66481	2.37362	2.60083	0	1.90026	2.14444	1.31773	1.14459	1.95391	1.8457	1.92171	0	0	2.95717	1.39016	1.42447	2.5019	0	1.25969	1.33813	1.06889	1.92957	0	0	0	0	0	0	2.50709	1.30412	2.68825	1.56553	0	0	0	0	0	0	0	0	0	0	2.65535	0	0	0	1.32306	1.70013	1.81148	1.5937	1.04835	0	2.33123	0	0	0	0	0	2.16747	2.68744	0	0	0	0	0	0	0	0	0	0	0	0	0	0	0	0	0	2.76962	2.40437	2.05975	2.48983	0	-0.354605	-0.190818	0.291667	19.7281
0	0	0	0	0	0	0	0	0	0	0	0	0	1.44122	1.86476	2.5743	2.05504	1.727	1.9844	1.35624	1.75023	1.5477	2.9601	1.05927	1.6442	0	1.15965	0	2.28156	1.75835	2.98922	2.02328	2.01424	1.24107	2.12758	1.76156	2.87197	2.20169	1.03876	0	0	0	0	0	0	0	0	1.41237	2.97789	0	0	0	1.38746	2.85675	1.82518	1.97301	2.19636	1.2166	1.54789	2.6501	0	0	2.88356	0	2.4911	0	0	0	0	0	0	0	1.35352	2.84913	0	0	0	0	0	0	0	2.3654	2.98243	2.32945	1.13589	0	0	0	0	0	0	1.74718	2.19881	0	0	0	2.31519	1.62049	0	0	1.64415	2.85255	2.97791	2.28485	0	0	2.01003	1.24011	0	0	0	0	0	1.47068	0	0	0	0	0	0	0	0	0	0	0	2.0012	2.9385	2.63368	2.97462	1.4297	2.77566	1.47408	0	0	0	0	0	0	0	2.17799	2.01094	2.7431	2.75992	0	2.41561	2.92316	2.02819	2.16848	0	0	0	0	0	0	0	0	1.11421	2.22187	2.79192	1.78064	1.04083	1.37832	0	0	0	0	0	0	2.19141	0	1.20557	2.94979	1.72023	2.38494	2.85235	2.40812	2.3399	1.33495	2.58444	1.32624	1.12334	2.07355	2.67109	2.2931	1.54279	1.38396	2.22505	2.17117	2.13984	0	0	1.18271	2.14829	1.4067	2.41733	0	2.74604	1.5551	0	1.44724	2.69905	0	0	0	0	0	1.43501	1.25095	0	2.98415	1.58782	0	0	0	0	0	0	0	2.73995	2.57833	2.83042	0	0	0	2.29862	0	0	0	0	0	0	1.68303	1.07819	0	1.65984	1.6893	1.87615	1.49786	1.83742	2.84721	2.82388	1.93052	2.06289	1.86795	2.21555	1.43176	0	2.37741	1.02719	0	0	0	2.05341	2.67967	1.7578	2.9993	1.09078	1.33164	1.07778	1.16111	1.95648	0	0	0	0	0	0	0	1.37114	0	0	0	0	0	0	2.80036	1.15576	2.33742	1.88716	2.06681	2.08613	2.66715	0	1.06801	2.39162	0	0	0	0	0	0	0	0	0	0	0	0	0	0	0	0	0	0	0	0	1.09757	1.66295	2.66726	0	0	0	0	1.80682	1.53937	2.24098	1.58213	1.10197	2.51631	0	0	0	0	0	0	0	0	0	0	0	1.62158	1.2899	2.00621	2.92056	2.57976	2.33945	0	0	0	0	0	2.17027	1.73955	2.73676	2.22962	1.81429	2.61154	1.72276	2.28483	2.44734	2.78499	0	2.14492	2.82311	2.33465	1.4445	1.68842	1.01603	0	0	0	0	0	0	0	0	0	0	0	0	0	0	0	0	0	1.84461	2.87623	1.61936	2.33025	2.81585	1.29298	1.05309	2.7801	2.18502	2.20153	0	0	0	0	0	0	0	0	0	0	0	1.41274	2.44813	0	0	0	0	1.6511	2.18221	0	0	0	0	0	0	0	0	0	0	0	0	0	2.1452	1.35173	1.51002	2.342	2.02059	1.47764	1.39348	1.77387	1.63507	0	0	0	2.50833	0	0	0	0	0	0	2.12359	2.85805	1.52577	1.13184	2.81258	1.59466	2.29198	1.70901	2.89498	2.20815	1.13166	2.72108	2.46219	2.66214	1.37305	1.66104	1.62067	1.21762	1.05996	2.07802	0	0	0	0	1.23391	1.98654	2.78395	2.51787	1.40111	0	0	0	2.20731	0	0	1.11853	1.13867	1.40691	1.51766	2.95404	1.87857	1.33931	2.03388	0	0	0	1.5126	2.28035	1.19448	1.72916	1.98841	1.92613	1.20436	2.60409	1.58989	1.97165	1.36473	0	0	0	0	0	0	1.92625	2.70981	1.44014	1.34549	0	1.90337	1.20808	1.83251	2.30655	0	2.11	2.279	0	1.66356	1.77037	2.24054	2.19154	2.33071	0	0	0	2.56881	1.0523	0	0	0	0	0	0	0	2.6943	1.96113	0	0	0	0	0	0	0	0	0	0	0	0	0	0	0	0	0	2.17945	2.1067	2.60434	2.97253	2.93514	1.68476	2.21619	1.80986	0	0	1.65299	1.9407	0	0	0	0	1.82974	2.13022	2.13465	0	0	0	2.66481	2.37362	2.60083	1.40078	1.90026	2.14444	1.31773	1.14459	1.95391	1.8457	1.92171	0	0	2.95717	1.39016	1.42447	0	0	1.25969	1.33813	1.06889	1.92957	0	0	0	0	0	0	2.50709	1.63116	2.68825	1.56553	0	0	0	0	0	0	0	0	0	0	0	0	0	0	1.32306	1.70013	1.81148	1.5937	1.04835	0	2.33123	0	0	0	0	0	2.16747	2.68744	0	0	0	0	0	0	0	0	0	0	0	0	0	0	0	0	0	2.76962	2.40437	2.05975	2.48983	-0.239316	-0.16394	0.297619	18.8336
0	0	0	0	0	0	0	0	0	0	0	0	0	1.9924	1.44122	1.86476	2.5743	2.05504	1.727	1.9844	1.35624	1.75023	1.5477	2.9601	1.05927	1.6442	2.65922	1.15965	0	2.28156	1.75835	2.98922	2.02328	2.01424	1.24107	2.12758	1.76156	2.87197	2.20169	0	0	0	0	0	0	0	0	0	1.41237	2.97789	0	0	1.48614	1.38746	2.85675	1.82518	1.97301	2.19636	1.2166	1.54789	2.6501	0	0	2.88356	0	0	0	0	0	0	0	0	0	1.35352	2.84913	0	0	0	0	0	0	0	2.3654	2.98243	2.32945	1.13589	0	0	0	0	0	0	1.74718	2.19881	0	0	0	2.31519	1.62049	0	0	1.64415	2.85255	2.97791	0	0	0	2.01003	1.24011	0	0	0	0	0	1.47068	0	0	0	0	0	0	0	0	0	0	0	2.0012	2.9385	2.63368	2.97462	0	2.77566	1.47408	0	0	0	0	0	0	0	2.17799	2.01094	2.7431	1.67135	0	2.41561	2.92316	2.02819	2.16848	0	0	0	0	0	0	0	1.934	1.11421	2.22187	2.79192	1.78064	1.04083	1.37832	0	0	0	0	0	0	0	0	1.20557	2.94979	1.72023	2.38494	2.85235	2.40812	2.3399	1.33495	2.58444	1.32624	1.12334	1.93811	2.67109	2.2931	1.54279	1.38396	2.22505	2.17117	2.13984	0	0	1.18271	2.14829	1.4067	0	0	2.74604	1.5551	0	1.44724	2.69905	0	0	0	0	0	1.43501	0	0	2.98415	1.58782	0	0	0	0	0	0	0	2.73995	2.57833	0	0	0	0	2.29862	0	0	0	0	0	0	1.68303	1.07819	2.52309	1.65984	1.6893	1.87615	1.49786	1.83742	2.84721	2.82388	1.93052	2.06289	1.86795	2.21555	1.43176	2.65838	2.37741	1.02719	0	0	0	2.05341	2.67967	1.7578	2.9993	1.09078	1.33164	1.07778	2.639	1.95648	0	0	0	0	0	0	0	1.37114	0	0	0	0	0	0	2.80036	1.15576	2.33742	1.88716	2.06681	2.08613	2.66715	0	1.06801	2.39162	0	0	0	0	0	0	0	0	0	0	0	0	0	0	0	0	0	0	0	0	1.09757	1.66295	2.66726	0	0	0	1.40891	1.80682	1.53937	2.24098	1.58213	1.10197	2.51631	0	0	0	0	0	0	2.54424	0	0	0	0	1.62158	1.2899	2.00621	2.92056	2.57976	2.33945	0	0	0	0	0	2.17027	1.73955	2.73676	2.22962	1.81429	2.61154	1.72276	2.28483	2.44734	2.78499	0	2.14492	2.82311	2.33465	1.4445	1.68842	1.01603	0	0	0	0	0	0	0	0	0	0	0	0	0	0	0	0	0	1.84461	2.87623	2.81301	2.33025	2.81585	1.29298	1.05309	2.7801	2.18502	2.20153	0	0	0	0	0	0	0	0	0	0	0	1.41274	2.44813	0	0	0	0	1.6511	0	0	0	0	0	0	0	0	0	0	0	0	0	2.11719	2.1452	1.35173	1.51002	2.342	2.02059	1.47764	1.39348	1.77387	1.63507	0	0	0	0	0	0	0	0	0	0	2.12359	2.85805	1.52577	1.13184	2.81258	1.59466	1.96172	1.70901	2.89498	2.20815	1.13166	2.72108	2.46219	2.66214	1.37305	1.66104	1.62067	1.21762	1.05996	2.42948	0	0	0	0	1.23391	1.98654	2.78395	2.51787	1.40111	0	0	0	0	0	0	1.11853	1.13867	1.40691	1.51766	2.95404	1.87857	1.33931	2.03388	0	0	0	1.5126	2.28035	1.19448	1.72916	1.98841	1.92613	1.20436	2.60409	1.58989	1.97165	1.36473	0	0	0	0	0	0	1.92625	2.70981	1.44014	1.34549	0	1.90337	1.20808	1.83251	0	0	2.11	2.279	0	1.66356	1.77037	2.24054	2.19154	2.33071	0	0	0	0	1.0523	0	0	0	0	0	0	0	2.6943	1.96113	0	0	2.33222	0	0	0	0	0	0	0	0	0	0	0	0	1.38702	0	2.17945	2.1067	2.60434	2.97253	2.93514	1.68476	2.21619	1.80986	0	0	1.65299	0	0	0	0	0	1.82974	2.13022	2.13465	0	0	0	2.66481	2.37362	1.74133	1.40078	1.90026	2.14444	1.31773	1.14459	1.95391	1.8457	1.92171	0	0	2.95717	1.39016	0	0	0	1.25969	1.33813	1.06889	1.92957	0	0	0	0	0	0	0	1.63116	2.68825	1.56553	0	0	0	0	0	0	0	0	0	0	0	0	0	0	1.32306	1.70013	1.81148	1.5937	1.04835	0	2.33123	0	0	0	0	0	2.16747	2.68744	0	0	0	0	0	0	0	0	0	0	0	0	0	0	0	0	0	2.76962	2.40437	2.05975	-0.120537	-0.11507	0.303571	17.693
2.49216	0	0	0	0	0	0	0	0	0	0	0	0	2.01739	1.9924	1.44122	1.86476	2.5743	2.05504	1.727	1.9844	1.35624	1.75023	1.5477	2.9601	1.05927	1.58103	2.65922	1.15965	0	2.28156	1.75835	2.98922	2.02328	2.01424	1.24107	2.12758	1.76156	2.87197	0	0	0	0	0	0	0	0	0	0	1.41237	2.97789	0	0	1.48614	1.38746	2.85675	1.82518	1.97301	2.19636	1.2166	1.54789	2.6501	0	0	2.88356	0	0	0	0	0	0	0	0	0	1.35352	2.84913	0	0	0	0	0	0	0	2.3654	2.98243	2.32945	1.13589	0	0	0	0	0	0	1.74718	2.19881	0	0	0	2.31519	1.62049	0	0	1.64415	2.85255	1.09211	0	0	0	2.01003	1.24011	0	0	0	0	0	1.47068	0	1.64965	0	0	0	0	0	0	0	0	0	2.0012	2.9385	2.63368	0	0	2.77566	1.47408	0	0	0	0	0	0	0	2.17799	2.01094	1.94889	1.67135	0	2.41561	2.92316	2.02819	2.16848	0	0	0	0	0	0	0	1.934	1.11421	2.22187	2.79192	1.78064	1.04083	1.37832	0	0	0	0	0	0	0	0	1.20557	2.94979	1.72023	2.38494	2.85235	2.40812	2.3399	1.33495	2.58444	1.32624	2.07137	1.93811	2.67109	2.2931	1.54279	1.38396	2.22505	2.17117	2.13984	0	0	1.18271	2.14829	0	0	0	2.74604	1.5551	0	1.44724	2.69905	0	0	0	0	0	0	0	0	2.98415	1.58782	0	0	0	0	0	0	0	2.73995	2.32386	0	0	0	0	2.29862	0	0	0	0	0	0	1.68303	1.80325	2.52309	1.65984	1.6893	1.87615	1.49786	1.83742	2.84721	2.82388	1.93052	2.06289	1.86795	2.21555	2.91769	2.65838	2.37741	1.02719	0	0	0	2.05341	2.67967	1.7578	2.9993	1.09078	1.33164	2.88452	2.639	1.95648	0	0	0	0	0	0	0	1.37114	0	0	1.14291	0	0	0	2.80036	1.15576	2.33742	1.88716	2.06681	2.08613	2.66715	0	1.06801	0	0	0	0	0	0	0	0	0	0	0	0	0	0	0	0	0	0	0	0	0	1.09757	1.66295	2.66726	0	0	2.77962	1.40891	1.80682	1.53937	2.24098	1.58213	1.10197	2.51631	0	0	0	0	0	0	2.54424	0	0	0	0	1.62158	1.2899	2.00621	2.92056	2.57976	2.33945	0	2.96846	0	0	0	2.17027	1.73955	2.73676	2.22962	1.81429	2.61154	1.72276	2.28483	2.44734	0	0	2.14492	2.82311	2.33465	1.4445	1.68842	1.01603	0	0	0	0	0	0	0	0	0	0	0	0	0	0	0	0	0	1.84461	2.67125	2.81301	2.33025	2.81585	1.29298	1.05309	2.7801	2.18502	2.20153	0	0	0	0	0	0	0	0	0	0	0	1.41274	2.44813	0	0	0	0	2.02885	0	0	0	0	0	0	0	0	0	0	0	0	0	2.11719	2.1452	1.35173	1.51002	2.342	2.02059	1.47764	1.39348	1.77387	1.63507	0	0	0	0	0	0	0	0	0	0	2.12359	2.85805	1.52577	1.13184	2.81258	1.04192	1.96172	1.70901	2.89498	2.20815	1.13166	2.72108	2.46219	2.66214	1.37305	1.66104	1.62067	1.21762	1.46945	2.42948	0	0	0	0	1.23391	1.98654	2.78395	2.51787	1.40111	0	0	0	0	0	0	1.11853	1.13867	1.40691	1.51766	2.95404	1.87857	1.33931	2.03388	0	0	0	1.5126	2.28035	1.19448	1.72916	1.98841	1.92613	1.20436	2.60409	1.58989	1.97165	1.36473	0	0	0	0	0	0	1.92625	2.70981	1.44014	1.34549	0	1.90337	1.20808	0	0	0	2.11	2.279	0	1.66356	1.77037	2.24054	2.19154	2.33071	0	0	0	0	1.0523	0	0	0	0	0	0	0	2.6943	1.96113	0	2.90043	2.33222	0	0	0	0	0	0	0	0	0	0	0	2.90059	1.38702	0	2.17945	2.1067	2.60434	2.97253	2.93514	1.68476	2.21619	1.80986	0	0	1.06704	0	0	0	0	0	1.82974	2.13022	2.13465	0	0	0	2.66481	2.59604	1.74133	1.40078	1.90026	2.14444	1.31773	1.14459	1.95391	1.8457	1.92171	0	0	2.95717	0	0	0	0	1.25969	1.33813	1.06889	1.92957	0	0	0	0	0	0	0	1.63116	2.68825	1.56553	0	0	0	0	0	0	0	0	0	0	0	0	0	0	1.32306	1.70013	1.81148	1.5937	1.04835	0	2.33123	0	0	0	0	0	2.16747	2.68744	0	0	0	0	0	0	0	0	0	0	0	0	0	0	0	0	0	2.76962	2.40437	0	-0.17668	0.309524	18.5011
0	2.49216	0	0	0	0	0	0	0	0	0	0	0	1.81721	2.01739	1.9924	1.44122	1.86476	2.5743	2.05504	1.727	1.9844	1.35624	1.75023	1.5477	2.9601	1.50519	1.58103	2.65922	1.15965	0	2.28156	1.75835	2.98922	2.02328	2.01424	1.24107	2.12758	1.76156	0	0	0	0	0	0	0	0	0	0	0	1.41237	2.97789	0	0	1.48614	1.38746	2.85675	1.82518	1.97301	2.19636	1.2166	1.54789	2.6501	0	0	0	0	0	0	0	0	0	0	0	0	1.35352	2.84913	0	0	0	0	0	0	0	2.3654	2.98243	2.32945	1.13589	0	0	0	0	0	0	1.74718	2.19881	0	0	0	2.31519	1.62049	0	0	1.64415	0	1.09211	0	0	0	2.01003	1.24011	0	0	0	0	0	1.47068	1.6783	1.64965	0	0	0	0	0	0	0	0	0	2.0012	2.9385	0	0	0	2.77566	1.47408	0	0	0	0	0	0	0	2.17799	2.29842	1.94889	1.67135	0	2.41561	2.92316	2.02819	2.16848	0	0	0	0	0	2.37434	0	1.934	1.11421	2.22187	2.79192	1.78064	1.04083	1.37832	0	0	0	0	0	0	0	0	1.20557	2.94979	1.72023	2.38494	2.85235	2.40812	2.3399	1.33495	2.58444	2.61572	2.07137	1.93811	2.67109	2.2931	1.54279	1.38396	2.22505	2.17117	2.13984	0	0	1.18271	0	0	0	0	2.74604	1.5551	0	1.44724	2.69905	0	0	0	0	0	0	0	0	2.98415	1.58782	0	0	0	0	0	0	0	0	2.32386	0	0	0	0	2.29862	0	0	0	0	0	0	1.7065	1.80325	2.52309	1.65984	1.6893	1.87615	1.49786	1.83742	2.84721	2.82388	1.93052	2.06289	1.86795	2.10439	2.91769	2.65838	2.37741	1.02719	0	0	0	2.05341	2.67967	1.7578	2.9993	1.09078	2.1358	2.88452	2.639	1.95648	0	0	0	0	0	0	0	1.37114	0	0	1.14291	0	0	0	2.80036	1.15576	2.33742	1.88716	2.06681	2.08613	2.66715	0	0	0	0	0	0	0	0	0	0	0	0	0	0	0	0	0	0	0	0	0	0	0	1.09757	1.66295	2.66726	0	1.07031	2.77962	1.40891	1.80682	1.53937	2.24098	1.58213	1.10197	2.51631	0	0	0	0	0	0	2.54424	0	0	0	0	1.62158	1.2899	2.00621	2.92056	2.57976	2.33945	2.17954	2.96846	0	0	0	2.17027	1.73955	2.73676	2.22962	1.81429	2.61154	1.72276	2.28483	0	0	0	2.14492	2.82311	2.33465	1.4445	1.68842	1.01603	0	0	0	0	2.73824	0	0	0	0	0	0	0	0	0	0	0	0	1.73384	2.67125	2.81301	2.33025	2.81585	1.29298	1.05309	2.7801	2.18502	2.20153	0	0	0	0	0	0	0	0	0	0	0	1.41274	2.44813	0	0	0	2.9718	2.02885	0	0	0	0	0	0	0	0	0	0	0	0	0	2.11719	2.1452	1.35173	1.51002	2.342	2.02059	1.47764	1.39348	1.77387	1.63507	0	0	0	0	0	0	0	0	0	0	2.12359	2.85805	1.52577	1.13184	2.19542	1.04192	1.96172	1.70901	2.89498	2.20815	1.13166	2.72108	2.46219	2.66214	1.37305	1.66104	1.62067	2.88356	1.46945	2.42948	0	0	0	0	1.23391	1.98654	2.78395	2.51787	1.40111	0	0	0	0	0	0	1.11853	1.13867	1.40691	1.51766	2.95404	1.87857	1.33931	2.03388	0	0	0	1.5126	2.28035	1.19448	1.72916	1.98841	1.92613	1.20436	2.60409	1.58989	1.97165	0	0	0	0	0	0	0	1.92625	2.70981	1.44014	1.34549	0	1.90337	0	0	0	0	2.11	2.279	0	1.66356	1.77037	2.24054	2.19154	2.33071	0	0	0	0	1.0523	0	0	0	0	0	0	0	2.6943	1.96113	1.14073	2.90043	2.33222	0	0	0	0	0	0	0	0	0	0	1.31237	2.90059	1.38702	0	2.17945	2.1067	2.60434	2.97253	2.93514	1.68476	2.21619	1.80986	0	1.7275	1.06704	0	0	0	0	0	1.82974	2.13022	2.13465	0	0	0	1.7888	2.59604	1.74133	1.40078	1.90026	2.14444	1.31773	1.14459	1.95391	1.8457	1.92171	0	0	2.48457	0	0	0	0	1.25969	1.33813	1.06889	1.92957	0	0	0	0	0	0	0	1.63116	2.68825	1.56553	0	0	0	0	0	0	0	0	0	0	0	0	0	0	1.32306	1.70013	1.81148	1.5937	1.04835	0	0	0	0	0	0	0	2.16747	2.68744	0	0	0	0	0	1.57485	0	0	0	0	0	0	0	0	0	0	0	2.76962	0.120537	-0.165018	0.315476	17.4013
0	0	2.49216	0	0	0	0	0	0	0	0	0	0	1.06124	1.81721	2.01739	1.9924	1.44122	1.86476	2.5743	2.05504	1.727	1.9844	1.35624	1.75023	1.5477	1.40084	1.50519	1.58103	2.65922	1.15965	0	2.28156	1.75835	2.98922	2.02328	2.01424	1.24107	2.12758	2.286	0	0	0	0	0	0	0	0	0	0	0	1.41237	0	0	0	1.48614	1.38746	2.85675	1.82518	1.97301	2.19636	1.2166	1.54789	2.6501	0	0	0	0	0	0	0	0	0	0	0	0	1.35352	2.84913	0	0	0	0	0	0	0	2.3654	2.98243	2.32945	1.13589	0	0	0	0	0	0	1.74718	2.19881	0	0	0	2.31519	1.62049	0	0	0	0	1.09211	0	0	0	2.01003	1.24011	0	0	0	0	0	1.10606	1.6783	1.64965	0	0	0	0	0	0	0	0	0	2.0012	2.58111	0	0	0	2.77566	1.47408	0	0	0	0	0	0	0	1.38666	2.29842	1.94889	1.67135	0	2.41561	2.92316	2.02819	2.16848	0	0	0	0	2.77386	2.37434	0	1.934	1.11421	2.22187	2.79192	1.78064	1.04083	1.37832	0	0	0	0	0	0	0	0	1.20557	2.94979	1.72023	2.38494	2.85235	2.40812	2.3399	1.33495	2.95338	2.61572	2.07137	1.93811	2.67109	2.2931	1.54279	1.38396	2.22505	2.17117	2.13984	0	0	1.21137	0	0	0	0	2.74604	1.5551	0	1.44724	2.69905	0	0	0	0	0	0	0	0	2.98415	1.58782	0	0	0	0	0	0	0	0	2.32386	0	0	0	0	2.29862	0	0	0	0	0	2.99014	1.7065	1.80325	2.52309	1.65984	1.6893	1.87615	1.49786	1.83742	2.84721	2.82388	1.93052	2.06289	1.36769	2.10439	2.91769	2.65838	2.37741	1.02719	0	0	0	2.05341	2.67967	1.7578	2.9993	1.76081	2.1358	2.88452	2.639	1.95648	0	0	0	0	0	0	0	1.37114	1.39173	0	1.14291	0	0	0	2.80036	1.15576	2.33742	1.88716	2.06681	2.08613	2.66715	0	0	0	0	0	0	0	0	0	0	0	0	0	0	0	0	0	0	0	0	0	0	0	1.09757	1.66295	2.66726	0	1.07031	2.77962	1.40891	1.80682	1.53937	2.24098	1.58213	1.10197	2.51631	0	0	0	0	0	0	2.54424	0	0	0	0	1.62158	1.2899	2.00621	2.92056	2.57976	1.36962	2.17954	2.96846	0	0	0	2.17027	1.73955	2.73676	2.22962	1.81429	2.61154	1.72276	0	0	0	0	2.14492	2.82311	2.33465	1.4445	1.68842	1.01603	0	0	0	2.87705	2.73824	0	0	0	0	0	0	0	0	0	0	0	0	1.73384	2.67125	2.81301	2.33025	2.81585	1.29298	1.05309	2.7801	2.18502	2.20153	0	0	0	0	0	0	0	0	0	0	0	1.41274	2.44813	0	0	0	2.9718	2.02885	0	0	0	0	0	0	0	0	0	0	0	0	0	2.11719	2.1452	1.35173	1.51002	2.342	2.02059	1.47764	1.39348	1.77387	1.63507	0	0	0	0	0	0	0	0	0	0	2.12359	2.85805	1.52577	0	2.19542	1.04192	1.96172	1.70901	2.89498	2.20815	1.13166	2.72108	2.46219	2.66214	1.37305	1.66104	2.52984	2.88356	1.46945	2.42948	0	0	0	0	1.23391	1.98654	2.78395	2.51787	1.40111	2.76546	0	0	0	0	0	1.11853	1.13867	1.40691	1.51766	2.95404	1.87857	1.33931	1.88498	0	0	0	1.5126	2.28035	1.19448	1.72916	1.98841	1.92613	1.20436	2.60409	1.58989	1.55176	0	0	0	0	0	0	0	1.92625	2.70981	1.44014	1.34549	0	0	0	0	0	0	2.11	2.279	0	1.66356	1.77037	2.24054	2.19154	2.33071	0	0	0	0	1.0523	0	0	0	0	0	0	0	2.6943	1.50355	1.14073	2.90043	2.33222	0	0	0	0	0	0	0	0	0	0	1.31237	2.90059	1.38702	0	2.17945	2.1067	2.60434	2.97253	2.93514	1.68476	2.21619	1.80986	2.75142	1.7275	1.06704	0	0	0	0	0	1.82974	2.13022	2.13465	0	0	2.36849	1.7888	2.59604	1.74133	1.40078	1.90026	2.14444	1.31773	1.14459	1.95391	1.8457	1.92171	0	2.10874	2.48457	0	0	0	0	1.25969	1.33813	1.06889	1.92957	0	0	0	0	0	0	0	1.63116	2.68825	1.56553	0	0	0	0	0	0	0	0	0	0	0	0	0	0	1.32306	1.70013	1.81148	1.5937	1.04835	0	0	0	0	0	0	0	2.16747	2.68744	0	0	0	0	1.65718	1.57485	0	0	0	0	0	0	0	0	0	0	0	0.239316	-0.0763892	0.321429	17.9957
0	0	0	2.49216	0	0	0	0	0	0	0	0	0	0	1.06124	1.81721	2.01739	1.9924	1.44122	1.86476	2.5743	2.05504	1.727	1.9844	1.35624	1.75023	2.96533	1.40084	1.50519	1.58103	2.65922	1.15965	0	2.28156	1.75835	2.98922	2.02328	2.01424	1.24107	1.96153	2.286	0	0	0	0	0	0	0	0	0	0	0	1.778	0	0	0	1.48614	1.38746	2.85675	1.82518	1.97301	2.19636	1.2166	1.54789	2.6501	0	0	0	0	0	0	0	0	0	0	0	0	1.35352	0	0	0	0	0	0	0	0	2.3654	2.98243	2.32945	1.13589	0	1.44143	0	0	0	0	1.74718	2.19881	0	0	0	2.31519	1.62049	0	0	0	0	1.09211	0	0	0	2.01003	1.24011	0	0	0	0	1.58883	1.10606	1.6783	1.64965	0	0	0	0	0	0	0	0	0	1.59548	2.58111	0	0	0	2.77566	1.47408	0	0	0	0	0	0	0	1.38666	2.29842	1.94889	1.67135	0	2.41561	2.92316	2.02819	2.16848	0	0	0	1.63257	2.77386	2.37434	0	1.934	1.11421	2.22187	2.79192	1.78064	1.04083	1.37832	0	0	0	0	0	0	0	0	1.20557	2.94979	1.72023	2.38494	2.85235	2.40812	2.3399	0	2.95338	2.61572	2.07137	1.93811	2.67109	2.2931	1.54279	1.38396	2.22505	2.17117	2.13984	0	0	1.21137	0	0	0	0	2.74604	1.5551	0	1.44724	2.69905	0	0	0	0	0	0	0	0	2.98415	1.58782	0	0	0	0	0	0	0	0	2.32386	0	0	0	0	2.29862	0	0	0	0	1.20399	2.99014	1.7065	1.80325	2.52309	1.65984	1.6893	1.87615	1.49786	1.83742	2.84721	2.82388	1.93052	2.90283	1.36769	2.10439	2.91769	2.65838	2.37741	1.02719	0	0	0	2.05341	2.67967	1.7578	1.15474	1.76081	2.1358	2.88452	2.639	1.95648	0	0	0	0	0	0	0	0	1.39173	0	1.14291	0	0	0	2.80036	1.15576	2.33742	1.88716	2.06681	2.08613	0	0	0	0	0	0	0	0	0	0	0	0	0	0	0	0	0	0	0	0	0	0	0	0	1.09757	1.66295	0	0	1.07031	2.77962	1.40891	1.80682	1.53937	2.24098	1.58213	1.10197	2.51631	0	0	0	0	0	0	2.54424	0	0	0	0	1.62158	1.2899	2.00621	2.92056	1.29808	1.36962	2.17954	2.96846	0	0	0	2.17027	1.73955	2.73676	2.22962	1.81429	2.61154	0	0	0	0	0	2.14492	2.82311	2.33465	1.4445	1.68842	1.01603	0	0	2.62694	2.87705	2.73824	0	0	0	0	0	0	0	0	0	0	0	0	1.73384	2.67125	2.81301	2.33025	2.81585	1.29298	1.05309	2.7801	2.18502	2.20153	0	0	0	0	0	0	0	0	0	0	0	1.41274	2.44813	0	1.10818	0	2.9718	2.02885	0	0	0	0	0	0	0	0	0	0	0	0	0	2.11719	2.1452	1.35173	1.51002	2.342	2.02059	1.47764	1.39348	1.77387	0	0	0	0	0	0	0	0	0	0	0	2.12359	2.85805	0	0	2.19542	1.04192	1.96172	1.70901	2.89498	2.20815	1.13166	2.72108	2.46219	2.66214	1.37305	1.37775	2.52984	2.88356	1.46945	2.42948	0	0	0	0	1.23391	1.98654	2.78395	2.51787	1.37074	2.76546	0	0	0	0	0	1.11853	1.13867	1.40691	1.51766	2.95404	1.87857	1.97058	1.88498	0	0	0	1.5126	2.28035	1.19448	1.72916	1.98841	1.92613	1.20436	2.60409	2.8006	1.55176	0	0	0	0	0	0	0	1.92625	2.70981	1.44014	1.34549	0	0	0	0	0	0	2.11	2.279	0	1.66356	1.77037	2.24054	2.19154	0	0	0	0	0	1.0523	0	0	0	0	0	0	0	2.61132	1.50355	1.14073	2.90043	2.33222	0	0	0	0	0	0	0	0	2.79395	0	1.31237	2.90059	1.38702	0	2.17945	2.1067	2.60434	2.97253	2.93514	1.68476	2.21619	2.17352	2.75142	1.7275	1.06704	0	0	0	0	0	1.82974	2.13022	2.13465	0	0	2.36849	1.7888	2.59604	1.74133	1.40078	1.90026	2.14444	1.31773	1.14459	1.95391	1.8457	1.92171	0	2.10874	2.48457	0	0	0	0	1.25969	1.33813	1.06889	1.92957	0	0	2.23295	0	0	0	0	1.63116	2.68825	1.56553	0	0	0	0	0	0	0	0	0	0	0	0	0	0	1.32306	1.70013	1.81148	1.5937	0	0	0	0	0	0	0	0	2.16747	2.68744	0	0	0	2.94009	1.65718	1.57485	0	0	0	0	0	0	0	0	0	0	0.354605	-0.00365717	0.327381	18.1036
0	0	0	0	2.49216	0	0	0	0	0	0	0	0	0	0	1.06124	1.81721	2.01739	1.9924	1.44122	1.86476	2.5743	2.05504	1.727	1.9844	1.35624	0	2.96533	1.40084	1.50519	1.58103	2.65922	1.15965	0	2.28156	1.75835	2.98922	2.02328	2.01424	2.4294	1.96153	2.286	0	0	0	0	0	0	0	0	0	0	1.80537	1.778	0	0	0	1.48614	1.38746	2.85675	1.82518	1.97301	2.19636	1.2166	1.54789	0	0	0	0	0	0	0	0	0	0	0	0	0	0	0	0	0	0	0	0	0	0	2.3654	2.98243	2.32945	1.13589	1.35177	1.44143	0	0	0	0	1.74718	2.19881	0	0	0	2.31519	1.62049	0	0	0	0	1.09211	0	0	0	2.01003	1.24011	0	0	0	2.55291	1.58883	1.10606	1.6783	1.64965	0	0	0	0	0	0	0	0	2.63568	1.59548	2.58111	0	0	0	2.77566	1.47408	0	0	0	0	0	0	0	1.38666	2.29842	1.94889	1.67135	0	2.41561	2.92316	2.02819	2.16848	0	0	1.64901	1.63257	2.77386	2.37434	0	1.934	1.11421	2.22187	2.79192	1.78064	1.04083	1.37832	0	0	0	0	0	0	0	0	1.20557	2.94979	1.72023	2.38494	2.85235	2.40812	0	0	2.95338	2.61572	2.07137	1.93811	2.67109	2.2931	1.54279	1.38396	2.22505	2.17117	2.13984	0	0	1.21137	0	0	0	0	2.74604	1.5551	0	1.44724	2.69905	0	0	0	0	0	0	0	0	2.98415	1.58782	0	0	0	0	0	0	0	0	2.32386	0	0	0	0	2.29862	0	0	0	1.65599	1.20399	2.99014	1.7065	1.80325	2.52309	1.65984	1.6893	1.87615	1.49786	1.83742	2.84721	2.82388	2.19907	2.90283	1.36769	2.10439	2.91769	2.65838	2.37741	1.02719	0	0	0	2.05341	2.67967	1.4242	1.15474	1.76081	2.1358	2.88452	2.639	1.95648	0	0	0	0	0	0	0	0	1.39173	0	1.14291	0	0	0	2.80036	1.15576	2.33742	1.88716	2.06681	0	0	0	0	0	0	0	0	0	0	0	0	0	0	0	0	0	0	0	0	0	0	0	0	0	1.09757	0	0	0	1.07031	2.77962	1.40891	1.80682	1.53937	2.24098	1.58213	1.10197	2.51631	0	0	0	0	0	0	2.54424	0	0	0	0	1.62158	1.2899	2.00621	1.02794	1.29808	1.36962	2.17954	2.96846	0	0	0	2.17027	1.73955	2.73676	2.22962	1.81429	0	0	0	0	0	0	2.14492	2.82311	2.33465	1.4445	1.68842	1.01603	0	1.05901	2.62694	2.87705	2.73824	0	0	0	0	0	0	0	0	0	1.22979	0	0	1.73384	2.67125	2.81301	2.33025	2.81585	1.29298	1.05309	2.7801	2.18502	2.20153	1.74425	0	0	0	0	0	0	0	0	0	0	1.41274	2.44813	0	1.10818	0	2.9718	2.02885	0	0	0	0	0	0	0	0	0	0	0	0	0	2.11719	2.1452	1.35173	1.51002	2.342	2.02059	1.47764	1.39348	0	0	0	0	0	0	0	0	0	0	0	0	2.12359	0	0	0	2.19542	1.04192	1.96172	1.70901	2.89498	2.20815	1.13166	2.72108	2.46219	2.66214	2.95975	1.37775	2.52984	2.88356	1.46945	2.42948	0	0	0	0	1.23391	1.98654	2.78395	2.37054	1.37074	2.76546	0	0	0	0	0	1.11853	1.13867	1.40691	1.51766	2.95404	2.94322	1.97058	1.88498	0	0	0	1.5126	2.28035	1.19448	1.72916	1.98841	1.92613	1.20436	1.06239	2.8006	1.55176	0	0	0	0	0	0	0	1.92625	2.70981	1.44014	0	0	0	0	0	0	0	2.11	2.279	0	1.66356	1.77037	2.24054	0	0	0	0	0	0	1.0523	0	0	0	0	0	0	0	2.61132	1.50355	1.14073	2.90043	2.33222	0	0	0	0	0	0	0	0	2.79395	0	1.31237	2.90059	1.38702	0	2.17945	2.1067	2.60434	2.97253	2.93514	1.68476	1.98531	2.17352	2.75142	1.7275	1.06704	0	0	0	0	0	1.82974	2.13022	2.13465	0	0	2.36849	1.7888	2.59604	1.74133	1.40078	1.90026	2.14444	1.31773	1.14459	1.95391	1.8457	0	0	2.10874	2.48457	0	0	0	0	1.25969	1.33813	1.06889	1.92957	0	2.78004	2.23295	0	0	0	0	1.63116	2.68825	1.56553	0	0	0	0	2.93155	0	0	0	0	0	0	0	0	0	1.32306	1.70013	1.81148	0	0	0	0	0	0	0	0	0	2.16747	2.68744	0	0	1.55882	2.94009	1.65718	1.57485	0	0	0	0	0	0	0	0	0	0.464723	-0.0349259	0.333333	17.0237
0	0	0	0	0	2.49216	0	0	0	0	0	0	0	0	0	0	1.06124	1.81721	2.01739	1.9924	1.44122	1.86476	2.5743	2.05504	1.727	1.9844	0	0	2.96533	1.40084	1.50519	1.58103	2.65922	1.15965	0	2.28156	1.75835	2.98922	2.02328	1.10634	2.4294	1.96153	2.286	0	0	0	0	0	0	0	0	0	2.46279	1.80537	1.778	0	0	0	1.48614	1.38746	2.85675	1.82518	1.97301	2.19636	1.2166	1.74971	0	0	0	0	0	0	0	0	0	0	0	0	0	0	0	0	0	0	0	0	0	0	2.3654	2.98243	2.32945	2.77765	1.35177	1.44143	0	0	0	0	1.74718	2.19881	0	0	0	2.31519	0	0	0	0	0	1.09211	0	0	0	2.01003	1.24011	0	0	1.87874	2.55291	1.58883	1.10606	1.6783	1.64965	0	0	0	0	0	0	0	2.30168	2.63568	1.59548	2.58111	0	0	0	2.77566	1.47408	0	0	0	0	0	0	0	1.38666	2.29842	1.94889	1.67135	0	2.41561	2.92316	2.02819	2.16848	0	2.18173	1.64901	1.63257	2.77386	2.37434	0	1.934	1.11421	2.22187	2.79192	1.78064	1.04083	1.37832	0	0	0	0	0	0	0	0	1.20557	2.94979	1.72023	2.38494	2.85235	0	0	0	2.95338	2.61572	2.07137	1.93811	2.67109	2.2931	1.54279	1.38396	2.22505	2.17117	0	0	0	1.21137	0	0	0	0	2.74604	1.5551	0	1.44724	2.69905	0	0	0	0	0	0	0	0	2.98415	1.58782	0	0	0	0	0	0	0	0	2.32386	0	0	0	0	2.29862	0	0	0	1.65599	1.20399	2.99014	1.7065	1.80325	2.52309	1.65984	1.6893	1.87615	1.49786	1.83742	2.84721	0	2.19907	2.90283	1.36769	2.10439	2.91769	2.65838	2.37741	1.02719	0	0	0	2.05341	0	1.4242	1.15474	1.76081	2.1358	2.88452	2.639	1.95648	0	0	0	0	0	0	0	0	1.39173	0	1.14291	0	0	0	2.80036	1.15576	2.33742	1.88716	0	0	0	0	0	0	0	0	0	0	0	0	0	0	0	0	0	0	0	0	0	0	0	0	0	0	0	0	0	0	1.07031	2.77962	1.40891	1.80682	1.53937	2.24098	1.58213	1.10197	2.51631	1.68727	0	0	0	0	0	2.54424	0	0	0	0	1.62158	1.2899	2.09208	1.02794	1.29808	1.36962	2.17954	2.96846	0	0	0	2.17027	1.73955	2.73676	2.22962	0	0	0	0	0	0	0	2.14492	2.82311	2.33465	1.4445	1.68842	1.01603	1.3057	1.05901	2.62694	2.87705	2.73824	0	0	0	0	0	0	0	0	1.97723	1.22979	0	0	1.73384	2.67125	2.81301	2.33025	2.81585	1.29298	1.05309	2.7801	2.18502	2.63388	1.74425	0	0	0	0	0	0	0	0	0	0	1.41274	0	0	1.10818	0	2.9718	2.02885	0	0	0	0	0	0	0	0	0	0	0	0	0	2.11719	2.1452	1.35173	1.51002	2.342	2.02059	1.47764	0	0	0	0	0	0	0	0	0	0	0	0	0	0	0	0	0	2.19542	1.04192	1.96172	1.70901	2.89498	2.20815	1.13166	2.72108	2.46219	2.02888	2.95975	1.37775	2.52984	2.88356	1.46945	2.42948	0	0	0	0	1.23391	1.98654	2.5896	2.37054	1.37074	2.76546	0	0	0	0	0	1.11853	1.13867	1.40691	1.51766	1.33784	2.94322	1.97058	1.88498	0	0	0	1.5126	2.28035	1.19448	1.72916	1.98841	1.92613	0	1.06239	2.8006	1.55176	0	0	0	0	0	0	0	1.92625	2.70981	1.22878	0	0	0	0	0	0	0	2.11	2.279	0	1.66356	1.77037	0	0	0	0	0	0	0	1.0523	0	0	0	0	0	0	0	2.61132	1.50355	1.14073	2.90043	2.33222	0	0	0	0	0	0	0	0	2.79395	0	1.31237	2.90059	1.38702	0	2.17945	2.1067	2.60434	2.97253	2.93514	0	1.98531	2.17352	2.75142	1.7275	1.06704	0	0	0	0	0	1.82974	2.13022	0	0	0	2.36849	1.7888	2.59604	1.74133	1.40078	1.90026	2.14444	1.31773	1.14459	1.95391	0	0	0	2.10874	2.48457	0	0	0	0	1.25969	1.33813	1.06889	1.92957	0	2.78004	2.23295	0	0	0	0	1.63116	2.68825	1.56553	0	0	0	1.31143	2.93155	0	0	0	0	0	0	0	0	0	1.32306	1.70013	2.76828	0	0	0	0	0	0	0	0	0	2.16747	2.68744	0	0	1.55882	2.94009	1.65718	1.57485	0	0	0	0	0	0	0	0	0.568065	-0.119335	0.339286	16.4908
0	0	0	0	0	0	2.49216	0	0	0	0	0	0	0	0	0	0	1.06124	1.81721	2.01739	1.9924	1.44122	1.86476	2.5743	2.05504	1.727	0	0	0	2.96533	1.40084	1.50519	1.58103	2.65922	1.15965	0	2.28156	1.75835	2.98922	1.5336	1.10634	2.4294	1.96153	2.286	0	0	0	0	0	0	0	0	1.46494	2.46279	1.80537	1.778	0	0	0	1.48614	1.38746	2.85675	1.82518	1.97301	2.19636	2.39338	1.74971	0	0	0	0	0	0	0	0	0	0	0	2.30832	0	0	0	0	0	0	0	0	0	0	2.3654	2.98243	2.7172	2.77765	1.35177	1.44143	0	0	0	0	1.74718	2.19881	0	0	0	0	0	0	0	0	0	1.09211	0	0	0	2.01003	1.24011	0	1.32569	1.87874	2.55291	1.58883	1.10606	1.6783	1.64965	0	0	0	0	0	0	1.76379	2.30168	2.63568	1.59548	2.58111	0	0	0	2.77566	1.47408	0	0	0	0	0	0	0	1.38666	2.29842	1.94889	1.67135	0	2.41561	2.92316	2.02819	2.16848	1.23396	2.18173	1.64901	1.63257	2.77386	2.37434	0	1.934	1.11421	2.22187	2.79192	1.78064	1.04083	2.68308	0	0	0	0	0	0	0	0	1.20557	2.94979	1.72023	2.38494	0	0	0	0	2.95338	2.61572	2.07137	1.93811	2.67109	2.2931	1.54279	1.38396	2.22505	0	0	0	0	1.21137	0	0	0	0	2.74604	1.5551	0	1.44724	0	0	0	0	0	0	0	0	0	2.98415	1.58782	0	0	0	0	0	0	0	0	2.32386	0	0	0	0	2.29862	0	0	0	1.65599	1.20399	2.99014	1.7065	1.80325	2.52309	1.65984	1.6893	1.87615	1.49786	1.83742	0	0	2.19907	2.90283	1.36769	2.10439	2.91769	2.65838	2.37741	1.02719	0	0	0	1.0169	0	1.4242	1.15474	1.76081	2.1358	2.88452	2.639	1.95648	0	0	0	0	0	0	0	0	1.39173	0	1.14291	0	0	0	2.80036	1.15576	2.33742	0	0	0	0	0	0	0	0	0	0	0	0	0	1.96535	0	0	0	0	0	0	0	0	0	0	0	0	0	0	0	0	0	1.07031	2.77962	1.40891	1.80682	1.53937	2.24098	1.58213	1.10197	2.73738	1.68727	0	0	0	0	0	2.54424	0	0	0	0	1.62158	2.98315	2.09208	1.02794	1.29808	1.36962	2.17954	2.96846	0	0	0	2.17027	1.73955	2.73676	0	0	0	0	0	0	0	0	2.14492	2.82311	2.33465	1.4445	1.68842	2.67843	1.3057	1.05901	2.62694	2.87705	2.73824	0	0	0	0	0	0	0	2.88736	1.97723	1.22979	0	0	1.73384	2.67125	2.81301	2.33025	2.81585	1.29298	1.05309	2.7801	1.12091	2.63388	1.74425	0	0	0	0	0	0	0	0	0	0	0	0	0	1.10818	0	2.9718	2.02885	0	0	0	0	0	0	1.06706	0	0	0	0	0	0	2.11719	2.1452	1.35173	1.51002	2.342	2.02059	0	0	0	0	0	0	0	0	0	0	0	0	0	0	0	0	0	0	2.19542	1.04192	1.96172	1.70901	2.89498	2.20815	1.13166	2.72108	1.23097	2.02888	2.95975	1.37775	2.52984	2.88356	1.46945	2.42948	0	0	0	0	1.23391	1.81339	2.5896	2.37054	1.37074	2.76546	0	0	0	0	0	1.11853	1.13867	1.40691	2.19724	1.33784	2.94322	1.97058	1.88498	0	0	0	1.5126	2.28035	1.19448	1.72916	1.98841	2.58785	0	1.06239	2.8006	1.55176	0	0	0	0	0	0	0	1.92625	2.18905	1.22878	0	0	0	0	0	0	0	2.11	2.279	0	1.66356	0	0	0	0	0	0	0	0	1.0523	0	0	0	0	0	0	0	2.61132	1.50355	1.14073	2.90043	2.33222	0	0	0	0	0	2.97805	0	0	2.79395	0	1.31237	2.90059	1.38702	0	2.17945	2.1067	2.60434	2.97253	0	0	1.98531	2.17352	2.75142	1.7275	1.06704	0	0	0	0	0	1.82974	1.34321	0	0	0	2.36849	1.7888	2.59604	1.74133	1.40078	1.90026	2.14444	1.31773	1.14459	2.40743	0	0	0	2.10874	2.48457	0	0	0	0	1.25969	1.33813	1.06889	0	0	2.78004	2.23295	0	0	0	0	1.63116	2.68825	1.56553	0	0	2.17166	1.31143	2.93155	0	0	0	0	0	0	0	0	0	1.32306	0	2.76828	0	0	0	0	0	0	0	0	0	2.16747	2.68744	0	0	1.55882	2.94009	1.65718	1.57485	0	0	0	0	0	0	0	0.663123	-0.0616517	0.345238	17.7874
0	0	0	0	0	0	0	2.49216	0	0	0	0	0	0	0	0	0	0	1.06124	1.81721	2.01739	1.9924	1.44122	1.86476	2.5743	2.05504	0	0	0	0	2.96533	1.40084	1.50519	1.58103	2.65922	1.15965	0	2.28156	1.75835	1.48582	1.5336	1.10634	2.4294	1.96153	2.286	0	0	0	0	0	0	0	1.20561	1.46494	2.46279	1.80537	1.778	0	0	0	1.48614	1.38746	2.85675	1.82518	1.97301	2.81521	2.39338	1.74971	0	0	0	0	0	0	0	0	0	0	2.11232	2.30832	0	0	0	0	0	0	0	0	0	0	2.3654	2.4545	2.7172	2.77765	1.35177	1.44143	0	0	0	0	1.74718	2.19881	0	0	2.18279	0	0	0	0	0	0	1.09211	0	0	0	2.01003	1.24011	0	1.32569	1.87874	2.55291	1.58883	1.10606	1.6783	1.64965	0	0	0	0	0	1.71722	1.76379	2.30168	2.63568	1.59548	2.58111	0	0	0	2.77566	1.47408	0	0	0	0	0	0	0	1.38666	2.29842	1.94889	1.67135	0	2.41561	2.92316	2.02819	1.04283	1.23396	2.18173	1.64901	1.63257	2.77386	2.37434	0	1.934	1.11421	2.22187	2.79192	1.78064	2.09642	2.68308	0	0	0	0	0	0	0	0	1.20557	2.94979	1.72023	0	0	0	0	0	2.95338	2.61572	2.07137	1.93811	2.67109	2.2931	1.54279	1.38396	0	0	0	0	0	1.21137	0	0	0	0	2.74604	1.5551	0	0	0	0	0	0	0	0	0	0	0	2.98415	1.58782	0	0	0	0	0	0	0	0	2.32386	0	0	0	0	2.29862	0	0	0	1.65599	1.20399	2.99014	1.7065	1.80325	2.52309	1.65984	1.6893	1.87615	1.49786	0	0	0	2.19907	2.90283	1.36769	2.10439	2.91769	2.65838	2.37741	1.02719	0	0	1.72431	1.0169	0	1.4242	1.15474	1.76081	2.1358	2.88452	2.639	1.95648	0	0	0	0	0	0	0	0	1.39173	0	1.14291	0	0	0	2.80036	1.15576	1.64572	0	0	0	0	0	0	0	0	0	0	0	0	0	1.96535	0	0	0	0	0	0	0	0	0	0	0	0	0	0	0	0	0	1.07031	2.77962	1.40891	1.80682	1.53937	2.24098	1.58213	1.65254	2.73738	1.68727	0	0	0	0	0	2.54424	0	0	0	0	1.98927	2.98315	2.09208	1.02794	1.29808	1.36962	2.17954	2.96846	0	0	0	2.17027	1.73955	0	0	0	0	0	0	0	0	0	2.14492	2.82311	2.33465	1.4445	1.94136	2.67843	1.3057	1.05901	2.62694	2.87705	2.73824	0	0	0	0	0	0	0	2.88736	1.97723	1.22979	0	0	1.73384	2.67125	2.81301	2.33025	2.81585	1.29298	1.05309	2.95996	1.12091	2.63388	1.74425	0	0	0	0	0	0	0	0	0	0	0	0	0	1.10818	0	2.9718	2.02885	0	0	0	0	0	0	1.06706	0	0	0	0	0	0	2.11719	2.1452	1.35173	1.51002	2.342	1.82581	0	0	0	0	0	0	0	0	0	0	0	0	0	0	0	0	0	0	2.19542	1.04192	1.96172	1.70901	2.89498	2.20815	1.13166	1.2758	1.23097	2.02888	2.95975	1.37775	2.52984	2.88356	1.46945	2.42948	0	0	0	0	1.5624	1.81339	2.5896	2.37054	1.37074	2.76546	0	0	0	0	0	1.11853	1.13867	1.35288	2.19724	1.33784	2.94322	1.97058	1.88498	0	0	0	1.5126	2.28035	1.19448	1.72916	2.57211	2.58785	0	1.06239	2.8006	1.55176	0	0	0	0	0	0	0	2.96023	2.18905	1.22878	0	0	0	0	0	0	0	2.11	2.279	0	0	0	0	0	0	0	0	0	0	1.0523	0	0	0	0	0	0	0	2.61132	1.50355	1.14073	2.90043	2.33222	0	0	0	0	0	2.97805	0	0	2.79395	0	1.31237	2.90059	1.38702	0	2.17945	2.1067	2.60434	0	0	0	1.98531	2.17352	2.75142	1.7275	1.06704	0	0	0	0	0	2.09717	1.34321	0	0	0	2.36849	1.7888	2.59604	1.74133	1.40078	1.90026	2.14444	1.31773	1.49923	2.40743	0	0	0	2.10874	2.48457	0	0	0	0	1.25969	1.33813	0	0	0	2.78004	2.23295	0	0	0	0	1.63116	2.68825	1.56553	0	2.33877	2.17166	1.31143	2.93155	0	0	0	0	0	0	0	0	0	2.05023	0	2.76828	0	0	0	0	0	0	0	0	0	2.16747	0	0	0	1.55882	2.94009	1.65718	1.57485	0	0	0	0	0	0	0.748511	-0.0427854	0.35119	17.8305
0	0	0	0	0	0	0	0	2.49216	0	0	0	0	0	0	0	0	0	0	1.06124	1.81721	2.01739	1.9924	1.44122	1.86476	2.5743	1.50212	0	0	0	0	2.96533	1.40084	1.50519	1.58103	2.65922	1.15965	0	2.28156	0	1.48582	1.5336	1.10634	2.4294	1.96153	2.286	0	0	0	0	0	0	2.53641	1.20561	1.46494	2.46279	1.80537	1.778	0	0	0	1.48614	1.38746	2.85675	1.82518	1.73807	2.81521	2.39338	1.74971	0	0	0	0	0	0	0	0	0	2.59285	2.11232	2.30832	0	0	0	0	0	0	0	0	0	0	1.50577	2.4545	2.7172	2.77765	1.35177	1.44143	0	0	0	0	1.74718	2.19881	0	2.87426	2.18279	0	0	0	0	0	0	1.09211	0	0	0	2.01003	1.24229	0	1.32569	1.87874	2.55291	1.58883	1.10606	1.6783	1.64965	0	0	0	0	2.7599	1.71722	1.76379	2.30168	2.63568	1.59548	2.58111	0	0	0	2.77566	1.47408	0	0	0	0	0	0	0	1.38666	2.29842	1.94889	1.67135	0	2.41561	2.92316	2.13157	1.04283	1.23396	2.18173	1.64901	1.63257	2.77386	2.37434	0	1.934	1.11421	2.22187	2.79192	2.18078	2.09642	2.68308	0	0	0	0	0	0	0	0	1.20557	2.94979	0	0	0	0	0	0	2.95338	2.61572	2.07137	1.93811	2.67109	2.2931	1.54279	0	0	0	0	0	0	1.21137	0	0	0	0	2.74604	1.5551	0	0	0	0	0	0	0	0	0	0	0	2.98415	1.58782	0	0	0	0	0	0	0	0	2.32386	0	0	0	0	0	0	0	0	1.65599	1.20399	2.99014	1.7065	1.80325	2.52309	1.65984	1.6893	1.87615	0	0	0	0	2.19907	2.90283	1.36769	2.10439	2.91769	2.65838	2.37741	1.02719	0	1.24836	1.72431	1.0169	0	1.4242	1.15474	1.76081	2.1358	2.88452	2.639	1.95648	0	0	0	0	0	0	0	0	1.39173	0	1.14291	0	0	0	2.80036	0	1.64572	0	0	0	0	0	0	0	0	0	0	0	0	0	1.96535	0	0	0	0	0	0	0	0	0	0	0	0	0	0	0	0	0	1.07031	2.77962	1.40891	1.80682	1.53937	2.24098	1.62985	1.65254	2.73738	1.68727	0	0	0	0	0	2.54424	0	0	0	1.82488	1.98927	2.98315	2.09208	1.02794	1.29808	1.36962	2.17954	2.96846	0	0	0	2.17027	0	0	0	0	0	0	0	0	0	0	2.14492	2.82311	2.33465	2.02471	1.94136	2.67843	1.3057	1.05901	2.62694	2.87705	2.73824	0	0	0	0	0	0	0	2.88736	1.97723	1.22979	0	0	1.73384	2.67125	2.81301	2.33025	2.81585	1.29298	2.97478	2.95996	1.12091	2.63388	1.74425	0	0	0	0	0	0	0	0	0	0	0	0	0	1.10818	0	2.9718	2.02885	0	0	0	0	0	0	1.06706	0	0	0	0	0	0	2.11719	2.1452	1.35173	1.51002	2.61476	1.82581	0	0	0	0	0	0	0	0	0	0	0	0	0	0	0	0	0	0	2.19542	1.04192	1.96172	1.70901	2.89498	2.20815	1.38121	1.2758	1.23097	2.02888	2.95975	1.37775	2.52984	2.88356	1.46945	2.42948	0	0	0	1.07339	1.5624	1.81339	2.5896	2.37054	1.37074	2.76546	0	0	0	0	0	1.11853	0	1.35288	2.19724	1.33784	2.94322	1.97058	1.88498	0	0	0	1.5126	2.28035	1.19448	2.16884	2.57211	2.58785	0	1.06239	2.8006	1.55176	0	0	0	0	0	0	1.2557	2.96023	2.18905	1.22878	0	0	0	0	0	0	0	2.11	2.279	0	0	0	0	0	0	0	0	0	0	1.0523	0	0	0	0	0	0	0	2.61132	1.50355	1.14073	2.90043	2.33222	0	0	0	0	0	2.97805	0	0	2.79395	0	1.31237	2.90059	1.38702	0	2.17945	2.1067	0	0	0	0	1.98531	2.17352	2.75142	1.7275	1.06704	0	0	0	0	2.22229	2.09717	1.34321	0	0	0	2.36849	1.7888	2.59604	1.74133	1.40078	1.90026	2.14444	1.46012	1.49923	2.40743	0	0	0	2.10874	2.48457	0	0	0	0	1.25969	1.45102	0	0	0	2.78004	2.23295	0	0	0	0	1.63116	2.68825	1.56553	2.4035	2.33877	2.17166	1.31143	2.93155	0	0	0	0	0	0	0	0	2.47957	2.05023	0	2.76828	0	0	0	0	0	0	0	0	0	0	0	0	0	1.55882	2.94009	1.65718	1.57485	0	0	0	0	0	0.822984	0.0272608	0.357143	18.3784
0	0	0	0	0	0	0	0	0	2.49216	0	0	0	0	0	0	0	0	0	0	1.06124	1.81721	2.01739	1.9924	1.44122	1.86476	0	1.50212	0	0	0	0	2.96533	1.40084	1.50519	1.58103	2.65922	1.15965	0	0	0	1.48582	1.5336	1.10634	2.4294	1.96153	2.286	0	0	0	0	0	1.50857	2.53641	1.20561	1.46494	2.46279	1.80537	1.778	0	0	0	1.48614	1.38746	2.85675	0	1.73807	2.81521	2.39338	1.74971	0	0	0	0	0	0	0	0	2.92745	2.59285	2.11232	2.30832	0	0	0	0	0	0	0	0	0	1.93213	1.50577	2.4545	2.7172	2.77765	1.35177	1.44143	0	0	0	0	1.74718	2.19881	2.80731	2.87426	2.18279	0	0	0	0	0	0	1.09211	0	0	0	1.56954	1.24229	0	1.32569	1.87874	2.55291	1.58883	1.10606	1.6783	1.64965	0	0	0	0	2.7599	1.71722	1.76379	2.30168	2.63568	1.59548	2.58111	0	0	0	2.77566	1.47408	0	0	0	0	0	0	0	1.38666	2.29842	1.94889	1.67135	0	2.41561	2.5202	2.13157	1.04283	1.23396	2.18173	1.64901	1.63257	2.77386	2.37434	0	1.934	1.11421	2.22187	2.20776	2.18078	2.09642	2.68308	0	0	0	0	0	0	0	0	1.20557	0	0	0	0	0	0	0	2.95338	2.61572	2.07137	1.93811	2.67109	2.2931	0	0	0	0	0	0	0	1.21137	0	0	0	0	2.74604	2.52565	0	0	0	0	0	0	0	0	0	0	0	2.98415	0	0	0	0	0	0	0	0	0	2.32386	0	0	0	0	0	0	0	0	1.65599	1.20399	2.99014	1.7065	1.80325	2.52309	1.65984	1.6893	0	0	0	0	0	2.19907	2.90283	1.36769	2.10439	2.91769	2.65838	2.37741	1.02719	2.00071	1.24836	1.72431	1.0169	0	1.4242	1.15474	1.76081	2.1358	2.88452	2.639	1.95648	0	0	0	0	0	0	0	0	1.39173	0	1.14291	0	0	0	1.97278	0	1.64572	0	0	0	0	0	0	0	0	0	0	0	0	0	1.96535	0	0	0	0	0	0	0	0	0	0	0	0	0	0	0	0	0	1.07031	2.77962	1.40891	1.80682	1.53937	1.1574	1.62985	1.65254	2.73738	1.68727	0	0	0	0	0	2.54424	0	0	2.98289	1.82488	1.98927	2.98315	2.09208	1.02794	1.29808	1.36962	2.17954	2.96846	0	0	0	2.98373	0	0	0	0	0	0	0	0	0	0	2.14492	2.82311	1.61485	2.02471	1.94136	2.67843	1.3057	1.05901	2.62694	2.87705	2.73824	0	0	0	0	0	0	0	2.88736	1.97723	1.22979	0	0	1.73384	2.67125	2.81301	2.33025	2.81585	2.70005	2.97478	2.95996	1.12091	2.63388	1.74425	0	0	0	0	0	0	0	0	0	0	0	0	0	1.10818	0	2.9718	2.02885	0	0	0	0	0	0	1.06706	0	0	0	0	0	0	2.11719	2.1452	1.35173	1.3017	2.61476	1.82581	0	0	0	0	0	0	0	0	0	0	0	0	0	0	0	0	0	0	2.19542	1.04192	1.96172	1.70901	2.89498	0	1.38121	1.2758	1.23097	2.02888	2.95975	1.37775	2.52984	2.88356	1.46945	2.42948	0	0	2.45235	1.07339	1.5624	1.81339	2.5896	2.37054	1.37074	2.76546	0	0	0	0	0	0	0	1.35288	2.19724	1.33784	2.94322	1.97058	1.88498	0	0	0	1.5126	2.28035	0	2.16884	2.57211	2.58785	0	1.06239	2.8006	1.55176	0	0	0	0	0	2.58677	1.2557	2.96023	2.18905	1.22878	0	0	0	0	0	0	0	2.11	2.39699	0	0	0	0	0	0	0	0	0	0	1.0523	0	0	0	0	0	0	0	2.61132	1.50355	1.14073	2.90043	2.33222	0	0	0	0	0	2.97805	0	0	2.79395	0	1.31237	2.90059	1.38702	0	2.17945	0	0	0	0	0	1.98531	2.17352	2.75142	1.7275	1.06704	0	0	0	2.498	2.22229	2.09717	1.34321	0	0	0	2.36849	1.7888	2.59604	1.74133	1.40078	1.90026	1.45829	1.46012	1.49923	2.40743	0	0	0	2.10874	2.48457	0	0	0	0	1.12016	1.45102	0	0	0	2.78004	2.23295	0	0	0	0	1.63116	2.68825	1.68703	2.4035	2.33877	2.17166	1.31143	2.93155	0	0	0	0	0	0	0	1.69319	2.47957	2.05023	0	2.76828	0	0	0	0	0	0	0	0	1.73381	0	0	0	0	1.55882	2.94009	1.65718	1.57485	0	0	0	0	0.885456	0.0947886	0.363095	18.2308
0	0	0	0	0	0	0	0	0	0	2.49216	0	0	0	0	0	0	0	0	0	0	1.06124	1.81721	2.01739	1.9924	1.44122	0	0	1.50212	0	0	0	0	2.96533	1.40084	1.50519	1.58103	2.65922	1.15965	1.15732	0	0	1.48582	1.5336	1.10634	2.4294	1.96153	2.286	0	0	0	0	1.21646	1.50857	2.53641	1.20561	1.46494	2.46279	1.80537	1.778	0	0	0	1.48614	1.38746	0	0	1.73807	2.81521	2.39338	1.74971	0	0	0	0	0	0	0	0	2.92745	2.59285	2.11232	2.30832	0	0	0	0	0	0	0	0	2.12864	1.93213	1.50577	2.4545	2.7172	2.77765	1.35177	1.44143	0	0	0	0	1.74718	0	2.80731	2.87426	2.18279	0	0	0	0	0	0	1.09211	0	0	0	1.56954	1.24229	0	1.32569	1.87874	2.55291	1.58883	1.10606	1.6783	1.64965	0	0	0	0	2.7599	1.71722	1.76379	2.30168	2.63568	1.59548	2.58111	0	0	0	2.77566	0	0	0	0	0	0	0	0	1.38666	2.29842	1.94889	1.67135	0	1.5967	2.5202	2.13157	1.04283	1.23396	2.18173	1.64901	1.63257	2.77386	2.37434	0	1.934	1.11421	2.18607	2.20776	2.18078	2.09642	2.68308	0	0	0	0	0	0	0	0	0	0	0	0	0	0	0	0	2.95338	2.61572	2.07137	1.93811	2.67109	0	0	0	0	0	0	0	0	1.21137	0	0	0	0	2.16961	2.52565	0	0	0	0	0	0	0	0	0	0	0	0	0	0	0	0	0	0	0	0	0	2.32386	0	0	2.60112	0	0	0	0	0	1.65599	1.20399	2.99014	1.7065	1.80325	2.52309	1.65984	0	0	0	0	0	0	2.19907	2.90283	1.36769	2.10439	2.91769	2.65838	2.37741	1.87282	2.00071	1.24836	1.72431	1.0169	0	1.4242	1.15474	1.76081	2.1358	2.88452	2.639	1.95648	0	0	0	0	0	0	0	0	1.39173	0	1.14291	0	0	2.62408	1.97278	0	1.64572	0	0	0	0	0	0	0	0	0	0	0	0	0	1.96535	0	0	0	0	0	0	0	0	0	0	0	0	0	0	0	0	0	1.07031	2.77962	1.40891	1.80682	1.67619	1.1574	1.62985	1.65254	2.73738	1.68727	0	0	0	0	0	2.54424	0	1.74372	2.98289	1.82488	1.98927	2.98315	2.09208	1.02794	1.29808	1.36962	2.17954	2.96846	0	0	1.3828	2.98373	0	0	0	0	0	0	0	0	0	0	2.14492	1.96331	1.61485	2.02471	1.94136	2.67843	1.3057	1.05901	2.62694	2.87705	2.73824	0	0	0	0	0	0	0	2.88736	1.97723	1.22979	0	0	1.73384	2.67125	2.81301	2.33025	1.61217	2.70005	2.97478	2.95996	1.12091	2.63388	1.74425	0	0	0	0	0	0	0	0	0	0	0	0	0	1.10818	0	2.9718	2.02885	0	0	0	0	0	0	1.06706	0	0	0	0	0	0	2.11719	2.1452	2.01209	1.3017	2.61476	1.82581	0	0	0	0	0	0	0	0	0	2.85937	0	0	0	0	0	0	0	0	2.19542	1.04192	1.96172	1.70901	0	0	1.38121	1.2758	1.23097	2.02888	2.95975	1.37775	2.52984	2.88356	1.46945	2.42948	0	1.8084	2.45235	1.07339	1.5624	1.81339	2.5896	2.37054	1.37074	2.76546	0	0	0	0	0	0	0	1.35288	2.19724	1.33784	2.94322	1.97058	1.88498	0	0	0	1.5126	0	0	2.16884	2.57211	2.58785	0	1.06239	2.8006	1.55176	0	0	0	0	1.61967	2.58677	1.2557	2.96023	2.18905	1.22878	0	0	0	0	0	0	0	0	2.39699	0	0	0	0	0	0	0	0	0	0	1.0523	2.01771	0	0	0	0	0	0	2.61132	1.50355	1.14073	2.90043	2.33222	0	2.93941	0	0	0	2.97805	0	0	2.79395	0	1.31237	2.90059	1.38702	0	0	0	0	0	0	0	1.98531	2.17352	2.75142	1.7275	1.06704	0	0	2.59819	2.498	2.22229	2.09717	1.34321	0	0	0	2.36849	1.7888	2.59604	1.74133	1.40078	2.78311	1.45829	1.46012	1.49923	2.40743	0	0	0	2.10874	2.48457	0	0	0	2.70087	1.12016	1.45102	0	0	0	2.78004	2.23295	0	0	0	0	1.63116	2.24552	1.68703	2.4035	2.33877	2.17166	1.31143	2.93155	0	0	0	0	0	0	0	1.69319	2.47957	2.05023	0	2.76828	0	0	0	0	0	0	0	2.05481	1.73381	0	0	0	0	1.55882	2.94009	1.65718	1.57485	0	0	0	0.935016	0.181766	0.369048	17.5882
0	0	0	0	0	0	0	0	0	0	0	2.49216	0	0	0	0	0	0	0	0	0	0	1.06124	1.81721	2.01739	1.9924	0	0	0	1.50212	0	0	0	0	2.96533	1.40084	1.50519	1.58103	2.65922	1.90412	1.15732	0	0	1.48582	1.5336	1.10634	2.4294	1.96153	2.286	0	0	0	1.65625	1.21646	1.50857	2.53641	1.20561	1.46494	2.46279	1.80537	1.778	0	0	0	1.48614	0	0	0	1.73807	2.81521	2.39338	1.74971	0	0	0	0	0	0	1.9726	0	2.92745	2.59285	2.11232	2.30832	0	0	0	0	0	0	0	0	2.12864	1.93213	1.50577	2.4545	2.7172	2.77765	1.35177	1.44143	0	0	0	0	0	0	2.80731	2.87426	2.18279	0	0	0	0	0	0	1.09211	0	0	0	1.56954	1.24229	0	1.32569	1.87874	2.55291	1.58883	1.10606	1.6783	1.64965	0	0	0	0	2.7599	1.71722	1.76379	2.30168	2.63568	1.59548	2.58111	0	0	0	0	0	0	0	0	0	0	0	0	1.38666	2.29842	1.94889	1.67135	0	1.5967	2.5202	2.13157	1.04283	1.23396	2.18173	1.64901	1.63257	2.77386	2.37434	0	1.934	1.40823	2.18607	2.20776	2.18078	2.09642	2.68308	0	0	0	0	0	0	0	0	0	0	0	0	0	0	0	0	2.95338	2.61572	2.07137	1.93811	0	0	0	0	0	0	0	0	0	1.21137	0	0	0	0	2.16961	2.52565	0	0	0	0	0	0	0	0	0	0	0	0	0	0	0	0	0	0	0	0	0	2.32386	0	0	2.60112	0	0	0	0	0	1.65599	1.20399	2.99014	1.7065	1.80325	2.52309	0	0	0	0	0	0	0	2.19907	2.90283	1.36769	2.10439	2.91769	2.65838	0	1.87282	2.00071	1.24836	1.72431	1.0169	0	1.4242	1.15474	1.76081	2.1358	2.88452	2.639	0	0	0	0	0	0	0	0	0	1.39173	0	1.14291	0	1.18747	2.62408	1.97278	0	1.64572	0	0	0	0	0	0	0	0	0	0	0	0	0	1.96535	0	0	0	0	0	0	0	0	0	0	0	0	0	0	0	0	0	1.07031	2.77962	1.40891	1.72693	1.67619	1.1574	1.62985	1.65254	2.73738	1.68727	0	0	0	0	0	2.54424	2.9094	1.74372	2.98289	1.82488	1.98927	2.98315	2.09208	1.02794	1.29808	1.36962	2.17954	2.96846	0	2.20678	1.3828	2.98373	0	0	0	0	0	0	0	0	0	0	0	1.96331	1.61485	2.02471	1.94136	2.67843	1.3057	1.05901	2.62694	2.87705	2.73824	0	0	0	0	0	0	0	2.88736	1.97723	1.22979	0	0	1.73384	2.67125	2.81301	0	1.61217	2.70005	2.97478	2.95996	1.12091	2.63388	1.74425	0	0	0	0	0	0	0	0	0	0	0	0	0	1.10818	0	2.9718	2.02885	0	0	0	0	0	0	1.06706	0	0	0	0	0	0	2.11719	1.26589	2.01209	1.3017	2.61476	1.82581	0	0	0	0	0	0	0	0	1.52905	2.85937	0	0	0	0	0	0	0	0	2.19542	1.04192	1.96172	0	0	0	1.38121	1.2758	1.23097	2.02888	2.95975	1.37775	2.52984	2.88356	1.46945	2.42948	2.99242	1.8084	2.45235	1.07339	1.5624	1.81339	2.5896	2.37054	1.37074	2.76546	0	0	0	0	0	0	0	1.35288	2.19724	1.33784	2.94322	1.97058	1.88498	0	0	0	0	0	0	2.16884	2.57211	2.58785	0	1.06239	2.8006	1.55176	0	0	0	2.82592	1.61967	2.58677	1.2557	2.96023	2.18905	1.22878	0	0	0	0	0	0	0	0	2.39699	0	0	0	0	0	0	0	0	0	0	2.58444	2.01771	0	0	0	0	0	0	2.61132	1.50355	1.14073	2.90043	2.33222	1.95423	2.93941	0	0	0	2.97805	0	0	2.79395	0	1.31237	2.90059	1.38702	1.7471	0	0	0	0	0	0	1.98531	2.17352	2.75142	1.7275	1.06704	0	0	2.59819	2.498	2.22229	2.09717	1.34321	0	0	0	2.36849	1.7888	2.59604	1.74133	2.38305	2.78311	1.45829	1.46012	1.49923	2.40743	0	0	0	2.10874	2.48457	0	0	1.07571	2.70087	1.12016	1.45102	0	0	0	2.78004	2.23295	0	0	0	0	2.86789	2.24552	1.68703	2.4035	2.33877	2.17166	1.31143	2.93155	0	0	0	0	0	0	0	1.69319	2.47957	2.05023	0	2.76828	0	0	0	0	0	0	2.18787	2.05481	1.73381	0	0	0	0	1.55882	2.94009	1.65718	1.57485	0	0	0.970942	0.110911	0.375	16.4455
0	0	0	0	0	0	0	0	0	0	0	0	2.49216	0	0	0	0	0	0	0	0	0	0	1.06124	1.81721	2.01739	0	0	0	0	1.50212	0	0	0	0	2.96533	1.40084	1.50519	1.58103	2.38419	1.90412	1.15732	0	0	1.48582	1.5336	1.10634	2.4294	1.96153	2.286	0	0	0	1.65625	1.21646	1.50857	2.53641	1.20561	1.46494	2.46279	1.80537	1.778	0	0	0	1.1431	0	0	0	1.73807	2.81521	2.39338	1.74971	0	0	0	0	0	2.19093	1.9726	0	2.92745	2.59285	2.11232	2.30832	0	0	0	0	0	0	1.34725	0	2.12864	1.93213	1.50577	2.4545	2.7172	2.77765	1.35177	1.44143	0	0	0	0	0	0	2.80731	2.87426	2.18279	0	0	0	0	0	0	1.09211	0	0	0	1.56954	1.24229	0	1.32569	1.87874	2.55291	1.58883	1.10606	1.6783	1.64965	0	0	0	0	2.7599	1.71722	1.76379	2.30168	2.63568	1.59548	2.58111	0	0	0	0	0	0	0	0	0	0	0	0	1.38666	2.29842	1.94889	0	0	1.5967	2.5202	2.13157	1.04283	1.23396	2.18173	1.64901	1.63257	2.77386	2.37434	0	1.17692	1.40823	2.18607	2.20776	2.18078	2.09642	2.68308	0	0	0	0	0	0	0	0	0	0	0	0	0	0	0	0	2.95338	2.61572	2.07137	0	0	0	0	0	0	0	0	0	0	1.21137	0	0	2.02832	0	2.16961	2.52565	0	0	0	0	0	0	0	0	0	0	0	0	0	0	0	0	0	0	0	0	0	2.32386	0	0	2.60112	0	0	0	0	0	1.65599	1.20399	2.99014	1.7065	1.80325	1.84274	0	0	0	0	0	0	0	2.19907	2.90283	1.36769	2.10439	2.91769	0	0	1.87282	2.00071	1.24836	1.72431	1.0169	0	1.4242	1.15474	1.76081	2.1358	2.88452	0	0	0	0	0	0	0	0	0	0	1.39173	0	1.14291	1.2786	1.18747	2.62408	1.97278	0	1.64572	0	0	0	0	0	0	0	0	0	0	0	0	0	1.96535	0	0	0	0	0	0	0	0	0	0	0	0	0	0	0	0	0	1.07031	2.77962	2.5116	1.72693	1.67619	1.1574	1.62985	1.65254	2.73738	1.68727	0	0	0	0	0	1.39892	2.9094	1.74372	2.98289	1.82488	1.98927	2.98315	2.09208	1.02794	1.29808	1.36962	2.17954	2.96846	0	2.20678	1.3828	2.98373	0	0	0	0	0	0	0	0	0	2.76277	0	1.96331	1.61485	2.02471	1.94136	2.67843	1.3057	1.05901	2.62694	2.87705	2.73824	0	0	0	0	0	0	0	2.88736	1.97723	1.22979	0	0	1.73384	2.67125	0	0	1.61217	2.70005	2.97478	2.95996	1.12091	2.63388	1.74425	0	0	0	0	0	0	0	0	0	0	0	0	0	1.10818	0	2.9718	2.02885	0	0	0	0	0	0	1.06706	0	0	0	0	0	0	1.00637	1.26589	2.01209	1.3017	2.61476	1.82581	0	0	0	0	0	0	0	2.02928	1.52905	2.85937	0	0	0	0	0	0	0	0	2.19542	1.04192	0	0	0	0	1.38121	1.2758	1.23097	2.02888	2.95975	1.37775	2.52984	2.88356	1.46945	1.94292	2.99242	1.8084	2.45235	1.07339	1.5624	1.81339	2.5896	2.37054	1.37074	2.76546	0	0	0	0	0	0	0	1.35288	2.19724	1.33784	2.94322	1.97058	1.88498	0	0	0	0	0	0	2.16884	2.57211	2.58785	0	1.06239	2.8006	1.55176	0	0	2.92578	2.82592	1.61967	2.58677	1.2557	2.96023	2.18905	1.22878	0	0	0	0	0	0	0	0	2.39699	0	0	0	0	0	0	0	0	0	2.32717	2.58444	2.01771	0	0	0	0	0	0	2.61132	1.50355	1.14073	2.90043	2.6346	1.95423	2.93941	0	0	0	2.97805	0	0	2.79395	0	1.31237	2.90059	1.63249	1.7471	0	0	0	0	0	0	1.98531	2.17352	2.75142	1.7275	1.06704	0	0	2.59819	2.498	2.22229	2.09717	1.34321	0	0	0	2.36849	1.7888	2.59604	1.6217	2.38305	2.78311	1.45829	1.46012	1.49923	2.40743	0	0	0	2.10874	2.48457	0	1.7111	1.07571	2.70087	1.12016	1.45102	0	0	0	2.78004	2.23295	0	0	0	2.90197	2.86789	2.24552	1.68703	2.4035	2.33877	2.17166	1.31143	2.93155	0	0	0	0	2.66048	0	0	1.69319	2.47957	2.05023	0	2.76828	0	0	0	0	0	2.75451	2.18787	2.05481	1.73381	0	0	0	0	1.55882	2.94009	1.65718	1.57485	0	0.992709	0.15246	0.380952	16.8401
0	0	0	0	0	0	0	0	0	0	0	0	0	0	0	0	0	0	0	0	0	0	0	0	1.06124	1.81721	0	0	0	0	0	1.50212	0	0	0	0	2.96533	1.40084	1.50519	2.86034	2.38419	1.90412	1.15732	0	0	1.48582	1.5336	1.10634	2.4294	1.96153	2.286	0	1.76597	0	1.65625	1.21646	1.50857	2.53641	1.20561	1.46494	2.46279	1.80537	1.778	0	0	1.88443	1.1431	0	0	0	1.73807	2.81521	2.39338	1.74971	0	0	0	0	1.95123	2.19093	1.9726	0	2.92745	2.59285	2.11232	2.30832	0	0	0	0	0	2.75421	1.34725	0	2.12864	1.93213	1.50577	2.4545	2.7172	2.77765	1.35177	1.44143	0	0	1.00436	0	0	0	2.80731	2.87426	2.18279	0	0	0	0	0	0	0	0	0	0	1.56954	1.24229	0	1.32569	1.87874	2.55291	1.58883	1.10606	1.6783	0	0	0	0	0	2.7599	1.71722	1.76379	2.30168	2.63568	1.59548	2.58111	0	0	0	0	0	0	0	0	0	0	0	0	1.38666	2.29842	0	0	0	1.5967	2.5202	2.13157	1.04283	1.23396	2.18173	1.64901	1.63257	2.77386	2.37434	0	1.17692	1.40823	2.18607	2.20776	2.18078	2.09642	2.68308	0	0	0	0	0	0	0	0	0	0	0	0	0	0	0	0	2.95338	2.61572	2.29103	0	0	0	0	0	0	0	0	0	0	1.21137	0	1.00854	2.02832	0	2.16961	2.52565	0	0	0	0	0	0	0	0	0	0	0	0	0	0	0	0	0	0	0	0	0	0	0	0	2.60112	0	0	0	0	0	1.65599	1.20399	2.99014	1.7065	2.37273	1.84274	0	0	0	0	0	0	0	2.19907	2.90283	1.36769	2.10439	0	0	0	1.87282	2.00071	1.24836	1.72431	1.0169	0	1.4242	1.15474	1.76081	2.1358	0	0	0	0	0	0	0	0	0	0	0	1.39173	0	0	1.2786	1.18747	2.62408	1.97278	0	1.64572	0	0	0	0	0	0	0	0	0	0	0	0	0	1.96535	0	0	0	0	0	0	0	0	0	0	0	0	0	0	0	0	0	1.07031	1.74986	2.5116	1.72693	1.67619	1.1574	1.62985	1.65254	2.73738	1.68727	0	0	0	0	0	1.39892	2.9094	1.74372	2.98289	1.82488	1.98927	2.98315	2.09208	1.02794	1.29808	1.36962	2.17954	0	0	2.20678	1.3828	2.98373	0	0	0	0	0	0	0	0	2.75543	2.76277	0	1.96331	1.61485	2.02471	1.94136	2.67843	1.3057	1.05901	2.62694	2.87705	2.73824	0	0	0	0	0	0	0	2.88736	1.97723	1.22979	0	0	1.73384	0	0	0	1.61217	2.70005	2.97478	2.95996	1.12091	2.63388	1.74425	0	0	0	0	0	0	0	0	0	0	0	0	0	1.10818	0	2.9718	0	0	0	0	0	0	0	1.06706	0	0	0	0	0	0	1.00637	1.26589	2.01209	1.3017	2.61476	1.82581	0	0	0	0	0	0	1.34892	2.02928	1.52905	2.85937	0	0	0	0	0	0	0	0	2.19542	0	0	0	0	0	1.38121	1.2758	1.23097	2.02888	2.95975	1.37775	2.52984	2.88356	1.83452	1.94292	2.99242	1.8084	2.45235	1.07339	1.5624	1.81339	2.5896	2.37054	1.37074	2.76546	0	0	0	0	0	0	0	1.35288	2.19724	1.33784	2.94322	1.97058	1.88498	0	0	0	0	0	0	2.16884	2.57211	2.58785	0	1.06239	2.8006	1.55176	0	1.871	2.92578	2.82592	1.61967	2.58677	1.2557	2.96023	2.18905	1.22878	0	0	0	0	0	0	0	0	2.39699	0	0	0	0	0	0	0	0	2.72764	2.32717	2.58444	2.01771	0	0	0	0	0	0	2.61132	1.50355	1.14073	2.43982	2.6346	1.95423	2.93941	0	0	0	2.97805	0	0	2.79395	0	1.31237	1.62146	1.63249	1.7471	0	0	0	0	0	0	1.98531	2.17352	2.75142	1.7275	2.18924	0	0	2.59819	2.498	2.22229	2.09717	1.34321	0	0	0	2.36849	1.7888	2.66646	1.6217	2.38305	2.78311	1.45829	1.46012	1.49923	2.40743	0	0	0	2.10874	2.48457	2.8323	1.7111	1.07571	2.70087	1.12016	1.45102	0	0	0	2.78004	2.23295	0	0	1.80235	2.90197	2.86789	2.24552	1.68703	2.4035	2.33877	2.17166	1.31143	2.93155	0	0	0	2.43709	2.66048	0	0	1.69319	2.47957	2.05023	0	2.76828	0	0	0	0	2.69243	2.75451	2.18787	2.05481	1.73381	0	0	0	0	1.55882	2.94009	1.65718	1.57485	1	0.139876	0.386905	17.7574
0	0	0	0	0	0	0	0	0	0	0	0	0	0	0	0	0	0	0	0	0	0	0	0	0	1.06124	0	0	0	0	0	0	1.50212	0	0	0	0	2.96533	1.40084	1.53347	2.86034	2.38419	1.90412	1.15732	0	0	1.48582	1.5336	1.10634	2.4294	1.96153	2.286	1.11782	1.76597	0	1.65625	1.21646	1.50857	2.53641	1.20561	1.46494	2.46279	1.80537	1.778	0	1.15631	1.88443	1.1431	0	0	0	1.73807	2.81521	2.39338	1.74971	0	0	0	0	1.95123	2.19093	1.9726	0	2.92745	2.59285	2.11232	2.30832	0	0	0	0	1.31381	2.75421	1.34725	0	2.12864	1.93213	1.50577	2.4545	2.7172	2.77765	1.35177	1.44143	0	2.94139	1.00436	0	0	0	2.80731	2.87426	2.18279	0	0	0	0	0	0	0	0	0	0	1.56954	1.24229	0	1.32569	1.87874	2.55291	1.58883	1.10606	0	0	0	0	0	0	2.7599	1.71722	1.76379	2.30168	2.63568	1.59548	2.58111	0	0	0	0	0	0	0	0	0	0	0	0	1.38666	0	0	0	0	1.5967	2.5202	2.13157	1.04283	1.23396	2.18173	1.64901	1.63257	2.77386	2.65499	0	1.17692	1.40823	2.18607	2.20776	2.18078	2.09642	2.68308	0	0	0	0	0	0	0	0	0	0	0	0	0	0	0	0	2.95338	1.09513	2.29103	0	0	0	0	0	0	0	0	0	0	1.21137	1.18817	1.00854	2.02832	0	2.16961	2.52565	0	0	0	0	0	0	0	0	0	0	0	0	0	0	0	0	0	0	0	0	0	0	0	0	2.60112	0	0	0	0	0	1.65599	1.20399	2.99014	0	2.37273	1.84274	0	0	0	0	0	0	0	2.19907	2.90283	1.36769	0	0	0	0	1.87282	2.00071	1.24836	1.72431	1.0169	0	1.4242	1.15474	1.76081	1.98886	0	0	0	0	0	0	0	0	0	0	0	1.39173	2.18079	0	1.2786	1.18747	2.62408	1.97278	0	1.64572	0	0	0	0	0	0	0	0	0	0	0	0	0	1.96535	0	0	0	0	0	0	0	0	0	0	0	0	0	0	0	0	0	1.49594	1.74986	2.5116	1.72693	1.67619	1.1574	1.62985	1.65254	2.73738	1.68727	0	0	0	0	0	1.39892	2.9094	1.74372	2.98289	1.82488	1.98927	2.98315	2.09208	1.02794	1.29808	1.36962	0	0	0	2.20678	1.3828	2.98373	0	0	0	0	0	0	0	2.30414	2.75543	2.76277	0	1.96331	1.61485	2.02471	1.94136	2.67843	1.3057	1.05901	2.62694	2.87705	0	0	0	0	0	0	0	0	2.88736	1.97723	1.22979	0	0	2.3347	0	0	0	1.61217	2.70005	2.97478	2.95996	1.12091	2.63388	1.74425	0	0	0	0	0	0	0	0	0	0	0	0	0	1.10818	0	0	0	0	0	0	0	0	0	1.06706	0	0	0	0	1.70152	0	1.00637	1.26589	2.01209	1.3017	2.61476	1.82581	0	0	0	0	0	2.7781	1.34892	2.02928	1.52905	2.85937	0	0	0	0	0	0	0	0	0	0	0	0	0	0	1.38121	1.2758	1.23097	2.02888	2.95975	1.37775	2.52984	1.38403	1.83452	1.94292	2.99242	1.8084	2.45235	1.07339	1.5624	1.81339	2.5896	2.37054	1.37074	2.76546	0	0	0	0	0	0	0	1.35288	2.19724	1.33784	2.94322	1.97058	1.88498	0	0	0	0	0	0	2.16884	2.57211	2.58785	0	1.06239	2.8006	1.55176	0	1.871	2.92578	2.82592	1.61967	2.58677	1.2557	2.96023	2.18905	1.22878	0	0	0	0	0	0	0	0	2.39699	0	0	0	0	0	0	0	2.19813	2.72764	2.32717	2.58444	2.01771	0	0	0	0	0	0	2.61132	1.50355	1.62754	2.43982	2.6346	1.95423	2.93941	0	0	0	2.97805	0	0	2.79395	0	2.32257	1.62146	1.63249	1.7471	0	0	0	0	0	0	1.98531	2.17352	2.75142	2.47966	2.18924	0	0	2.59819	2.498	2.22229	2.09717	1.34321	0	0	0	2.36849	1.56259	2.66646	1.6217	2.38305	2.78311	1.45829	1.46012	1.49923	2.40743	0	0	0	2.10874	1.08323	2.8323	1.7111	1.07571	2.70087	1.12016	1.45102	0	0	0	2.78004	2.23295	0	1.57301	1.80235	2.90197	2.86789	2.24552	1.68703	2.4035	2.33877	2.17166	1.31143	2.93155	0	0	2.32265	2.43709	2.66048	0	0	1.69319	2.47957	2.05023	0	2.76828	0	0	0	2.46479	2.69243	2.75451	2.18787	2.05481	1.73381	0	0	0	0	1.55882	2.94009	1.65718	0.992709	0.0745402	0.392857	17.5495
0	0	0	0	0	0	0	0	0	0	0	0	0	0	0	0	0	0	0	0	0	0	0	0	0	0	0	0	0	0	0	0	0	1.50212	0	0	0	0	2.96533	2.74436	1.53347	2.86034	2.38419	1.90412	1.15732	0	0	1.48582	1.5336	1.10634	2.4294	1.96153	1.7991	1.11782	1.76597	0	1.65625	1.21646	1.50857	2.53641	1.20561	1.46494	2.46279	1.80537	1.778	1.39316	1.15631	1.88443	1.1431	0	0	0	1.73807	2.81521	2.39338	1.74971	0	0	0	0	1.95123	2.19093	1.9726	0	2.92745	2.59285	2.11232	2.30832	0	0	0	1.48089	1.31381	2.75421	1.34725	0	2.12864	1.93213	1.50577	2.4545	2.7172	2.77765	1.35177	1.44143	1.50356	2.94139	1.00436	0	0	0	2.80731	2.87426	2.18279	0	0	0	0	0	0	0	0	0	0	1.56954	1.24229	0	1.32569	1.87874	2.55291	1.58883	0	0	0	0	0	0	0	2.7599	1.71722	1.76379	2.30168	2.63568	1.59548	0	0	0	0	0	0	0	0	0	0	0	0	0	0	0	0	0	0	1.5967	2.5202	2.13157	1.04283	1.23396	2.18173	1.64901	1.63257	2.25931	2.65499	0	1.17692	1.40823	2.18607	2.20776	2.18078	2.09642	2.68308	0	0	0	0	0	0	0	0	0	0	0	0	0	0	0	0	0	1.09513	2.29103	0	0	0	0	0	0	0	0	0	0	2.95169	1.18817	1.00854	2.02832	0	2.16961	2.52565	0	0	0	0	0	0	0	0	0	0	0	0	0	0	0	0	0	0	0	0	0	0	0	0	2.60112	0	0	0	0	0	1.65599	1.20399	0	0	2.37273	1.84274	0	0	0	0	0	0	0	2.19907	2.90283	2.83796	0	0	0	0	1.87282	2.00071	1.24836	1.72431	1.0169	0	1.4242	1.15474	0	1.98886	0	0	0	0	0	0	0	0	0	0	0	2.24769	2.18079	0	1.2786	1.18747	2.62408	1.97278	0	1.64572	0	0	0	0	0	0	0	0	0	0	0	0	0	1.96535	0	0	0	0	0	0	0	0	0	0	0	0	0	0	0	0	2.66423	1.49594	1.74986	2.5116	1.72693	1.67619	1.1574	1.62985	1.65254	2.73738	1.68727	0	0	0	0	0	1.39892	2.9094	1.74372	2.98289	1.82488	1.98927	2.98315	2.09208	1.02794	1.29808	0	0	0	0	2.20678	1.3828	2.98373	0	0	0	0	0	0	2.85398	2.30414	2.75543	2.76277	0	1.96331	1.61485	2.02471	1.94136	2.67843	1.3057	1.05901	2.62694	1.7515	0	0	0	0	0	0	0	0	2.88736	1.97723	1.22979	0	0	2.3347	0	0	0	1.61217	2.70005	2.97478	2.95996	1.12091	2.63388	1.74425	0	0	0	0	0	0	0	0	0	0	0	0	0	1.10818	0	0	0	0	0	0	0	0	0	1.06706	0	0	0	1.13759	1.70152	0	1.00637	1.26589	2.01209	1.3017	2.61476	1.82581	0	0	0	0	0	2.7781	1.34892	2.02928	1.52905	2.85937	0	0	0	0	0	0	0	2.96498	0	0	0	0	0	0	1.38121	1.2758	1.23097	2.02888	2.95975	1.37775	1.33777	1.38403	1.83452	1.94292	2.99242	1.8084	2.45235	1.07339	1.5624	1.81339	2.5896	2.37054	1.37074	1.43206	0	0	0	0	0	0	0	1.35288	2.19724	1.33784	2.94322	1.97058	0	0	0	0	0	0	0	2.16884	2.57211	2.58785	0	1.06239	2.8006	0	0	1.871	2.92578	2.82592	1.61967	2.58677	1.2557	2.96023	2.18905	1.22878	0	0	0	0	0	0	0	0	2.39699	0	0	0	0	0	0	2.60495	2.19813	2.72764	2.32717	2.58444	2.01771	0	0	0	0	0	0	2.61132	2.11049	1.62754	2.43982	2.6346	1.95423	2.93941	0	0	0	2.97805	0	0	2.79395	1.95717	2.32257	1.62146	1.63249	1.7471	0	0	0	0	0	0	1.98531	2.17352	2.48118	2.47966	2.18924	0	0	2.59819	2.498	2.22229	2.09717	1.34321	0	0	0	2.44242	1.56259	2.66646	1.6217	2.38305	2.78311	1.45829	1.46012	1.49923	2.40743	0	0	0	1.50753	1.08323	2.8323	1.7111	1.07571	2.70087	1.12016	1.45102	0	0	0	2.78004	2.23295	2.39753	1.57301	1.80235	2.90197	2.86789	2.24552	1.68703	2.4035	2.33877	2.17166	1.31143	2.93155	0	1.57019	2.32265	2.43709	2.66048	0	0	1.69319	2.47957	2.05023	0	2.76828	0	0	2.94946	2.46479	2.69243	2.75451	2.18787	2.05481	1.73381	0	0	0	0	1.55882	2.94009	0.970942	0.0239287	0.39881	17.8241
0	0	0	0	0	0	0	0	0	0	0	0	0	0	0	0	0	0	0	0	0	0	0	0	0	0	0	0	0	0	0	0	0	0	1.50212	0	0	0	0	2.30875	2.74436	1.53347	2.86034	2.38419	1.90412	1.15732	0	0	1.48582	1.5336	1.10634	2.4294	2.24182	1.7991	1.11782	1.76597	0	1.65625	1.21646	1.50857	2.53641	1.20561	1.46494	2.46279	1.80537	2.64272	1.39316	1.15631	1.88443	1.1431	0	0	0	1.73807	2.81521	2.39338	1.74971	0	0	0	0	1.95123	2.19093	1.9726	0	2.92745	2.59285	2.11232	2.30832	0	0	1.17674	1.48089	1.31381	2.75421	1.34725	0	2.12864	1.93213	1.50577	2.4545	2.7172	2.77765	1.35177	1.5019	1.50356	2.94139	1.00436	0	0	0	2.80731	2.87426	2.18279	0	0	0	0	0	0	0	0	0	0	1.56954	1.24229	0	1.32569	1.87874	2.55291	2.00946	0	0	0	0	0	0	0	2.7599	1.71722	1.76379	2.30168	2.63568	2.30541	0	0	0	0	0	0	0	0	0	0	0	0	0	0	0	0	0	0	1.5967	2.5202	2.13157	1.04283	1.23396	2.18173	1.64901	1.2136	2.25931	2.65499	0	1.17692	1.40823	2.18607	2.20776	2.18078	2.09642	2.68308	0	0	0	0	0	0	0	0	0	0	0	0	0	0	0	0	0	1.09513	2.29103	0	0	0	0	0	0	0	0	0	0	2.95169	1.18817	1.00854	2.02832	0	2.16961	2.52565	0	0	0	0	0	0	0	0	0	0	0	0	0	0	0	0	0	0	2.13569	0	0	0	0	0	2.60112	0	0	0	0	0	1.65599	0	0	0	2.37273	1.84274	0	0	0	0	0	0	0	2.19907	2.99755	2.83796	0	0	0	0	1.87282	2.00071	1.24836	1.72431	1.0169	0	1.4242	0	0	1.98886	0	0	0	0	0	0	0	0	0	0	2.02457	2.24769	2.18079	0	1.2786	1.18747	2.62408	1.97278	0	1.64572	0	0	0	0	0	0	0	0	0	0	0	0	0	1.96535	0	0	0	0	0	0	0	0	0	0	0	0	0	0	0	1.25391	2.66423	1.49594	1.74986	2.5116	1.72693	1.67619	1.1574	1.62985	1.65254	2.73738	1.68727	0	0	0	0	0	1.39892	2.9094	1.74372	2.98289	1.82488	1.98927	2.98315	2.09208	1.02794	0	0	0	0	0	2.20678	1.3828	2.98373	0	0	0	0	0	0	2.85398	2.30414	2.75543	2.76277	0	1.96331	1.61485	2.02471	1.94136	2.67843	1.3057	1.05901	0	1.7515	0	0	0	0	0	0	0	0	2.88736	1.97723	1.22979	0	0	2.3347	0	0	0	1.61217	2.70005	2.97478	2.95996	1.12091	2.63388	1.74425	0	0	0	0	0	0	0	0	0	0	0	0	0	0	0	0	0	0	0	0	0	0	0	1.06706	0	0	2.50329	1.13759	1.70152	0	1.00637	1.26589	2.01209	1.3017	2.61476	1.82581	0	0	0	2.21627	0	2.7781	1.34892	2.02928	1.52905	2.85937	0	0	0	0	0	0	1.98168	2.96498	0	0	0	0	0	0	1.38121	1.2758	1.23097	2.02888	2.95975	1.51769	1.33777	1.38403	1.83452	1.94292	2.99242	1.8084	2.45235	1.07339	1.5624	1.81339	2.5896	2.37054	1.22997	1.43206	0	0	0	0	0	0	0	1.35288	2.19724	1.33784	2.94322	2.27198	0	0	0	0	0	0	0	2.16884	2.57211	2.58785	0	1.06239	1.41279	0	0	1.871	2.92578	2.82592	1.61967	2.58677	1.2557	2.96023	2.18905	1.22878	0	0	0	0	0	0	0	0	2.39699	0	0	0	0	0	0	2.60495	2.19813	2.72764	2.32717	2.58444	2.01771	0	0	0	0	0	0	2.87176	2.11049	1.62754	2.43982	2.6346	1.95423	2.93941	0	0	0	2.97805	0	0	2.0775	1.95717	2.32257	1.62146	1.63249	1.7471	0	0	0	0	0	0	1.98531	0	2.48118	2.47966	2.18924	0	0	2.59819	2.498	2.22229	2.09717	1.34321	0	0	1.63744	2.44242	1.56259	2.66646	1.6217	2.38305	2.78311	1.45829	1.46012	1.49923	2.40743	0	0	1.7135	1.50753	1.08323	2.8323	1.7111	1.07571	2.70087	1.12016	1.45102	0	0	0	2.78004	0	2.39753	1.57301	1.80235	2.90197	2.86789	2.24552	1.68703	2.4035	2.33877	2.17166	1.31143	2.93155	2.12102	1.57019	2.32265	2.43709	2.66048	0	0	1.69319	2.47957	2.05023	0	2.76828	0	1.07287	2.94946	2.46479	2.69243	2.75451	2.18787	2.05481	1.73381	0	0	0	0	1.55882	0.935016	0.0927982	0.404762	18.7407
0	0	0	0	0	0	0	0	0	0	0	0	0	1.17272	0	0	0	0	0	0	0	0	0	0	0	0	0	0	0	0	0	0	0	0	0	1.50212	0	0	0	2.13921	2.30875	2.74436	1.53347	2.86034	2.38419	1.90412	1.15732	0	0	1.48582	1.5336	1.10634	1.77149	2.24182	1.7991	1.11782	1.76597	0	1.65625	1.21646	1.50857	2.53641	1.20561	1.46494	2.46279	2.31662	2.64272	1.39316	1.15631	1.88443	1.1431	0	0	0	1.73807	2.81521	2.39338	1.74971	0	0	0	0	1.95123	2.19093	1.9726	0	2.92745	2.59285	2.11232	2.30832	0	0	1.17674	1.48089	1.31381	2.75421	1.34725	0	2.12864	1.93213	1.50577	2.4545	2.7172	2.77765	2.5934	1.5019	1.50356	2.94139	1.00436	0	0	0	2.80731	2.87426	2.18279	0	0	0	0	0	0	0	0	0	0	1.56954	1.24229	0	1.32569	1.87874	1.09579	2.00946	0	0	0	0	0	0	0	2.7599	1.71722	1.76379	2.30168	1.74099	2.30541	0	0	0	0	0	0	0	0	0	0	0	0	0	0	0	0	0	0	1.5967	2.5202	2.13157	1.04283	1.23396	2.18173	2.93645	1.2136	2.25931	2.65499	0	1.17692	1.40823	2.18607	2.20776	2.18078	2.09642	2.68308	0	1.72122	0	0	0	0	0	0	0	0	0	0	0	0	0	0	0	1.09513	2.29103	0	0	0	0	0	0	0	0	0	0	2.95169	1.18817	1.00854	2.02832	0	2.16961	2.52565	0	0	0	0	0	0	0	0	0	0	0	0	0	0	0	0	0	1.62168	2.13569	0	0	0	0	0	2.60112	0	0	0	0	0	0	0	0	0	2.37273	1.84274	0	0	0	0	0	0	0	2.56849	2.99755	2.83796	0	0	0	0	1.87282	2.00071	1.24836	1.72431	1.0169	0	0	0	0	1.98886	0	0	0	0	0	0	0	0	0	1.49422	2.02457	2.24769	2.18079	0	1.2786	1.18747	2.62408	1.97278	0	1.64572	0	0	0	0	0	0	0	0	0	0	0	0	0	1.96535	0	0	0	0	0	0	0	0	0	0	0	0	0	0	2.70242	1.25391	2.66423	1.49594	1.74986	2.5116	1.72693	1.67619	1.1574	1.62985	1.65254	2.73738	1.68727	2.73218	0	0	0	0	1.39892	2.9094	1.74372	2.98289	1.82488	1.98927	2.98315	2.09208	0	0	0	0	0	0	2.20678	1.3828	2.98373	0	0	0	0	2.8476	0	2.85398	2.30414	2.75543	2.76277	0	1.96331	1.61485	2.02471	1.94136	2.67843	1.3057	0	0	1.7515	0	0	0	0	0	0	0	0	2.88736	1.97723	1.29877	0	0	2.3347	0	0	0	1.61217	2.70005	2.97478	2.95996	1.12091	2.63388	1.29653	0	0	0	0	0	0	0	0	0	0	0	0	0	0	0	0	0	0	0	0	0	0	0	1.06706	0	1.74779	2.50329	1.13759	1.70152	0	1.00637	1.26589	2.01209	1.3017	2.61476	1.82581	0	0	2.74835	2.21627	0	2.7781	1.34892	2.02928	1.52905	2.85937	0	0	0	0	0	1.3162	1.98168	2.96498	0	0	0	0	0	0	1.38121	1.2758	1.23097	2.02888	2.82139	1.51769	1.33777	1.38403	1.83452	1.94292	2.99242	1.8084	2.45235	1.07339	1.5624	1.81339	2.5896	1.35383	1.22997	1.43206	0	0	0	0	0	0	0	1.35288	2.19724	1.33784	0	2.27198	0	0	0	0	0	0	0	2.16884	2.57211	2.58785	0	1.79172	1.41279	0	0	1.871	2.92578	2.82592	1.61967	2.58677	1.2557	2.96023	2.18905	1.22878	2.18303	0	0	0	0	0	0	0	2.39699	0	0	0	0	1.64516	0	2.60495	2.19813	2.72764	2.32717	2.58444	2.01771	0	0	0	0	0	1.94446	2.87176	2.11049	1.62754	2.43982	2.6346	1.95423	2.93941	0	0	0	2.97805	0	1.8752	2.0775	1.95717	2.32257	1.62146	1.63249	1.7471	0	0	0	0	0	0	0	0	2.48118	2.47966	2.18924	0	0	2.59819	2.498	2.22229	2.09717	1.34321	0	0	1.63744	2.44242	1.56259	2.66646	1.6217	2.38305	2.78311	1.45829	1.46012	1.49923	2.40743	0	2.69015	1.7135	1.50753	1.08323	2.8323	1.7111	1.07571	2.70087	1.12016	1.45102	0	0	0	0	0	2.39753	1.57301	1.80235	2.90197	2.86789	2.24552	1.68703	2.4035	2.33877	2.17166	1.31143	2.86624	2.12102	1.57019	2.32265	2.43709	2.66048	0	0	1.69319	2.47957	2.05023	0	2.76828	2.90965	1.07287	2.94946	2.46479	2.69243	2.75451	2.18787	2.05481	1.73381	0	0	0	0	0.885456	-0.00150299	0.410714	19.7375
0	0	0	0	0	0	0	0	0	0	0	0	0	1.01792	1.17272	0	0	0	0	0	0	0	0	0	0	0	0	0	0	0	0	0	0	0	0	0	1.50212	0	0	0	2.13921	2.30875	2.74436	1.53347	2.86034	2.38419	1.90412	1.15732	0	0	1.48582	1.5336	2.85173	1.77149	2.24182	1.7991	1.11782	1.76597	0	1.65625	1.21646	1.50857	2.53641	1.20561	1.46494	1.62519	2.31662	2.64272	1.39316	1.15631	1.88443	1.1431	0	0	0	1.73807	2.81521	2.39338	0	0	0	0	0	1.95123	2.19093	1.9726	0	2.92745	2.59285	2.11232	2.30832	0	0	1.17674	1.48089	1.31381	2.75421	1.34725	0	2.12864	1.93213	1.50577	2.4545	2.7172	1.21534	2.5934	1.5019	1.50356	2.94139	1.00436	0	0	0	2.80731	2.87426	2.18279	0	0	0	0	0	0	0	0	0	0	1.56954	1.24229	0	1.32569	0	1.09579	2.00946	0	0	0	0	0	0	0	2.7599	1.71722	1.76379	0	1.74099	2.30541	0	0	0	0	0	0	0	0	0	0	0	0	0	0	0	0	0	0	1.5967	2.5202	2.13157	1.04283	1.23396	1.58439	2.93645	1.2136	2.25931	2.65499	0	1.17692	1.40823	2.18607	2.20776	2.18078	2.09642	2.68308	1.95871	1.72122	0	0	0	0	0	0	0	0	0	0	0	0	0	0	0	1.09513	2.29103	0	0	0	0	0	0	0	0	0	0	2.95169	1.18817	1.00854	2.02832	0	2.16961	2.52565	0	0	0	0	0	0	0	0	0	0	0	0	0	0	0	0	2.03474	1.62168	2.13569	0	0	0	0	0	2.60112	0	0	0	0	1.53686	0	0	0	0	2.37273	1.84274	0	0	0	0	0	0	2.64263	2.56849	2.99755	2.83796	0	0	0	0	1.87282	2.00071	1.24836	1.72431	1.0169	0	0	0	0	1.98886	0	0	0	0	0	0	0	0	2.0748	1.49422	2.02457	2.24769	2.18079	0	1.2786	1.18747	2.62408	1.97278	0	1.64572	0	0	0	0	0	0	0	0	0	0	0	0	0	1.96535	0	0	0	0	0	0	0	0	0	0	0	0	0	1.65833	2.70242	1.25391	2.66423	1.49594	1.74986	2.5116	1.72693	1.67619	1.1574	1.62985	1.65254	2.73738	2.88089	2.73218	0	0	0	0	1.39892	2.9094	1.74372	2.98289	1.82488	1.98927	2.98315	0	0	0	0	0	0	0	2.20678	1.3828	2.98373	0	0	0	1.90792	2.8476	0	2.85398	2.30414	2.75543	2.76277	0	1.96331	1.61485	2.02471	1.94136	2.67843	0	0	0	1.7515	0	0	0	0	0	0	0	0	2.88736	2.50687	1.29877	0	0	2.3347	0	0	0	1.61217	2.70005	2.97478	2.95996	1.12091	1.26692	1.29653	0	0	0	0	0	0	0	0	0	0	0	0	0	0	0	0	0	0	0	0	0	0	0	1.06706	0	1.74779	2.50329	1.13759	1.70152	0	1.00637	1.26589	2.01209	1.3017	2.61476	1.82581	0	1.56423	2.74835	2.21627	0	2.7781	1.34892	2.02928	1.52905	2.85937	0	0	0	0	1.76358	1.3162	1.98168	2.96498	0	0	0	0	0	0	1.38121	1.2758	1.23097	2.18187	2.82139	1.51769	1.33777	1.38403	1.83452	1.94292	2.99242	1.8084	2.45235	1.07339	1.5624	1.81339	1.36536	1.35383	1.22997	1.43206	0	0	0	0	0	0	0	1.35288	2.19724	1.16829	0	2.27198	0	0	0	0	0	0	0	2.16884	2.57211	2.58785	1.14392	1.79172	1.41279	0	0	1.871	2.92578	2.82592	1.61967	2.58677	1.2557	2.96023	2.18905	2.01424	2.18303	0	0	0	0	0	0	0	2.39699	0	0	0	2.10644	1.64516	0	2.60495	2.19813	2.72764	2.32717	2.58444	2.01771	0	0	0	0	2.98426	1.94446	2.87176	2.11049	1.62754	2.43982	2.6346	1.95423	2.93941	0	0	0	2.97805	2.97889	1.8752	2.0775	1.95717	2.32257	1.62146	1.63249	1.7471	0	0	0	0	0	0	0	0	2.48118	2.47966	2.18924	0	0	2.59819	2.498	2.22229	2.09717	1.34321	0	0	1.63744	2.44242	1.56259	2.66646	1.6217	2.38305	2.78311	1.45829	1.46012	1.49923	2.40743	2.70238	2.69015	1.7135	1.50753	1.08323	2.8323	1.7111	1.07571	2.70087	1.12016	1.45102	0	0	0	0	0	2.39753	1.57301	1.80235	2.90197	2.86789	2.24552	1.68703	2.4035	2.33877	2.17166	1.77539	2.86624	2.12102	1.57019	2.32265	2.43709	2.66048	0	0	1.69319	2.47957	2.05023	0	1.68041	2.90965	1.07287	2.94946	2.46479	2.69243	2.75451	2.18787	2.05481	1.73381	0	0	0	0.822984	-0.0897846	0.416667	19.4636
0	0	0	0	0	0	0	0	0	0	0	0	0	0	1.01792	1.17272	0	0	0	0	0	0	0	0	0	0	0	0	0	0	0	0	0	0	0	0	0	1.50212	0	0	0	2.13921	2.30875	2.74436	1.53347	2.86034	2.38419	1.90412	1.15732	0	0	1.48582	2.80084	2.85173	1.77149	2.24182	1.7991	1.11782	1.76597	0	1.65625	1.21646	1.50857	2.53641	1.20561	1.67893	1.62519	2.31662	2.64272	1.39316	1.15631	1.88443	1.1431	0	0	0	1.73807	2.81521	0	0	0	0	0	0	1.95123	2.19093	1.9726	0	2.92745	2.59285	2.11232	0	0	0	1.17674	1.48089	1.31381	2.75421	1.34725	0	2.12864	1.93213	1.50577	2.4545	1.90834	1.21534	2.5934	1.5019	1.50356	2.94139	1.00436	0	0	0	2.80731	2.87426	2.18279	0	0	0	0	0	0	0	0	0	0	1.56954	1.24229	0	0	0	1.09579	2.00946	0	0	0	0	0	0	0	2.7599	1.71722	0	0	1.74099	2.30541	0	0	0	0	0	0	0	0	0	0	0	0	0	0	0	0	0	0	1.5967	2.5202	2.13157	1.04283	1.26341	1.58439	2.93645	1.2136	2.25931	2.65499	0	1.17692	1.40823	2.18607	2.20776	2.18078	2.09642	1.81253	1.95871	1.72122	0	0	0	0	0	0	0	0	0	0	2.54602	0	0	0	0	1.09513	2.29103	0	0	0	0	0	0	0	0	0	0	2.95169	1.18817	1.00854	2.02832	0	2.16961	2.52565	0	0	0	0	0	0	0	0	0	0	0	0	0	0	0	2.66018	2.03474	1.62168	2.13569	0	0	0	0	0	2.60112	0	0	0	0	1.53686	0	0	0	0	2.37273	1.84274	0	0	0	0	0	1.42542	2.64263	2.56849	2.99755	2.83796	0	0	0	0	1.87282	2.00071	1.24836	1.72431	0	0	0	0	0	1.98886	0	0	0	0	0	0	0	0	2.0748	1.49422	2.02457	2.24769	2.18079	0	1.2786	1.18747	2.62408	1.97278	0	1.64572	0	0	0	0	0	0	0	0	0	0	0	0	0	0	0	0	0	0	0	0	0	0	0	0	0	0	1.79301	1.65833	2.70242	1.25391	2.66423	1.49594	1.74986	2.5116	1.72693	1.67619	1.1574	1.62985	1.65254	2.99796	2.88089	2.73218	0	0	0	0	1.39892	2.9094	1.74372	2.98289	1.82488	1.98927	0	0	0	0	0	0	0	0	2.20678	1.3828	2.98373	0	0	2.73009	1.90792	2.8476	0	2.85398	2.30414	2.75543	2.76277	0	1.96331	1.61485	2.02471	1.94136	0	0	0	0	1.7515	0	0	0	0	0	0	0	0	2.68196	2.50687	1.29877	0	0	2.3347	0	0	0	1.61217	2.70005	2.97478	2.95996	2.07333	1.26692	1.29653	0	0	0	0	0	0	0	0	0	0	0	0	0	0	0	0	0	0	0	0	0	0	0	2.25122	0	1.74779	2.50329	1.13759	1.70152	0	1.00637	1.26589	2.01209	1.3017	2.61476	1.82581	0	1.56423	2.74835	2.21627	0	2.7781	1.34892	2.02928	1.52905	2.85937	0	0	0	2.69719	1.76358	1.3162	1.98168	2.96498	0	0	0	0	0	0	1.38121	1.2758	0	2.18187	2.82139	1.51769	1.33777	1.38403	1.83452	1.94292	2.99242	1.8084	2.45235	1.07339	1.5624	2.36506	1.36536	1.35383	1.22997	1.43206	0	0	0	0	0	0	0	1.35288	1.29987	1.16829	0	2.27198	0	0	0	0	0	0	0	2.16884	2.57211	2.0233	1.14392	1.79172	1.41279	0	0	1.871	2.92578	2.82592	1.61967	2.58677	1.2557	2.96023	1.27342	2.01424	2.18303	0	0	0	0	0	0	0	2.39699	0	0	2.8492	2.10644	1.64516	0	2.60495	2.19813	2.72764	2.32717	2.58444	2.01771	0	0	0	1.52735	2.98426	1.94446	2.87176	2.11049	1.62754	2.43982	2.6346	1.95423	2.93941	0	0	0	1.61632	2.97889	1.8752	2.0775	1.95717	2.32257	1.62146	1.63249	1.7471	0	0	0	0	0	0	0	0	2.48118	2.47966	2.18924	0	0	2.59819	2.498	2.22229	2.09717	0	0	0	1.63744	2.44242	1.56259	2.66646	1.6217	2.38305	2.78311	1.45829	1.46012	1.49923	0	2.70238	2.69015	1.7135	1.50753	1.08323	2.8323	1.7111	1.07571	2.70087	1.12016	1.45102	0	0	0	0	0	2.39753	1.57301	1.80235	2.90197	2.86789	2.24552	1.68703	2.4035	2.33877	0	1.77539	2.86624	2.12102	1.57019	2.32265	2.43709	2.66048	0	0	1.69319	2.47957	2.05023	1.54078	1.68041	2.90965	1.07287	2.94946	2.46479	2.69243	2.75451	2.18787	2.05481	1.73381	0	0	0.748511	-0.0135282	0.422619	18.8879
0	0	0	0	0	0	0	0	0	0	0	0	0	0	0	1.01792	1.17272	0	0	0	0	0	0	0	0	0	1.01336	0	0	0	0	0	0	0	0	0	0	0	1.50212	0	0	0	2.13921	2.30875	2.74436	1.53347	2.86034	2.38419	1.90412	1.15732	0	0	2.00948	2.80084	2.85173	1.77149	2.24182	1.7991	1.11782	1.76597	0	1.65625	1.21646	1.50857	2.53641	2.34271	1.67893	1.62519	2.31662	2.64272	1.39316	1.15631	1.88443	1.1431	0	0	0	1.73807	0	0	0	0	0	0	0	1.95123	2.19093	1.9726	0	2.92745	2.59285	1.05822	0	0	0	1.17674	1.48089	1.31381	2.75421	1.34725	0	2.12864	1.93213	1.50577	1.69154	1.90834	1.21534	2.5934	1.5019	1.50356	2.94139	1.00436	0	0	0	2.80731	2.87426	0	0	0	0	0	0	0	0	0	0	0	1.56954	1.24229	1.86144	0	0	1.09579	2.00946	0	0	0	0	0	0	0	2.7599	0	0	0	1.74099	2.30541	0	0	0	0	0	0	0	0	0	0	0	0	0	0	0	0	0	0	1.5967	2.5202	2.13157	2.85231	1.26341	1.58439	2.93645	1.2136	2.25931	2.65499	0	1.17692	1.40823	2.18607	2.20776	2.18078	1.69678	1.81253	1.95871	1.72122	0	0	0	0	0	0	0	0	0	1.05529	2.54602	0	0	0	0	1.09513	2.29103	0	0	0	0	0	0	0	0	0	0	2.95169	1.18817	1.00854	2.02832	0	2.16961	2.52565	0	1.61468	0	0	0	0	0	0	0	0	0	0	0	0	2.85375	2.66018	2.03474	1.62168	2.13569	0	0	0	0	0	2.60112	0	0	0	0	1.53686	0	0	0	0	2.37273	1.84274	0	0	0	0	2.28254	1.42542	2.64263	2.56849	2.99755	2.83796	0	0	0	0	1.87282	2.00071	1.24836	0	0	0	0	0	0	1.98886	0	0	0	0	0	0	2.82946	0	2.0748	1.49422	2.02457	2.24769	2.18079	0	1.2786	1.18747	2.62408	1.97278	0	0	0	0	0	0	0	0	0	0	0	0	0	0	0	0	0	0	0	0	0	0	0	0	0	0	0	0	1.79301	1.65833	2.70242	1.25391	2.66423	1.49594	1.74986	2.5116	1.72693	1.67619	1.1574	1.62985	2.77077	2.99796	2.88089	2.73218	0	0	0	0	1.39892	2.9094	1.74372	2.98289	1.82488	0	0	0	0	0	0	0	0	0	2.20678	1.3828	2.98373	0	0	2.73009	1.90792	2.8476	0	2.85398	2.30414	2.75543	2.76277	0	1.96331	1.61485	2.02471	0	0	0	0	0	1.7515	0	0	0	0	0	0	0	2.43857	2.68196	2.50687	1.29877	0	0	2.3347	0	0	0	1.61217	2.70005	2.97478	1.9667	2.07333	1.26692	1.29653	0	0	0	0	0	0	0	0	0	0	0	0	0	0	0	0	0	0	0	0	0	0	1.95566	2.25122	0	1.74779	2.50329	1.13759	1.70152	0	1.00637	1.26589	2.01209	1.3017	2.61476	0	0	1.56423	2.74835	2.21627	0	2.7781	1.34892	2.02928	1.52905	2.85937	0	0	1.59078	2.69719	1.76358	1.3162	1.98168	2.96498	0	0	0	0	0	0	1.38121	1.11193	0	2.18187	2.82139	1.51769	1.33777	1.38403	1.83452	1.94292	2.99242	1.8084	2.45235	1.07339	1.87843	2.36506	1.36536	1.35383	1.22997	1.43206	0	0	0	0	0	0	0	2.05051	1.29987	1.16829	0	2.27198	0	0	0	0	0	0	0	2.16884	1.8941	2.0233	1.14392	1.79172	1.41279	0	0	1.871	2.92578	2.82592	1.61967	2.58677	1.2557	1.56388	1.27342	2.01424	2.18303	0	0	0	0	0	0	0	2.39699	0	2.64659	2.8492	2.10644	1.64516	0	2.60495	2.19813	2.72764	2.32717	2.58444	2.01771	0	0	2.41578	1.52735	2.98426	1.94446	2.87176	2.11049	1.62754	2.43982	2.6346	1.95423	2.93941	0	0	1.60796	1.61632	2.97889	1.8752	2.0775	1.95717	2.32257	1.62146	1.63249	1.7471	0	0	0	0	0	0	0	0	2.48118	2.47966	2.18924	0	0	2.59819	2.498	2.22229	0	0	0	0	1.63744	2.44242	1.56259	2.66646	1.6217	2.38305	2.78311	1.45829	1.46012	0	0	2.70238	2.69015	1.7135	1.50753	1.08323	2.8323	1.7111	1.07571	2.70087	1.12016	1.45102	1.06909	0	0	0	0	2.39753	1.57301	1.80235	2.90197	2.86789	2.24552	1.68703	2.4035	1.39826	0	1.77539	2.86624	2.12102	1.57019	2.32265	2.43709	2.66048	0	0	1.69319	2.47957	1.02575	1.54078	1.68041	2.90965	1.07287	2.94946	2.46479	2.69243	2.75451	2.18787	2.05481	1.73381	0	0.663123	-0.00756879	0.428571	20.3025
0	0	0	0	0	0	0	0	0	0	0	0	0	2.50628	0	0	1.01792	1.17272	0	0	0	0	0	0	0	0	1.19431	1.01336	0	0	0	0	0	0	0	0	0	0	0	2.61203	0	0	0	2.13921	2.30875	2.74436	1.53347	2.86034	2.38419	1.90412	1.15732	0	2.52932	2.00948	2.80084	2.85173	1.77149	2.24182	1.7991	1.11782	1.76597	0	1.65625	1.21646	1.50857	2.23002	2.34271	1.67893	1.62519	2.31662	2.64272	1.39316	1.15631	1.88443	1.1431	0	0	0	1.1114	0	0	0	0	0	0	0	1.95123	2.19093	1.9726	0	2.92745	2.61407	1.05822	0	0	0	1.17674	1.48089	1.31381	2.75421	1.34725	0	2.12864	1.93213	1.97458	1.69154	1.90834	1.21534	2.5934	1.5019	1.50356	2.94139	1.00436	0	0	0	2.80731	0	0	0	0	0	0	0	0	0	0	0	0	1.56954	0	1.86144	0	0	1.09579	2.00946	0	0	0	0	0	0	0	0	0	0	0	1.74099	2.30541	0	0	0	0	0	0	0	0	0	0	0	0	0	0	0	0	0	0	1.5967	2.5202	0	2.85231	1.26341	1.58439	2.93645	1.2136	2.25931	2.65499	0	1.17692	1.40823	2.18607	2.20776	1.63291	1.69678	1.81253	1.95871	1.72122	0	0	0	0	0	0	0	0	1.69554	1.05529	2.54602	0	0	0	0	1.09513	2.29103	0	0	0	0	0	0	0	0	0	0	2.95169	1.18817	1.00854	2.02832	0	2.16961	2.52565	0	1.61468	0	0	0	0	0	0	0	0	0	0	0	2.92737	2.85375	2.66018	2.03474	1.62168	2.13569	0	0	0	0	0	2.60112	0	0	0	0	1.53686	0	0	0	0	2.37273	1.84274	0	0	0	2.20195	2.28254	1.42542	2.64263	2.56849	2.99755	2.83796	0	0	0	0	1.87282	2.00071	1.39662	0	0	0	0	0	0	1.98886	0	0	0	0	0	0	2.82946	0	2.0748	1.49422	2.02457	2.24769	2.18079	0	1.2786	1.18747	2.62408	1.97278	0	0	0	0	0	0	0	0	0	0	0	0	0	0	0	0	0	0	0	0	0	0	0	0	0	0	0	0	1.79301	1.65833	2.70242	1.25391	2.66423	1.49594	1.74986	2.5116	1.72693	1.67619	1.1574	0	2.77077	2.99796	2.88089	2.73218	0	0	0	0	1.39892	2.9094	1.74372	2.98289	0	0	0	0	0	0	0	0	0	0	2.20678	1.3828	2.98373	0	0	2.73009	1.90792	2.8476	0	2.85398	2.30414	2.75543	2.76277	0	1.96331	1.61485	1.34731	0	0	0	0	0	1.7515	0	0	0	0	0	0	1.13635	2.43857	2.68196	2.50687	1.29877	0	0	2.3347	0	0	0	1.61217	2.70005	2.54495	1.9667	2.07333	1.26692	1.29653	0	0	0	0	0	0	0	0	0	0	0	0	0	0	0	0	0	0	0	0	0	2.554	1.95566	2.25122	0	1.74779	2.50329	1.13759	1.70152	0	1.00637	1.26589	2.01209	1.3017	0	0	0	1.56423	2.74835	2.21627	0	2.7781	1.34892	2.02928	1.52905	2.85937	0	0	1.59078	2.69719	1.76358	1.3162	1.98168	2.96498	0	0	0	0	0	0	0	1.11193	0	2.18187	2.82139	1.51769	1.33777	1.38403	1.83452	1.94292	2.99242	1.8084	2.45235	2.01249	1.87843	2.36506	1.36536	1.35383	1.22997	1.43206	0	0	0	0	0	0	1.44459	2.05051	1.29987	1.16829	0	2.27198	0	0	0	0	0	0	0	1.65538	1.8941	2.0233	1.14392	1.79172	1.41279	0	0	1.871	2.92578	2.82592	1.61967	2.58677	2.77136	1.56388	1.27342	2.01424	2.18303	0	0	0	0	0	0	0	2.39699	0	2.64659	2.8492	2.10644	1.64516	0	2.60495	2.19813	2.72764	2.32717	2.58444	2.01771	0	2.07597	2.41578	1.52735	2.98426	1.94446	2.87176	2.11049	1.62754	2.43982	2.6346	1.95423	2.93941	0	1.05113	1.60796	1.61632	2.97889	1.8752	2.0775	1.95717	2.32257	1.62146	1.63249	1.7471	0	0	0	0	0	0	0	0	2.48118	2.47966	2.18924	0	0	2.59819	2.498	0	0	0	0	0	1.63744	2.44242	1.56259	2.66646	1.6217	2.38305	2.78311	1.45829	0	0	0	2.70238	2.69015	1.7135	1.50753	1.08323	2.8323	1.7111	1.07571	2.70087	1.12016	1.33457	1.06909	0	0	0	0	2.39753	1.57301	1.80235	2.90197	2.86789	2.24552	1.68703	2.52721	1.39826	0	1.77539	2.86624	2.12102	1.57019	2.32265	2.43709	2.66048	0	0	1.69319	2.58842	1.02575	1.54078	1.68041	2.90965	1.07287	2.94946	2.46479	2.69243	2.75451	2.18787	2.05481	1.73381	0.568065	-0.0756637	0.434524	21.7086
0	0	0	0	0	0	0	0	0	0	0	0	0	1.97391	2.50628	0	0	1.01792	1.17272	0	0	0	0	0	0	0	2.55533	1.19431	1.01336	0	0	0	0	0	0	0	0	0	0	1.00592	2.61203	0	0	0	2.13921	2.30875	2.74436	1.53347	2.86034	2.38419	1.90412	1.15732	1.05428	2.52932	2.00948	2.80084	2.85173	1.77149	2.24182	1.7991	1.11782	1.76597	0	1.65625	1.21646	0	2.23002	2.34271	1.67893	1.62519	2.31662	2.64272	1.39316	1.15631	1.88443	1.1431	0	0	0	1.1114	0	0	0	0	0	0	0	1.95123	2.19093	1.9726	0	2.19129	2.61407	1.05822	0	0	0	1.17674	1.48089	1.31381	2.75421	1.34725	0	2.12864	2.93936	1.97458	1.69154	1.90834	1.21534	2.5934	1.5019	1.50356	2.94139	1.00436	0	0	0	0	0	0	0	0	0	0	0	0	0	0	0	0	1.62909	0	1.86144	0	0	1.09579	2.00946	0	0	0	0	0	0	0	0	0	0	0	1.74099	2.30541	0	0	0	0	0	0	0	0	0	0	0	0	0	0	0	0	0	0	1.5967	0	0	2.85231	1.26341	1.58439	2.93645	1.2136	2.25931	2.65499	0	1.17692	1.40823	2.18607	2.17027	1.63291	1.69678	1.81253	1.95871	1.72122	0	0	0	0	0	0	0	2.02623	1.69554	1.05529	2.54602	0	0	0	0	1.09513	2.29103	0	0	0	0	0	0	0	0	0	0	2.95169	1.18817	1.00854	2.02832	0	2.16961	0	0	1.61468	0	0	0	0	0	0	0	0	0	0	1.52899	2.92737	2.85375	2.66018	2.03474	1.62168	2.13569	0	0	0	0	0	2.60112	2.53088	0	0	0	1.53686	0	0	0	0	2.37273	1.84274	0	0	2.36678	2.20195	2.28254	1.42542	2.64263	2.56849	2.99755	2.83796	0	0	0	0	1.87282	0	1.39662	0	0	0	0	0	0	1.98886	0	0	0	0	0	0	2.82946	0	2.0748	1.49422	2.02457	2.24769	2.18079	0	1.2786	1.18747	2.62408	0	0	0	0	0	0	0	0	0	0	0	0	0	0	0	0	0	0	0	0	0	0	0	0	0	0	0	0	0	1.79301	1.65833	2.70242	1.25391	2.66423	1.49594	1.74986	2.5116	1.72693	1.67619	0	0	2.77077	2.99796	2.88089	2.73218	0	0	0	0	1.39892	2.9094	1.74372	0	0	0	0	0	0	0	0	0	0	0	2.20678	1.3828	0	0	0	2.73009	1.90792	2.8476	0	2.85398	2.30414	2.75543	2.76277	0	1.96331	2.43843	1.34731	0	0	0	0	0	1.7515	0	0	0	0	0	2.53683	1.13635	2.43857	2.68196	2.50687	1.29877	0	0	2.3347	0	0	0	1.61217	2.51374	2.54495	1.9667	2.07333	1.26692	1.29653	0	0	0	0	0	0	0	1.4189	0	0	0	0	0	0	0	0	0	0	0	0	1.32322	2.554	1.95566	2.25122	0	1.74779	2.50329	1.13759	1.70152	0	1.00637	1.26589	2.01209	0	0	0	0	1.56423	2.74835	2.21627	0	2.7781	1.34892	2.02928	1.52905	2.85937	1.0684	0	1.59078	2.69719	1.76358	1.3162	1.98168	2.96498	0	0	0	0	0	0	0	1.11193	0	2.18187	2.82139	1.51769	1.33777	1.38403	1.83452	1.94292	2.99242	1.8084	0	2.01249	1.87843	2.36506	1.36536	1.35383	1.22997	1.43206	0	0	0	0	0	1.26231	1.44459	2.05051	1.29987	1.16829	0	2.27198	0	0	0	0	0	0	1.03262	1.65538	1.8941	2.0233	1.14392	1.79172	1.41279	0	0	1.871	2.92578	2.82592	1.61967	2.98635	2.77136	1.56388	1.27342	2.01424	2.18303	0	0	0	0	0	0	0	0	0	2.64659	2.8492	2.10644	1.64516	0	2.60495	2.19813	2.72764	2.32717	2.58444	2.01771	0	2.07597	2.41578	1.52735	2.98426	1.94446	2.87176	2.11049	1.62754	2.43982	2.6346	1.95423	2.93941	1.35908	1.05113	1.60796	1.61632	2.97889	1.8752	2.0775	1.95717	2.32257	1.62146	1.63249	1.7471	0	0	0	0	0	0	0	0	2.48118	2.47966	2.18924	0	0	2.59819	0	0	0	0	0	0	1.63744	2.44242	1.56259	2.66646	1.6217	2.38305	2.78311	0	0	0	0	2.70238	2.69015	1.7135	1.50753	1.08323	2.8323	1.7111	1.07571	2.70087	1.67413	1.33457	1.06909	0	0	0	0	2.39753	1.57301	1.80235	2.90197	2.86789	2.24552	1.66831	2.52721	1.39826	0	1.77539	2.86624	2.12102	1.57019	2.32265	2.43709	2.66048	0	0	2.07066	2.58842	1.02575	1.54078	1.68041	2.90965	1.07287	2.94946	2.46479	2.69243	2.75451	2.18787	2.05481	0.464723	-0.157669	0.440476	20.9127
0	0	0	0	0	0	0	0	0	0	0	0	0	1.86393	1.97391	2.50628	0	0	1.01792	1.17272	0	0	0	0	0	0	1.8777	2.55533	1.19431	1.01336	0	0	0	0	0	0	0	0	0	2.15969	1.00592	2.61203	0	0	0	2.13921	2.30875	2.74436	1.53347	2.86034	2.38419	1.90412	1.23564	1.05428	2.52932	2.00948	2.80084	2.85173	1.77149	2.24182	1.7991	1.11782	1.76597	0	1.65625	0	0	2.23002	2.34271	1.67893	1.62519	2.31662	2.64272	1.39316	1.15631	1.88443	1.1431	0	0	0	1.1114	0	0	0	0	0	0	0	1.95123	2.19093	1.9726	0	2.19129	2.61407	1.05822	0	0	0	1.17674	1.48089	1.31381	2.75421	1.34725	0	1.92046	2.93936	1.97458	1.69154	1.90834	1.21534	2.5934	1.5019	1.50356	2.94139	1.00436	0	0	0	0	0	0	0	0	0	0	0	0	0	0	0	0	1.62909	0	1.86144	0	0	1.09579	2.00946	0	0	0	0	0	0	0	0	0	0	0	1.74099	2.30541	0	0	0	0	0	0	0	0	0	0	0	0	0	0	0	0	0	0	2.04183	0	0	2.85231	1.26341	1.58439	2.93645	1.2136	2.25931	2.65499	0	1.17692	1.40823	1.34547	2.17027	1.63291	1.69678	1.81253	1.95871	1.72122	0	0	0	0	0	0	2.40942	2.02623	1.69554	1.05529	2.54602	0	0	0	0	1.09513	2.29103	0	0	0	0	0	0	0	0	0	0	2.95169	1.18817	1.00854	2.02832	0	0	0	0	1.61468	0	0	0	0	0	0	0	0	0	0	1.52899	2.92737	2.85375	2.66018	2.03474	1.62168	2.13569	0	0	0	0	0	2.23539	2.53088	0	0	0	1.53686	0	0	0	0	2.37273	1.84274	0	1.42594	2.36678	2.20195	2.28254	1.42542	2.64263	2.56849	2.99755	2.83796	0	0	0	0	1.88372	0	1.39662	0	0	0	0	0	0	1.98886	0	0	0	0	0	0	2.82946	0	2.0748	1.49422	2.02457	2.24769	2.18079	0	1.2786	1.18747	0	0	0	0	0	0	0	0	0	0	0	0	0	0	0	0	0	0	0	0	0	0	0	0	0	0	1.05123	0	0	0	1.79301	1.65833	2.70242	1.25391	2.66423	1.49594	1.74986	2.5116	1.72693	0	0	0	2.77077	2.99796	2.88089	2.73218	0	0	0	0	1.39892	2.9094	0	0	0	0	0	0	0	0	0	0	0	0	2.20678	0	0	0	0	2.73009	1.90792	2.8476	0	2.85398	2.30414	2.75543	2.76277	0	2.04435	2.43843	1.34731	0	0	0	0	0	1.7515	0	0	0	0	2.55528	2.53683	1.13635	2.43857	2.68196	2.50687	1.29877	0	0	2.3347	0	0	0	1.53143	2.51374	2.54495	1.9667	2.07333	1.26692	1.29653	0	0	0	0	0	0	2.27099	1.4189	0	0	0	0	0	0	0	0	0	0	0	1.9773	1.32322	2.554	1.95566	2.25122	0	1.74779	2.50329	1.13759	1.70152	0	1.00637	1.26589	1.76738	0	0	0	0	1.56423	2.74835	2.21627	0	2.7781	1.34892	2.02928	1.52905	0	1.0684	0	1.59078	2.69719	1.76358	1.3162	1.98168	2.96498	0	0	0	0	1.02748	0	0	1.11193	0	2.18187	2.82139	1.51769	1.33777	1.38403	1.83452	1.94292	2.99242	0	0	2.01249	1.87843	2.36506	1.36536	1.35383	1.22997	1.43206	0	0	0	0	2.75224	1.26231	1.44459	2.05051	1.29987	1.16829	0	2.27198	0	0	0	0	0	1.37355	1.03262	1.65538	1.8941	2.0233	1.14392	1.79172	1.41279	0	0	1.871	2.92578	2.82592	2.31722	2.98635	2.77136	1.56388	1.27342	2.01424	2.18303	0	0	0	0	0	0	0	0	0	2.64659	2.8492	2.10644	1.64516	0	2.60495	2.19813	2.72764	2.32717	2.58444	0	0	2.07597	2.41578	1.52735	2.98426	1.94446	2.87176	2.11049	1.62754	2.43982	2.6346	1.95423	1.87019	1.35908	1.05113	1.60796	1.61632	2.97889	1.8752	2.0775	1.95717	2.32257	1.62146	1.63249	1.7471	0	0	0	0	0	0	0	0	2.48118	2.47966	2.18924	0	0	2.83666	0	0	0	0	0	0	1.63744	2.44242	1.56259	2.66646	1.6217	2.38305	2.07231	0	0	0	0	2.70238	2.69015	1.7135	1.50753	1.08323	2.8323	1.7111	1.07571	2.66137	1.67413	1.33457	1.06909	0	0	0	0	2.39753	1.57301	1.80235	2.90197	2.86789	2.25732	1.66831	2.52721	1.39826	0	1.77539	2.86624	2.12102	1.57019	2.32265	2.43709	2.66048	0	2.38853	2.07066	2.58842	1.02575	1.54078	1.68041	2.90965	1.07287	2.94946	2.46479	2.69243	2.75451	2.18787	0.354605	-0.0673181	0.446429	20.2346
0	0	0	0	0	0	0	0	0	0	0	0	0	2.42536	1.86393	1.97391	2.50628	0	0	1.01792	1.17272	0	0	0	0	0	2.68464	1.8777	2.55533	1.19431	1.01336	0	0	0	0	0	0	0	0	2.77969	2.15969	1.00592	2.61203	0	0	0	2.13921	2.30875	2.74436	1.53347	2.86034	2.38419	2.19987	1.23564	1.05428	2.52932	2.00948	2.80084	2.85173	1.77149	2.24182	1.7991	1.11782	1.76597	0	0	0	0	2.23002	2.34271	1.67893	1.62519	2.31662	2.64272	1.39316	1.15631	1.88443	1.1431	1.03149	0	0	1.1114	0	0	0	0	0	0	0	1.95123	2.19093	0	0	2.19129	2.61407	1.05822	0	0	0	1.17674	1.48089	1.31381	2.75421	1.34725	0	1.92046	2.93936	1.97458	1.69154	1.90834	1.21534	2.5934	1.5019	1.50356	2.94139	1.00436	0	0	0	0	0	0	0	0	0	0	0	0	0	0	0	0	1.62909	0	1.86144	0	0	1.09579	2.00946	0	0	0	0	0	0	0	0	0	0	0	1.74099	2.30541	0	0	0	0	1.97177	0	0	0	0	0	0	0	0	0	0	0	0	1.40008	2.04183	0	0	2.85231	1.26341	1.58439	2.93645	1.2136	2.25931	2.65499	0	1.17692	1.00586	1.34547	2.17027	1.63291	1.69678	1.81253	1.95871	1.72122	0	0	0	0	0	2.59785	2.40942	2.02623	1.69554	1.05529	2.54602	0	0	0	0	1.09513	2.29103	0	2.96346	0	0	0	0	0	0	0	0	2.95169	1.18817	1.00854	2.02832	0	0	0	0	1.61468	0	0	0	0	0	0	0	0	2.78536	0	1.52899	2.92737	2.85375	2.66018	2.03474	1.62168	2.13569	0	0	0	0	0	2.23539	2.53088	0	0	0	1.53686	0	0	0	0	2.37273	1.84274	1.41006	1.42594	2.36678	2.20195	2.28254	1.42542	2.64263	2.56849	2.99755	2.83796	0	0	0	2.18313	1.88372	0	1.39662	0	0	0	0	0	0	1.98886	0	0	0	0	0	0	2.82946	0	2.0748	1.49422	2.02457	2.24769	2.18079	0	1.2786	2.00093	0	0	0	0	0	0	0	0	0	0	0	0	0	0	0	0	0	0	0	0	0	0	0	0	0	0	1.05123	0	0	0	1.79301	1.65833	2.70242	1.25391	2.66423	1.49594	1.74986	2.5116	0	0	0	0	2.77077	2.99796	2.88089	2.73218	0	0	0	0	1.39892	0	0	0	0	0	0	0	0	0	0	0	0	0	0	0	0	0	0	2.73009	1.90792	2.8476	0	2.85398	2.30414	2.75543	2.76277	2.24152	2.04435	2.43843	1.34731	0	0	0	0	0	1.7515	0	0	0	2.78238	2.55528	2.53683	1.13635	2.43857	2.68196	2.50687	1.29877	0	0	2.3347	0	0	2.31651	1.53143	2.51374	2.54495	1.9667	2.07333	1.26692	1.29653	0	0	0	0	0	1.33201	2.27099	1.4189	0	0	0	0	0	0	0	0	0	0	2.59935	1.9773	1.32322	2.554	1.95566	2.25122	0	1.74779	2.50329	1.13759	1.70152	0	1.00637	2.16522	1.76738	0	0	0	0	1.56423	2.74835	2.21627	0	2.7781	1.34892	2.02928	0	0	1.0684	0	1.59078	2.69719	1.76358	1.3162	1.98168	2.96498	0	0	0	1.78424	1.02748	0	0	1.11193	0	2.18187	2.82139	1.51769	1.33777	1.38403	1.83452	1.94292	0	0	0	2.01249	1.87843	2.36506	1.36536	1.35383	1.22997	1.43206	0	0	0	2.37612	2.75224	1.26231	1.44459	2.05051	1.29987	1.16829	0	2.27198	0	0	0	0	0	1.37355	1.03262	1.65538	1.8941	2.0233	1.14392	1.79172	1.41279	0	0	1.871	2.92578	0	2.31722	2.98635	2.77136	1.56388	1.27342	2.01424	2.18303	0	0	0	0	0	0	0	0	0	2.64659	2.8492	2.10644	1.64516	0	2.60495	2.19813	2.72764	2.32717	2.64094	0	0	2.07597	2.41578	1.52735	2.98426	1.94446	2.87176	2.11049	1.62754	2.43982	2.6346	2.59608	1.87019	1.35908	1.05113	1.60796	1.61632	2.97889	1.8752	2.0775	1.95717	2.32257	1.62146	1.63249	0	0	0	0	0	0	0	0	0	2.48118	2.47966	2.18924	0	0	2.83666	0	0	0	0	0	0	1.63744	2.44242	1.56259	2.66646	1.6217	1.48013	2.07231	0	0	0	0	2.70238	2.69015	1.7135	1.50753	1.08323	2.8323	1.7111	1.59298	2.66137	1.67413	1.33457	1.06909	0	0	0	0	2.39753	1.57301	1.80235	2.90197	2.36078	2.25732	1.66831	2.52721	1.39826	0	1.77539	2.86624	2.12102	1.57019	2.32265	2.43709	2.66048	2.38137	2.38853	2.07066	2.58842	1.02575	1.54078	1.68041	2.90965	1.07287	2.94946	2.46479	2.69243	2.75451	0.239316	-0.104549	0.452381	21.1604
0	0	0	0	0	0	0	0	0	0	0	0	0	2.78663	2.42536	1.86393	1.97391	2.50628	0	0	1.01792	1.17272	0	0	0	0	2.94251	2.68464	1.8777	2.55533	1.19431	1.01336	0	0	0	0	0	0	0	2.37541	2.77969	2.15969	1.00592	2.61203	0	0	0	2.13921	2.30875	2.74436	1.53347	2.86034	2.11113	2.19987	1.23564	1.05428	2.52932	2.00948	2.80084	2.85173	1.77149	2.24182	1.7991	1.11782	1.76597	0	0	0	0	2.23002	2.34271	1.67893	1.62519	2.31662	2.64272	1.39316	1.15631	1.88443	1.67254	1.03149	0	0	1.1114	0	0	0	0	0	0	0	1.95123	0	0	0	2.19129	2.61407	1.05822	0	0	0	1.17674	1.48089	1.31381	2.75421	0	0	1.92046	2.93936	1.97458	1.69154	1.90834	1.21534	2.5934	1.5019	1.50356	2.94139	1.00436	2.71331	0	0	0	0	0	0	0	0	0	0	0	0	0	0	0	1.62909	0	1.86144	0	0	1.09579	2.00946	0	0	0	0	0	0	0	0	0	0	0	1.74099	2.30541	0	0	0	2.53839	1.97177	0	0	0	0	0	0	0	0	0	0	0	1.96161	1.40008	2.04183	0	0	2.85231	1.26341	1.58439	2.93645	1.2136	2.25931	2.65499	0	2.23412	1.00586	1.34547	2.17027	1.63291	1.69678	1.81253	1.95871	1.72122	0	0	0	0	1.76781	2.59785	2.40942	2.02623	1.69554	1.05529	2.54602	0	0	0	0	1.09513	2.29103	1.0159	2.96346	0	0	0	0	0	0	0	0	2.95169	1.18817	1.00854	0	0	0	0	0	1.61468	0	0	0	0	0	0	0	0	2.78536	0	1.52899	2.92737	2.85375	2.66018	2.03474	1.62168	2.13569	0	0	0	0	0	2.23539	2.53088	0	0	0	1.53686	0	0	0	0	2.37273	0	1.41006	1.42594	2.36678	2.20195	2.28254	1.42542	2.64263	2.56849	2.99755	2.83796	0	0	1.64514	2.18313	1.88372	0	1.39662	0	0	0	0	0	0	1.98886	0	0	0	0	0	0	2.82946	0	2.0748	1.49422	2.02457	2.24769	2.18079	0	0	2.00093	0	0	0	0	0	0	0	0	0	0	0	0	0	0	0	0	0	0	0	0	0	0	0	0	0	0	1.05123	0	0	0	1.79301	1.65833	2.70242	1.25391	2.66423	1.49594	1.74986	0	0	0	0	0	2.77077	2.99796	2.88089	2.73218	0	0	0	0	0	0	0	0	0	0	0	0	0	0	0	0	0	0	0	0	0	0	0	2.73009	1.90792	2.8476	0	2.85398	2.30414	2.75543	2.20868	2.24152	2.04435	2.43843	1.34731	0	0	0	0	0	1.7515	0	0	2.90922	2.78238	2.55528	2.53683	1.13635	2.43857	2.68196	2.50687	1.29877	0	0	2.3347	0	1.43996	2.31651	1.53143	2.51374	2.54495	1.9667	2.07333	1.26692	1.29653	0	0	0	0	2.34351	1.33201	2.27099	1.4189	0	0	0	0	0	0	0	0	0	2.55608	2.59935	1.9773	1.32322	2.554	1.95566	2.25122	0	1.74779	2.50329	1.13759	1.70152	0	1.22959	2.16522	1.76738	0	0	0	0	1.56423	2.74835	2.21627	0	2.7781	1.34892	0	0	0	1.0684	0	1.59078	2.69719	1.76358	1.3162	1.98168	2.96498	0	0	1.54776	1.78424	1.02748	0	0	1.11193	0	2.18187	2.82139	1.51769	1.33777	1.38403	1.83452	0	0	0	0	2.01249	1.87843	2.36506	1.36536	1.35383	1.22997	1.43206	0	0	1.28153	2.37612	2.75224	1.26231	1.44459	2.05051	1.29987	1.16829	0	2.27198	0	0	0	0	0	1.37355	1.03262	1.65538	1.8941	2.0233	1.14392	1.79172	1.41279	0	0	1.871	0	0	2.31722	2.98635	2.77136	1.56388	1.27342	2.01424	2.18303	0	0	0	0	0	0	0	0	0	2.64659	2.8492	2.10644	1.64516	0	2.60495	2.19813	2.72764	1.88021	2.64094	0	0	2.07597	2.41578	1.52735	2.98426	1.94446	2.87176	2.11049	1.62754	2.43982	2.86354	2.59608	1.87019	1.35908	1.05113	1.60796	1.61632	2.97889	1.8752	2.0775	1.95717	2.32257	1.62146	0	0	0	0	0	0	0	0	0	0	2.48118	2.47966	2.18924	0	0	2.83666	0	0	0	0	0	0	1.63744	2.44242	1.56259	2.66646	2.06752	1.48013	2.07231	0	0	0	0	2.70238	2.69015	1.7135	1.50753	1.08323	2.8323	2.49892	1.59298	2.66137	1.67413	1.33457	1.06909	0	0	0	0	2.39753	1.57301	1.80235	2.32856	2.36078	2.25732	1.66831	2.52721	1.39826	0	1.77539	2.86624	2.12102	1.57019	2.32265	2.43709	0	2.38137	2.38853	2.07066	2.58842	1.02575	1.54078	1.68041	2.90965	1.07287	2.94946	2.46479	2.69243	0.120537	-0.194501	0.458333	21.1064
0	0	0	0	0	0	0	0	0	0	0	0	0	1.57719	2.78663	2.42536	1.86393	1.97391	2.50628	0	0	1.01792	1.17272	0	0	0	2.05379	2.94251	2.68464	1.8777	2.55533	1.19431	1.01336	0	0	0	0	0	0	0	2.37541	2.77969	2.15969	1.00592	2.61203	0	0	0	2.13921	2.30875	2.74436	1.53347	1.84522	2.11113	2.19987	1.23564	1.05428	2.52932	2.00948	2.80084	2.85173	1.77149	2.24182	1.7991	1.11782	0	0	0	0	0	2.23002	2.34271	1.67893	1.62519	2.31662	2.64272	1.39316	1.15631	0	1.67254	1.03149	0	0	1.1114	0	0	0	0	0	0	0	0	0	0	0	2.19129	2.61407	1.05822	0	0	0	1.17674	1.48089	1.31381	0	0	0	1.92046	2.93936	1.97458	1.69154	1.90834	1.21534	2.5934	1.5019	1.50356	2.94139	1.97745	2.71331	0	0	0	0	0	0	0	0	0	0	0	0	0	0	0	1.62909	0	1.86144	0	0	1.09579	2.00946	0	0	0	0	0	0	0	0	0	0	0	1.74099	2.30541	0	0	1.44962	2.53839	1.97177	0	0	0	0	0	0	0	0	0	0	2.27769	1.96161	1.40008	2.04183	0	0	2.85231	1.26341	1.58439	2.93645	1.2136	2.25931	2.65499	1.61066	2.23412	1.00586	1.34547	2.17027	1.63291	1.69678	1.81253	1.95871	1.72122	0	0	0	1.00884	1.76781	2.59785	2.40942	2.02623	1.69554	1.05529	2.54602	0	0	0	0	1.09513	2.38526	1.0159	2.96346	0	0	0	0	0	0	0	0	2.95169	1.18817	1.44834	0	0	0	0	0	1.61468	0	0	0	0	0	0	0	0	2.78536	0	1.52899	2.92737	2.85375	2.66018	2.03474	1.62168	2.13569	0	0	0	0	0	2.23539	2.53088	0	0	0	1.53686	0	0	0	0	0	0	1.41006	1.42594	2.36678	2.20195	2.28254	1.42542	2.64263	2.56849	2.99755	2.83796	0	1.86995	1.64514	2.18313	1.88372	0	1.39662	0	0	0	0	0	0	1.98886	0	0	0	0	0	0	2.82946	0	2.0748	1.49422	2.02457	2.24769	2.18079	0	0	2.00093	0	0	0	0	0	0	0	0	0	0	0	0	0	0	0	0	0	0	0	0	0	0	0	0	0	0	1.05123	0	0	0	1.79301	1.65833	2.70242	1.25391	2.66423	1.49594	2.80351	0	0	0	0	0	2.77077	2.99796	2.88089	2.73218	0	0	0	0	0	0	0	0	0	0	0	0	0	0	0	0	0	0	0	0	0	0	0	2.73009	1.90792	2.8476	0	2.85398	2.30414	1.78908	2.20868	2.24152	2.04435	2.43843	1.34731	0	0	0	0	0	1.7515	0	1.57447	2.90922	2.78238	2.55528	2.53683	1.13635	2.43857	2.68196	2.50687	1.29877	0	0	2.3347	2.6602	1.43996	2.31651	1.53143	2.51374	2.54495	1.9667	2.07333	1.26692	1.29653	0	0	0	1.31023	2.34351	1.33201	2.27099	1.4189	0	0	0	0	0	0	0	0	1.13679	2.55608	2.59935	1.9773	1.32322	2.554	1.95566	2.25122	0	1.74779	2.50329	1.13759	1.70152	2.90726	1.22959	2.16522	1.76738	0	0	0	0	1.56423	2.74835	2.21627	0	2.7781	0	0	0	0	1.0684	0	1.59078	2.69719	1.76358	1.3162	1.98168	2.96498	0	2.52319	1.54776	1.78424	1.02748	0	0	1.11193	0	2.18187	2.82139	1.51769	1.33777	1.38403	0	0	0	0	0	2.01249	1.87843	2.36506	1.36536	1.35383	1.22997	1.43206	0	1.82847	1.28153	2.37612	2.75224	1.26231	1.44459	2.05051	1.29987	1.16829	0	2.27198	0	0	2.35346	0	0	1.37355	1.03262	1.65538	1.8941	2.0233	1.14392	1.79172	1.41279	0	0	2.06346	0	0	2.31722	2.98635	2.77136	1.56388	1.27342	2.01424	2.18303	0	0	0	0	0	0	0	0	0	2.64659	2.8492	2.10644	1.64516	0	2.60495	2.19813	0	1.88021	2.64094	0	0	2.07597	2.41578	1.52735	2.98426	1.94446	2.87176	2.11049	1.62754	2.83375	2.86354	2.59608	1.87019	1.35908	1.05113	1.60796	1.61632	2.97889	1.8752	2.0775	1.95717	2.32257	1.12264	0	0	0	0	0	0	0	0	0	0	2.48118	2.47966	0	0	0	2.83666	0	0	0	0	0	0	1.63744	2.44242	1.56259	2.90596	2.06752	1.48013	2.07231	0	0	0	0	2.70238	2.69015	1.7135	1.50753	1.08323	1.87174	2.49892	1.59298	2.66137	1.67413	1.33457	1.06909	0	0	0	0	2.39753	1.57301	0	2.32856	2.36078	2.25732	1.66831	2.52721	1.39826	0	1.77539	2.86624	2.12102	1.57019	2.32265	0	0	2.38137	2.38853	2.07066	2.58842	1.02575	1.54078	1.68041	2.90965	1.07287	2.94946	2.46479	-3.21625e-16	-0.182663	0.464286	20.0639
2.18203	0	0	0	0	0	0	0	0	0	0	0	0	1.13728	1.57719	2.78663	2.42536	1.86393	1.97391	2.50628	0	0	1.01792	1.17272	0	0	2.95811	2.05379	2.94251	2.68464	1.8777	2.55533	1.19431	1.01336	0	0	0	0	0	1.41232	0	2.37541	2.77969	2.15969	1.00592	2.61203	0	0	0	2.13921	2.30875	2.74436	2.46291	1.84522	2.11113	2.19987	1.23564	1.05428	2.52932	2.00948	2.80084	2.85173	1.77149	2.24182	1.7991	0	0	0	0	0	0	2.23002	2.34271	1.67893	1.62519	2.31662	2.64272	1.39316	0	0	1.67254	1.03149	0	0	1.1114	0	0	0	0	0	0	0	0	0	0	0	2.19129	2.61407	1.05822	0	0	0	1.17674	1.48089	1.71945	0	0	0	1.92046	2.93936	1.97458	1.69154	1.90834	1.21534	2.5934	1.5019	1.50356	1.7043	1.97745	2.71331	0	0	0	0	0	0	0	0	0	0	0	0	0	0	0	1.62909	0	1.86144	0	0	1.09579	2.00946	0	0	0	0	0	0	0	0	0	0	0	1.74099	2.30541	0	1.73101	1.44962	2.53839	1.97177	0	0	0	0	0	0	0	0	0	1.46401	2.27769	1.96161	1.40008	2.04183	0	0	2.85231	1.26341	1.58439	2.93645	1.2136	2.25931	2.12752	1.61066	2.23412	1.00586	1.34547	2.17027	1.63291	1.69678	1.81253	1.95871	1.72122	0	0	1.37034	1.00884	1.76781	2.59785	2.40942	2.02623	1.69554	1.05529	2.54602	0	0	0	0	2.31224	2.38526	1.0159	2.96346	0	0	0	0	0	0	0	0	2.95169	1.69916	1.44834	0	0	0	0	0	1.61468	0	0	0	0	0	1.22073	0	0	2.78536	0	1.52899	2.92737	2.85375	2.66018	2.03474	1.62168	2.13569	0	0	0	0	0	2.23539	2.53088	0	0	0	1.53686	0	0	0	0	0	0	1.41006	1.42594	2.36678	2.20195	2.28254	1.42542	2.64263	2.56849	2.99755	2.83796	2.36744	1.86995	1.64514	2.18313	1.88372	0	1.39662	0	0	0	0	0	0	0	0	0	0	0	0	0	2.82946	0	2.0748	1.49422	2.02457	2.24769	0	0	0	2.00093	0	0	0	0	0	0	0	0	0	0	0	0	0	0	0	0	0	0	0	0	0	0	0	0	0	0	1.05123	0	0	0	1.79301	1.65833	2.70242	1.25391	2.66423	2.33172	2.80351	0	0	0	0	0	2.77077	2.99796	2.88089	2.73218	0	0	0	0	0	0	0	0	0	0	0	0	0	0	0	2.75415	0	0	0	0	0	0	0	2.73009	1.90792	2.8476	0	2.85398	0	1.78908	2.20868	2.24152	2.04435	2.43843	1.34731	0	0	0	0	0	1.7515	0	1.57447	2.90922	2.78238	2.55528	2.53683	1.13635	2.43857	2.68196	2.50687	1.29877	0	0	2.07028	2.6602	1.43996	2.31651	1.53143	2.51374	2.54495	1.9667	2.07333	1.26692	1.29653	0	0	2.83534	1.31023	2.34351	1.33201	2.27099	1.4189	0	0	0	0	0	0	0	2.2503	1.13679	2.55608	2.59935	1.9773	1.32322	2.554	1.95566	2.25122	0	1.74779	2.50329	1.13759	1.75755	2.90726	1.22959	2.16522	1.76738	0	0	0	0	1.56423	2.74835	2.21627	0	0	0	0	0	0	1.0684	0	1.59078	2.69719	1.76358	1.3162	1.98168	2.96498	0	2.52319	1.54776	1.78424	1.02748	0	0	1.11193	0	2.18187	2.82139	1.51769	1.33777	0	0	0	0	0	0	2.01249	1.87843	2.36506	1.36536	1.35383	1.22997	1.43206	2.94676	1.82847	1.28153	2.37612	2.75224	1.26231	1.44459	2.05051	1.29987	1.16829	0	2.27198	0	2.25426	2.35346	0	0	1.37355	1.03262	1.65538	1.8941	2.0233	1.14392	1.79172	1.41279	0	2.42709	2.06346	0	0	2.31722	2.98635	2.77136	1.56388	1.27342	2.01424	2.18303	0	0	0	0	0	0	0	0	0	2.64659	2.8492	2.10644	1.64516	0	2.60495	0	0	1.88021	2.64094	0	0	2.07597	2.41578	1.52735	2.98426	1.94446	2.87176	2.11049	2.38794	2.83375	2.86354	2.59608	1.87019	1.35908	1.05113	1.60796	1.61632	2.97889	1.8752	2.0775	1.95717	1.56809	1.12264	0	0	0	0	0	0	0	0	0	0	2.48118	0	0	0	0	2.83666	0	0	0	0	0	0	1.63744	2.44242	0	2.90596	2.06752	1.48013	2.07231	0	0	0	0	2.70238	2.69015	1.7135	1.50753	1.62109	1.87174	2.49892	1.59298	2.66137	1.67413	1.33457	1.06909	0	0	0	0	2.39753	2.3968	0	2.32856	2.36078	2.25732	1.66831	2.52721	1.39826	0	1.77539	2.86624	2.12102	1.57019	0	0	0	2.38137	2.38853	2.07066	2.58842	1.02575	1.54078	1.68041	2.90965	1.07287	2.94946	-0.120537	-0.0912121	0.470238	21.9822
1.73886	2.18203	0	0	0	0	0	0	0	0	0	0	0	1.26543	1.13728	1.57719	2.78663	2.42536	1.86393	1.97391	2.50628	0	0	1.01792	1.17272	0	1.82832	2.95811	2.05379	2.94251	2.68464	1.8777	2.55533	1.19431	1.01336	0	0	0	0	2.14336	1.41232	0	2.37541	2.77969	2.15969	1.00592	2.61203	0	0	0	2.13921	2.30875	2.76057	2.46291	1.84522	2.11113	2.19987	1.23564	1.05428	2.52932	2.00948	2.80084	2.85173	1.77149	2.24182	0	0	0	0	0	0	0	2.23002	2.34271	1.67893	1.62519	2.31662	2.64272	1.2846	0	0	1.67254	1.03149	0	0	1.1114	0	0	0	0	0	0	0	0	0	0	0	2.19129	2.61407	1.05822	0	0	0	1.17674	2.65081	1.71945	0	0	0	1.92046	2.93936	1.97458	1.69154	1.90834	1.21534	2.5934	1.5019	1.57111	1.7043	1.97745	2.71331	0	0	0	0	0	0	0	0	0	2.87749	0	0	0	0	0	1.62909	0	1.86144	0	0	1.09579	2.00946	1.00553	0	0	0	0	0	0	0	0	0	0	1.74099	2.30541	2.69256	1.73101	1.44962	2.53839	1.97177	0	0	0	0	0	0	0	0	2.03037	1.46401	2.27769	1.96161	1.40008	2.04183	0	0	2.85231	1.26341	1.58439	2.93645	1.2136	0	2.12752	1.61066	2.23412	1.00586	1.34547	2.17027	1.63291	1.69678	1.81253	1.95871	1.72122	0	1.26488	1.37034	1.00884	1.76781	2.59785	2.40942	2.02623	1.69554	1.05529	2.54602	0	0	0	2.59084	2.31224	2.38526	1.0159	2.96346	0	0	0	0	0	0	0	0	1.44636	1.69916	1.44834	0	0	0	0	0	1.61468	0	0	0	0	1.29268	1.22073	0	0	2.78536	0	1.52899	2.92737	2.85375	2.66018	2.03474	1.62168	2.13569	0	0	0	0	0	2.23539	2.53088	0	0	0	1.53686	0	0	0	0	0	0	1.41006	1.42594	2.36678	2.20195	2.28254	1.42542	2.64263	2.56849	2.99755	2.64337	2.36744	1.86995	1.64514	2.18313	1.88372	0	1.39662	0	0	0	0	0	0	0	0	0	0	0	0	0	2.82946	0	2.0748	1.49422	2.02457	2.8401	0	0	0	2.00093	0	0	0	0	0	0	0	0	0	0	0	0	0	0	0	0	0	0	0	0	0	0	0	0	0	0	1.05123	0	0	0	1.79301	1.65833	2.70242	1.25391	0	2.33172	2.80351	0	0	0	0	0	2.77077	2.99796	2.88089	2.73218	0	0	0	0	0	0	0	0	0	0	0	0	0	0	2.53446	2.75415	0	0	0	0	0	0	0	2.73009	1.90792	2.8476	0	1.12041	0	1.78908	2.20868	2.24152	2.04435	2.43843	1.34731	0	0	0	0	0	0	0	1.57447	2.90922	2.78238	2.55528	2.53683	1.13635	2.43857	2.68196	2.50687	1.29877	0	1.2548	2.07028	2.6602	1.43996	2.31651	1.53143	2.51374	2.54495	1.9667	2.07333	1.26692	1.29653	0	0	2.83534	1.31023	2.34351	1.33201	2.27099	1.4189	0	0	0	0	0	0	0	2.2503	1.13679	2.55608	2.59935	1.9773	1.32322	2.554	1.95566	2.25122	0	1.74779	2.50329	1.51309	1.75755	2.90726	1.22959	2.16522	1.76738	0	0	0	0	1.56423	2.74835	2.21627	0	0	0	0	0	0	1.0684	0	1.59078	2.69719	1.76358	1.3162	1.98168	0	0	2.52319	1.54776	1.78424	1.02748	0	0	1.11193	0	2.18187	2.82139	1.51769	0	0	0	0	0	0	0	2.01249	1.87843	2.36506	1.36536	1.35383	1.22997	2.45294	2.94676	1.82847	1.28153	2.37612	2.75224	1.26231	1.44459	2.05051	1.29987	1.16829	0	2.27198	2.56491	2.25426	2.35346	0	0	1.37355	1.03262	1.65538	1.8941	2.0233	1.14392	1.79172	1.41279	1.1264	2.42709	2.06346	0	0	2.31722	2.98635	2.77136	1.56388	1.27342	2.01424	2.18303	0	0	0	0	0	0	0	0	0	2.64659	2.8492	2.10644	1.64516	0	2.97063	0	0	1.88021	2.64094	0	0	2.07597	2.41578	1.52735	2.98426	1.94446	2.87176	2.67269	2.38794	2.83375	2.86354	2.59608	1.87019	1.35908	1.05113	1.60796	1.61632	2.97889	1.8752	2.0775	2.12066	1.56809	1.12264	0	0	0	0	0	0	0	0	0	0	0	0	0	0	0	2.83666	0	0	0	0	0	0	1.63744	0	0	2.90596	2.06752	1.48013	2.07231	0	0	0	0	2.70238	2.69015	1.7135	2.31535	1.62109	1.87174	2.49892	1.59298	2.66137	1.67413	1.33457	1.06909	0	0	0	0	0	2.3968	0	2.32856	2.36078	2.25732	1.66831	2.52721	1.39826	0	1.77539	2.86624	2.12102	0	0	0	0	2.38137	2.38853	2.07066	2.58842	1.02575	1.54078	1.68041	2.90965	1.07287	-0.239316	-0.0158483	0.47619	22.8947
1.16345	1.73886	2.18203	0	0	0	0	0	0	0	0	0	0	0	1.26543	1.13728	1.57719	2.78663	2.42536	1.86393	1.97391	2.50628	0	0	1.01792	1.17272	1.23145	1.82832	2.95811	2.05379	2.94251	2.68464	1.8777	2.55533	1.19431	1.01336	0	0	0	2.59524	2.14336	1.41232	0	2.37541	2.77969	2.15969	1.00592	2.61203	0	0	0	2.13921	1.56927	2.76057	2.46291	1.84522	2.11113	2.19987	1.23564	1.05428	2.52932	2.00948	2.80084	2.85173	1.77149	1.15037	0	0	0	0	0	0	0	2.23002	2.34271	1.67893	1.62519	2.31662	2.72444	1.2846	0	0	1.67254	1.03149	0	0	1.1114	0	0	0	0	0	0	0	0	0	0	0	2.19129	2.61407	1.05822	0	0	0	2.75918	2.65081	1.71945	0	0	0	1.92046	2.93936	1.97458	1.69154	1.90834	1.21534	2.5934	2.96356	1.57111	1.7043	1.97745	2.71331	0	0	0	0	0	0	0	0	1.23895	2.87749	0	0	0	0	0	1.62909	0	1.86144	0	0	1.09579	2.43337	1.00553	0	0	0	0	0	0	0	0	0	0	1.74099	2.58868	2.69256	1.73101	1.44962	2.53839	1.97177	0	0	0	0	0	0	0	0	2.03037	1.46401	2.27769	1.96161	1.40008	2.04183	0	0	2.85231	1.26341	1.58439	2.93645	0	0	2.12752	1.61066	2.23412	1.00586	1.34547	2.17027	1.63291	1.69678	1.81253	1.95871	1.72122	0	1.26488	1.37034	1.00884	1.76781	2.59785	2.40942	2.02623	1.69554	1.05529	2.54602	0	0	1.82923	2.59084	2.31224	2.38526	1.0159	2.96346	0	0	0	0	0	0	0	2.88449	1.44636	1.69916	1.44834	0	0	0	0	0	1.61468	0	0	0	0	1.29268	1.22073	0	0	2.78536	0	1.52899	2.92737	2.85375	2.66018	2.03474	1.62168	0	0	0	0	0	0	2.23539	2.53088	0	0	0	1.53686	0	0	0	0	0	0	1.41006	1.42594	2.36678	2.20195	2.28254	1.42542	2.64263	2.56849	2.27989	2.64337	2.36744	1.86995	1.64514	2.18313	1.88372	0	1.39662	0	0	0	0	2.4886	0	0	0	0	0	0	0	0	2.82946	0	2.0748	1.49422	1.30295	2.8401	0	0	0	2.00093	0	0	0	0	0	0	0	0	0	0	0	0	0	0	0	0	0	0	0	0	0	0	0	0	0	0	1.05123	0	0	0	1.79301	1.65833	2.70242	0	0	2.33172	2.80351	0	0	0	0	0	2.77077	2.99796	2.88089	2.73218	0	0	0	0	0	0	0	0	0	0	0	0	0	0	2.53446	2.75415	0	0	0	0	0	0	0	2.73009	1.90792	2.8476	1.20157	1.12041	0	1.78908	2.20868	2.24152	2.04435	2.43843	1.34731	0	0	0	0	0	0	0	1.57447	2.90922	2.78238	2.55528	2.53683	1.13635	2.43857	2.68196	2.50687	1.29877	2.25329	1.2548	2.07028	2.6602	1.43996	2.31651	1.53143	2.51374	2.54495	1.9667	2.07333	1.26692	1.29653	2.55394	0	2.83534	1.31023	2.34351	1.33201	2.27099	1.4189	0	0	0	0	0	0	0	2.2503	1.13679	2.55608	2.59935	1.9773	1.32322	2.554	1.95566	2.25122	0	1.74779	2.77028	1.51309	1.75755	2.90726	1.22959	2.16522	1.76738	0	0	0	0	1.56423	2.74835	0	0	0	0	0	0	0	1.0684	0	1.59078	2.69719	1.76358	1.3162	0	0	0	2.52319	1.54776	1.78424	1.02748	0	0	1.11193	0	2.18187	2.82139	2.72187	0	0	0	0	0	0	0	2.01249	1.87843	2.36506	1.36536	1.35383	1.92131	2.45294	2.94676	1.82847	1.28153	2.37612	2.75224	1.26231	1.44459	2.05051	1.29987	1.16829	0	1.71951	2.56491	2.25426	2.35346	0	0	1.37355	1.03262	1.65538	1.8941	2.0233	1.14392	1.79172	2.93024	1.1264	2.42709	2.06346	0	0	2.31722	2.98635	2.77136	1.56388	1.27342	2.01424	2.18303	0	0	0	0	0	0	0	0	0	2.64659	2.8492	2.10644	1.64516	2.98212	2.97063	0	0	1.88021	2.64094	0	0	2.07597	2.41578	1.52735	2.98426	1.94446	0	2.67269	2.38794	2.83375	2.86354	2.59608	1.87019	1.35908	1.05113	1.60796	1.61632	2.97889	1.8752	1.78355	2.12066	1.56809	1.12264	0	0	0	0	0	0	0	0	0	0	0	0	0	0	0	2.83666	0	0	0	0	0	0	0	0	0	2.90596	2.06752	1.48013	2.07231	0	0	0	0	2.70238	2.69015	1.46666	2.31535	1.62109	1.87174	2.49892	1.59298	2.66137	1.67413	1.33457	1.06909	0	0	0	2.34664	0	2.3968	0	2.32856	2.36078	2.25732	1.66831	2.52721	1.39826	0	1.77539	2.86624	0	0	0	0	0	2.38137	2.38853	2.07066	2.58842	1.02575	1.54078	1.68041	2.90965	-0.354605	0.0806339	0.482143	22.295
1.5471	1.16345	1.73886	2.18203	0	0	0	0	0	0	0	0	0	0	0	1.26543	1.13728	1.57719	2.78663	2.42536	1.86393	1.97391	2.50628	0	0	1.01792	2.19674	1.23145	1.82832	2.95811	2.05379	2.94251	2.68464	1.8777	2.55533	1.19431	1.01336	0	0	1.44754	2.59524	2.14336	1.41232	0	2.37541	2.77969	2.15969	1.00592	2.61203	0	0	0	1.0007	1.56927	2.76057	2.46291	1.84522	2.11113	2.19987	1.23564	1.05428	2.52932	2.00948	2.80084	2.85173	0	1.15037	0	0	0	0	0	0	0	2.23002	2.34271	1.67893	1.62519	2.84294	2.72444	1.2846	0	0	1.67254	1.03149	0	0	1.1114	0	0	0	0	0	0	0	0	0	0	0	2.19129	2.61407	1.05822	0	0	2.35912	2.75918	2.65081	1.71945	0	0	0	1.92046	2.93936	1.97458	1.69154	1.90834	1.21534	0	2.96356	1.57111	1.7043	1.97745	2.71331	0	0	0	0	0	0	0	1.8121	1.23895	2.87749	0	0	0	0	0	1.62909	0	1.86144	0	0	1.14286	2.43337	1.00553	0	0	0	0	0	0	0	0	0	0	1.4201	2.58868	2.69256	1.73101	1.44962	2.53839	1.97177	0	0	0	0	0	0	0	0	2.03037	1.46401	2.27769	1.96161	1.40008	2.04183	0	0	2.85231	1.26341	1.58439	0	0	0	2.12752	1.61066	2.23412	1.00586	1.34547	2.17027	1.63291	1.69678	1.81253	1.95871	0	0	1.26488	1.37034	1.00884	1.76781	2.59785	2.40942	2.02623	1.69554	1.05529	2.54602	0	1.7451	1.82923	2.59084	2.31224	2.38526	1.0159	2.96346	0	0	0	0	0	0	0	2.88449	1.44636	1.69916	1.44834	0	0	0	0	0	1.61468	0	0	0	0	1.29268	1.22073	0	0	2.78536	0	1.52899	2.92737	2.85375	2.66018	2.03474	0	0	0	0	0	0	0	2.23539	2.53088	0	0	0	1.53686	0	0	0	0	0	0	1.41006	1.42594	2.36678	2.20195	2.28254	1.42542	2.64263	1.15607	2.27989	2.64337	2.36744	1.86995	1.64514	2.18313	1.88372	0	1.39662	0	0	0	2.61099	2.4886	0	0	0	0	0	0	0	0	2.82946	0	2.0748	2.50078	1.30295	2.8401	0	0	0	2.00093	0	0	0	0	0	0	0	0	0	0	0	0	0	0	0	0	0	0	0	0	0	0	0	0	0	0	1.05123	0	0	0	1.79301	1.65833	0	0	0	2.33172	2.80351	0	0	0	0	0	2.77077	2.99796	2.88089	0	0	0	0	0	0	0	0	0	0	0	0	0	0	0	2.53446	2.75415	0	0	0	0	0	0	0	2.73009	1.90792	1.20688	1.20157	1.12041	0	1.78908	2.20868	2.24152	2.04435	2.43843	1.34731	0	0	0	0	0	0	0	1.57447	2.90922	2.78238	2.55528	2.53683	1.13635	2.43857	2.68196	2.50687	1.37537	2.25329	1.2548	2.07028	2.6602	1.43996	2.31651	1.53143	2.51374	2.54495	1.9667	2.07333	1.26692	2.08854	2.55394	0	2.83534	1.31023	2.34351	1.33201	2.27099	1.4189	0	0	0	0	0	0	0	2.2503	1.13679	2.55608	2.59935	1.9773	1.32322	2.554	1.95566	2.25122	0	1.64936	2.77028	1.51309	1.75755	2.90726	1.22959	2.16522	1.76738	0	0	0	0	1.56423	0	0	0	0	0	0	0	0	1.0684	0	1.59078	2.69719	1.76358	2.13246	0	0	0	2.52319	1.54776	1.78424	1.02748	0	0	1.11193	0	2.18187	0	2.72187	0	0	0	0	0	0	0	2.01249	1.87843	2.36506	1.36536	1.29936	1.92131	2.45294	2.94676	1.82847	1.28153	2.37612	2.75224	1.26231	1.44459	2.05051	1.29987	1.16829	1.8231	1.71951	2.56491	2.25426	2.35346	0	0	1.37355	1.03262	1.65538	1.8941	2.0233	1.14392	0	2.93024	1.1264	2.42709	2.06346	0	0	2.31722	2.98635	2.77136	1.56388	1.27342	2.01424	0	0	0	0	0	0	0	0	0	0	2.64659	2.8492	2.10644	1.65414	2.98212	2.97063	0	0	1.88021	2.64094	0	0	2.07597	2.41578	1.52735	2.98426	2.17561	0	2.67269	2.38794	2.83375	2.86354	2.59608	1.87019	1.35908	1.05113	1.60796	1.61632	2.97889	2.20123	1.78355	2.12066	1.56809	1.12264	0	0	0	0	0	0	0	0	0	0	0	0	0	0	0	2.83666	0	0	0	0	0	0	0	0	0	2.90596	2.06752	1.48013	2.07231	0	0	0	0	2.70238	1.63602	1.46666	2.31535	1.62109	1.87174	2.49892	1.59298	2.66137	1.67413	1.33457	1.06909	0	0	0	2.34664	0	2.3968	0	2.32856	2.36078	2.25732	1.66831	2.52721	1.39826	0	1.77539	0	0	0	0	0	0	2.38137	2.38853	2.07066	2.58842	1.02575	1.54078	1.68041	-0.464723	0.00895869	0.488095	19.9753
1.39203	1.5471	1.16345	1.73886	2.18203	0	0	0	0	0	0	0	0	2.68116	0	0	1.26543	1.13728	1.57719	2.78663	2.42536	1.86393	1.97391	2.50628	0	0	0	2.19674	1.23145	1.82832	2.95811	2.05379	2.94251	2.68464	1.8777	2.55533	1.19431	1.01336	0	2.19775	1.44754	2.59524	2.14336	1.41232	0	2.37541	2.77969	2.15969	1.00592	2.61203	0	0	1.51536	1.0007	1.56927	2.76057	2.46291	1.84522	2.11113	2.19987	1.23564	1.05428	2.52932	2.00948	2.80084	0	0	1.15037	0	0	0	0	0	0	0	2.23002	2.34271	1.67893	0	2.84294	2.72444	1.2846	0	0	1.67254	1.03149	0	0	1.1114	0	0	0	0	0	0	0	0	0	0	0	2.19129	2.61407	1.05822	0	1.96719	2.35912	2.75918	2.65081	1.71945	0	0	0	1.92046	2.93936	1.97458	1.69154	1.90834	0	0	2.96356	1.57111	1.7043	1.97745	2.71331	0	0	0	0	0	0	0	1.8121	1.23895	2.87749	0	0	0	0	0	1.62909	0	1.86144	0	2.58697	1.14286	2.43337	1.00553	0	0	0	0	0	0	0	0	0	1.78702	1.4201	2.58868	2.69256	1.73101	1.44962	2.53839	1.97177	0	0	0	0	0	0	0	0	2.03037	1.46401	2.27769	1.96161	1.40008	2.04183	0	0	2.85231	1.26341	0	0	0	0	2.12752	1.61066	2.23412	1.00586	1.34547	2.17027	1.63291	1.69678	1.81253	0	0	0	1.26488	1.37034	1.00884	1.76781	2.59785	2.40942	2.02623	1.69554	1.05529	2.54602	2.09623	1.7451	1.82923	2.59084	2.31224	2.38526	1.0159	2.96346	0	0	0	0	0	0	0	2.88449	1.44636	1.69916	1.44834	0	0	0	0	0	1.61468	0	0	0	0	1.29268	1.22073	0	0	2.78536	0	1.52899	2.92737	2.85375	2.66018	0	0	0	0	0	0	0	0	2.23539	2.53088	0	0	0	2.00815	0	0	0	0	0	0	1.41006	1.42594	2.36678	2.20195	2.28254	1.42542	0	1.15607	2.27989	2.64337	2.36744	1.86995	1.64514	2.18313	1.88372	0	1.39662	0	0	2.44116	2.61099	2.4886	0	0	0	0	0	0	0	0	2.82946	0	1.13846	2.50078	1.30295	2.8401	0	0	0	2.00093	0	0	0	0	0	0	0	0	0	0	0	0	0	0	0	0	0	0	0	0	0	0	0	0	0	0	1.05123	0	0	0	1.79301	2.35599	0	0	0	2.33172	2.80351	0	0	0	0	0	2.77077	2.99796	2.28225	0	0	0	0	0	0	0	0	0	0	0	0	0	0	0	2.53446	2.75415	0	0	0	0	0	0	0	2.73009	1.51824	1.20688	1.20157	1.12041	0	1.78908	2.20868	2.24152	2.04435	2.43843	1.34731	0	0	1.73542	0	0	0	0	1.57447	2.90922	2.78238	2.55528	2.53683	1.13635	2.43857	2.68196	1.90345	1.37537	2.25329	1.2548	2.07028	2.6602	1.43996	2.31651	1.53143	2.51374	2.54495	1.9667	2.07333	1.70843	2.08854	2.55394	0	2.83534	1.31023	2.34351	1.33201	2.27099	1.4189	0	0	0	0	0	0	0	2.2503	1.13679	2.55608	2.59935	1.9773	1.32322	2.554	1.95566	2.25122	1.93687	1.64936	2.77028	1.51309	1.75755	2.90726	1.22959	2.16522	1.76738	0	0	0	0	2.79186	0	0	0	0	0	0	0	0	1.0684	0	1.59078	2.69719	2.1459	2.13246	0	0	0	2.52319	1.54776	1.78424	1.02748	0	0	1.11193	0	0	0	2.72187	0	0	0	0	0	0	0	2.01249	1.87843	2.36506	2.84747	1.29936	1.92131	2.45294	2.94676	1.82847	1.28153	2.37612	2.75224	1.26231	1.44459	2.05051	1.29987	0	1.8231	1.71951	2.56491	2.25426	2.35346	0	0	1.37355	1.03262	1.65538	1.8941	2.0233	0	0	2.93024	1.1264	2.42709	2.06346	0	0	2.31722	2.98635	2.77136	1.56388	1.27342	2.92226	0	0	0	0	0	0	0	0	0	0	2.64659	2.8492	1.44542	1.65414	2.98212	2.97063	0	0	1.88021	2.64094	0	0	2.07597	2.41578	1.52735	1.75991	2.17561	0	2.67269	2.38794	2.83375	2.86354	2.59608	1.87019	1.35908	1.05113	1.60796	1.61632	1.29176	2.20123	1.78355	2.12066	1.56809	1.12264	0	0	0	0	0	0	0	0	0	0	0	0	0	0	0	2.83666	0	0	0	0	1.20317	0	0	0	0	2.90596	2.06752	1.48013	2.07231	0	0	0	0	2.07051	1.63602	1.46666	2.31535	1.62109	1.87174	2.49892	1.59298	2.66137	1.67413	1.33457	1.06909	0	0	0	2.34664	0	2.3968	0	2.32856	2.36078	2.25732	1.66831	2.52721	1.39826	0	0	0	0	0	0	0	0	2.38137	2.38853	2.07066	2.58842	1.02575	1.54078	-0.568065	0.0304174	0.494048	19.3414
1.08255	1.39203	1.5471	1.16345	1.73886	2.18203	0	0	0	0	0	0	0	1.05239	2.68116	0	0	1.26543	1.13728	1.57719	2.78663	2.42536	1.86393	1.97391	2.50628	0	0	0	2.19674	1.23145	1.82832	2.95811	2.05379	2.94251	2.68464	1.8777	2.55533	1.19431	1.01336	1.89058	2.19775	1.44754	2.59524	2.14336	1.41232	0	2.37541	2.77969	2.15969	1.00592	2.61203	0	2.89711	1.51536	1.0007	1.56927	2.76057	2.46291	1.84522	2.11113	2.19987	1.23564	1.05428	2.52932	2.00948	0	0	0	1.15037	0	0	0	0	0	0	0	2.23002	2.34271	0	0	2.84294	2.72444	1.2846	0	0	1.67254	1.03149	0	0	1.1114	0	0	0	0	0	0	0	0	0	0	0	2.19129	2.61407	1.05822	1.1275	1.96719	2.35912	2.75918	2.65081	1.71945	0	0	0	1.92046	2.93936	1.97458	1.69154	0	0	0	2.96356	1.57111	1.7043	1.97745	2.71331	0	0	0	0	0	0	0	1.8121	1.23895	2.87749	0	0	0	0	0	1.62909	0	1.86144	1.76362	2.58697	1.14286	2.43337	1.00553	0	0	0	0	0	0	0	0	2.83059	1.78702	1.4201	2.58868	2.69256	1.73101	1.44962	2.53839	1.97177	0	0	0	0	0	0	0	0	2.03037	1.46401	2.27769	1.96161	1.40008	2.04183	0	0	2.85231	0	0	0	0	0	2.12752	1.61066	2.23412	1.00586	1.34547	2.17027	1.63291	1.69678	0	0	0	0	1.26488	1.37034	1.00884	1.76781	2.59785	2.40942	2.02623	1.69554	1.05529	2.51934	2.09623	1.7451	1.82923	2.59084	2.31224	2.38526	1.0159	2.96346	0	0	0	0	2.02138	0	0	2.88449	1.44636	1.69916	1.44834	0	0	0	0	0	1.61468	0	0	0	0	1.29268	1.22073	0	0	2.78536	0	1.52899	2.92737	2.85375	2.24181	0	0	0	0	0	0	0	0	2.23539	2.53088	0	0	2.15066	2.00815	0	0	0	0	0	0	1.41006	1.42594	2.36678	2.20195	2.28254	0	0	1.15607	2.27989	2.64337	2.36744	1.86995	1.64514	2.18313	1.88372	0	1.39662	0	0	2.44116	2.61099	2.4886	0	0	0	0	0	0	0	0	2.82946	2.40573	1.13846	2.50078	1.30295	2.8401	0	0	0	2.00093	0	0	0	0	0	0	0	0	0	0	0	0	0	0	0	0	0	0	0	0	0	0	0	0	0	0	1.05123	0	0	0	0	2.35599	0	0	0	2.33172	2.80351	0	0	0	0	0	2.77077	1.30175	2.28225	0	0	0	0	0	0	0	0	0	0	0	1.35379	0	0	0	2.53446	2.75415	0	0	0	0	0	0	0	2.35833	1.51824	1.20688	1.20157	1.12041	0	1.78908	2.20868	2.24152	2.04435	2.43843	1.34731	0	0	1.73542	0	0	0	0	1.57447	2.90922	2.78238	2.55528	2.53683	1.13635	2.43857	1.41557	1.90345	1.37537	2.25329	1.2548	2.07028	2.6602	1.43996	2.31651	1.53143	2.51374	2.54495	1.9667	2.68779	1.70843	2.08854	2.55394	0	2.83534	1.31023	2.34351	1.33201	2.27099	1.4189	0	0	0	0	0	0	0	2.2503	1.13679	2.55608	2.59935	1.9773	1.32322	2.554	1.95566	0	1.93687	1.64936	2.77028	1.51309	1.75755	2.90726	1.22959	2.16522	1.76738	0	0	0	1.70262	2.79186	0	0	0	0	0	0	0	0	1.0684	0	1.59078	1.13224	2.1459	2.13246	0	0	0	2.52319	1.54776	1.78424	1.02748	0	0	1.11193	0	0	0	2.72187	0	0	0	0	0	0	0	2.01249	1.87843	1.36712	2.84747	1.29936	1.92131	2.45294	2.94676	1.82847	1.28153	2.37612	2.75224	1.26231	1.44459	2.05051	0	0	1.8231	1.71951	2.56491	2.25426	2.35346	0	0	1.37355	1.03262	1.65538	1.8941	0	0	0	2.93024	1.1264	2.42709	2.06346	0	0	2.31722	2.98635	2.77136	1.56388	1.34412	2.92226	0	0	0	0	0	0	0	0	0	0	2.64659	2.25723	1.44542	1.65414	2.98212	2.97063	0	0	1.88021	2.64094	0	0	2.07597	2.41578	2.96378	1.75991	2.17561	0	2.67269	2.38794	2.83375	2.86354	2.59608	1.87019	1.35908	1.05113	1.60796	2.355	1.29176	2.20123	1.78355	2.12066	1.56809	1.12264	0	0	0	0	0	0	0	0	0	0	0	0	0	0	0	2.83666	0	0	0	1.54386	1.20317	0	0	0	0	2.90596	2.06752	1.48013	2.07231	0	0	0	2.45453	2.07051	1.63602	1.46666	2.31535	1.62109	1.87174	2.49892	1.59298	2.66137	1.67413	1.33457	1.06909	0	0	0	2.34664	0	2.3968	0	2.32856	2.36078	2.25732	1.66831	2.52721	1.39826	0	0	0	0	0	0	0	0	2.38137	2.38853	2.07066	2.58842	1.02575	-0.663123	0.104376	0.5	19.591
1.95975	1.08255	1.39203	1.5471	1.16345	1.73886	2.18203	0	0	0	0	0	0	0	1.05239	2.68116	0	0	1.26543	1.13728	1.57719	2.78663	2.42536	1.86393	1.97391	2.50628	0	0	0	2.19674	1.23145	1.82832	2.95811	2.05379	2.94251	2.68464	1.8777	2.55533	1.19431	1.87196	1.89058	2.19775	1.44754	2.59524	2.14336	1.41232	0	2.37541	2.77969	2.15969	1.00592	2.61203	0	2.89711	1.51536	1.0007	1.56927	2.76057	2.46291	1.84522	2.11113	2.19987	1.23564	1.05428	2.52932	0	0	0	0	1.15037	0	0	0	0	0	0	0	2.23002	0	0	0	2.84294	2.72444	1.2846	0	0	1.67254	1.03149	0	0	1.1114	0	0	0	0	0	0	0	0	0	0	0	2.19129	2.61407	0	1.1275	1.96719	2.35912	2.75918	2.65081	1.71945	0	0	0	1.92046	2.93936	1.97458	0	0	0	0	2.96356	1.57111	1.7043	1.97745	2.71331	0	0	0	0	0	0	0	1.8121	1.23895	2.87749	0	0	0	0	0	1.62909	0	0	1.76362	2.58697	1.14286	2.43337	1.00553	0	0	0	0	0	0	0	2.8249	2.83059	1.78702	1.4201	2.58868	2.69256	1.73101	1.44962	2.53839	1.97177	0	0	0	1.85656	0	0	0	0	2.03037	1.46401	2.27769	1.96161	1.40008	2.04183	0	0	0	0	0	0	0	0	2.12752	1.61066	2.23412	1.00586	1.34547	2.17027	1.63291	2.99957	0	0	0	0	1.26488	1.37034	1.00884	1.76781	2.59785	2.40942	2.02623	1.69554	2.73564	2.51934	2.09623	1.7451	1.82923	2.59084	2.31224	2.38526	1.0159	2.96346	0	0	0	0	2.02138	0	0	2.88449	1.44636	1.69916	1.44834	0	0	0	0	0	0	0	0	0	0	1.29268	1.22073	0	0	2.78536	0	1.52899	2.92737	2.41215	2.24181	0	0	0	0	0	0	0	0	2.23539	2.53088	0	2.31787	2.15066	2.00815	0	0	0	0	0	0	1.41006	1.42594	2.36678	2.20195	0	0	0	1.15607	2.27989	2.64337	2.36744	1.86995	1.64514	2.18313	1.88372	0	1.39662	0	0	2.44116	2.61099	2.4886	0	0	0	0	0	0	0	0	2.0339	2.40573	1.13846	2.50078	1.30295	2.8401	0	0	0	2.00093	0	0	0	0	0	0	0	0	0	0	0	0	0	0	0	0	0	0	0	0	0	0	0	0	0	0	1.05123	0	0	0	0	2.35599	0	0	0	2.33172	2.80351	0	0	0	0	0	2.444	1.30175	2.28225	0	0	0	0	0	0	0	0	0	0	1.24779	1.35379	0	0	0	2.53446	2.75415	0	0	0	0	0	0	0	2.35833	1.51824	1.20688	1.20157	1.12041	0	1.78908	2.20868	2.24152	2.04435	2.43843	1.34731	0	0	1.73542	0	0	0	0	1.57447	2.90922	2.78238	2.55528	2.53683	1.13635	2.42797	1.41557	1.90345	1.37537	2.25329	1.2548	2.07028	2.6602	1.43996	2.31651	1.53143	2.51374	2.54495	1.36606	2.68779	1.70843	2.08854	2.55394	0	2.83534	1.31023	2.34351	1.33201	2.27099	1.4189	0	2.56371	0	0	0	0	0	2.2503	1.13679	2.55608	2.59935	1.9773	1.32322	2.554	0	0	1.93687	1.64936	2.77028	1.51309	1.75755	2.90726	1.22959	2.16522	1.76738	0	0	2.55118	1.70262	2.79186	0	0	0	0	0	0	0	0	1.0684	0	1.6206	1.13224	2.1459	2.13246	0	0	0	2.52319	1.54776	1.78424	1.02748	0	0	0	0	0	0	2.72187	0	0	0	0	0	0	0	2.01249	2.86681	1.36712	2.84747	1.29936	1.92131	2.45294	2.94676	1.82847	1.28153	2.37612	2.75224	1.26231	1.44459	0	0	0	1.8231	1.71951	2.56491	2.25426	2.35346	0	0	1.37355	1.03262	1.65538	0	0	0	0	2.93024	1.1264	2.42709	2.06346	0	0	2.31722	2.98635	2.77136	1.76217	1.34412	2.92226	0	0	0	0	0	0	0	0	0	0	0	2.25723	1.44542	1.65414	2.98212	2.97063	0	0	1.88021	2.64094	0	0	2.07597	2.07909	2.96378	1.75991	2.17561	0	2.67269	2.38794	2.83375	2.86354	2.59608	1.87019	1.35908	1.05113	2.90363	2.355	1.29176	2.20123	1.78355	2.12066	1.56809	1.12264	0	0	0	0	0	0	0	0	0	0	0	0	0	0	0	2.83666	0	0	2.09243	1.54386	1.20317	0	0	0	0	2.90596	2.06752	1.48013	2.07231	0	0	1.44938	2.45453	2.07051	1.63602	1.46666	2.31535	1.62109	1.87174	2.49892	1.59298	2.66137	1.67413	1.33457	1.21176	0	0	0	2.34664	0	2.3968	0	2.32856	2.36078	2.25732	1.66831	2.52721	0	0	0	0	0	0	0	0	0	2.38137	2.38853	2.07066	2.58842	-0.748511	0.105237	0.505952	18.2317
2.21099	1.95975	1.08255	1.39203	1.5471	1.16345	1.73886	2.18203	0	0	0	0	0	0	0	1.05239	2.68116	0	0	1.26543	1.13728	1.57719	2.78663	2.42536	1.86393	1.97391	0	0	0	0	2.19674	1.23145	1.82832	2.95811	2.05379	2.94251	2.68464	1.8777	2.55533	1.65782	1.87196	1.89058	2.19775	1.44754	2.59524	2.14336	1.41232	0	2.37541	2.77969	2.15969	1.00592	0	0	2.89711	1.51536	1.0007	1.56927	2.76057	2.46291	1.84522	2.11113	2.19987	1.23564	1.05428	0	0	0	0	0	1.15037	0	0	0	0	0	0	0	0	0	0	0	2.84294	2.72444	1.2846	0	0	1.67254	1.03149	0	0	0	0	0	0	0	0	0	0	0	0	0	0	2.19129	0	0	1.1275	1.96719	2.35912	2.75918	2.65081	1.71945	0	0	0	1.92046	2.93936	0	0	0	0	0	2.96356	1.57111	1.7043	1.97745	2.71331	0	0	0	0	0	0	0	1.8121	1.23895	2.87749	0	0	0	0	0	1.62909	1.39534	0	1.76362	2.58697	1.14286	2.43337	1.00553	0	0	0	0	0	0	1.11604	2.8249	2.83059	1.78702	1.4201	2.58868	2.69256	1.73101	1.44962	2.53839	1.97177	0	0	1.0557	1.85656	0	0	0	0	2.03037	1.46401	2.27769	1.96161	1.40008	2.04183	0	0	0	0	0	0	0	0	2.12752	1.61066	2.23412	1.00586	1.34547	2.17027	2.67973	2.99957	0	0	0	0	1.26488	1.37034	1.00884	1.76781	2.59785	2.40942	2.02623	1.81419	2.73564	2.51934	2.09623	1.7451	1.82923	2.59084	2.31224	2.38526	1.0159	2.96346	0	0	0	0	2.02138	0	0	2.88449	1.44636	1.69916	1.44834	0	0	0	0	1.67198	0	0	0	0	0	1.29268	1.22073	0	0	2.78536	0	1.52899	0	2.41215	2.24181	0	0	0	0	0	0	0	0	2.23539	2.53088	1.76509	2.31787	2.15066	2.00815	0	0	0	0	0	0	1.41006	1.42594	2.36678	0	0	0	0	1.15607	2.27989	2.64337	2.36744	1.86995	1.64514	2.18313	1.88372	0	0	0	0	2.44116	2.61099	2.4886	0	0	0	0	0	0	0	2.16353	2.0339	2.40573	1.13846	2.50078	1.30295	2.8401	0	0	0	2.00093	0	0	1.67701	0	0	0	0	0	0	0	0	0	0	0	0	1.38938	0	0	0	0	0	0	0	0	0	0	1.05123	0	0	0	0	2.35599	0	0	0	2.33172	2.80351	0	0	0	0	2.87872	2.444	1.30175	2.28225	0	0	0	0	0	0	0	0	0	2.90403	1.24779	1.35379	0	0	0	2.53446	2.75415	0	0	0	0	0	0	0	2.35833	1.51824	1.20688	1.20157	1.12041	0	1.78908	2.20868	2.24152	2.04435	2.43843	0	0	0	1.73542	0	0	0	0	1.57447	2.90922	2.78238	2.55528	2.53683	1.67038	2.42797	1.41557	1.90345	1.37537	2.25329	1.2548	2.07028	2.6602	1.43996	2.31651	1.53143	2.51374	1.35511	1.36606	2.68779	1.70843	2.08854	2.55394	0	2.83534	1.31023	2.34351	1.33201	2.27099	1.4189	0	2.56371	0	0	0	0	0	2.2503	1.13679	2.55608	2.59935	1.9773	1.32322	0	0	0	1.93687	1.64936	2.77028	1.51309	1.75755	2.90726	1.22959	2.16522	1.76738	0	1.41836	2.55118	1.70262	2.79186	0	0	0	0	0	0	0	0	1.0684	0	1.6206	1.13224	2.1459	2.13246	0	0	0	2.52319	1.54776	1.78424	1.02748	0	0	0	0	0	0	2.72187	0	0	0	0	0	0	0	1.84908	2.86681	1.36712	2.84747	1.29936	1.92131	2.45294	2.94676	1.82847	1.28153	2.37612	2.75224	1.26231	0	0	0	0	1.8231	1.71951	2.56491	2.25426	2.35346	0	0	1.37355	1.03262	0	0	0	0	0	2.93024	1.1264	2.42709	2.06346	0	0	2.31722	2.98635	1.108	1.76217	1.34412	2.92226	0	0	0	0	0	0	0	0	0	0	0	2.25723	1.44542	1.65414	2.98212	2.97063	0	0	1.88021	2.64094	0	0	0	2.07909	2.96378	1.75991	2.17561	0	2.67269	2.38794	2.83375	2.86354	2.59608	1.87019	1.35908	2.54561	2.90363	2.355	1.29176	2.20123	1.78355	2.12066	1.56809	1.12264	0	0	0	0	0	0	0	0	0	0	0	0	0	0	0	2.83666	0	0	2.09243	1.54386	1.20317	0	0	0	0	2.90596	2.06752	1.48013	2.07231	0	0	1.44938	2.45453	2.07051	1.63602	1.46666	2.31535	1.62109	1.87174	2.49892	1.59298	2.66137	1.67413	2.66859	1.21176	0	0	0	2.34664	0	2.3968	0	2.32856	2.36078	2.25732	1.66831	0	0	0	0	0	0	0	0	0	0	2.38137	2.38853	2.07066	-0.822984	0.0243602	0.511905	17.9609
1.86269	2.21099	1.95975	1.08255	1.39203	1.5471	1.16345	1.73886	2.18203	0	0	0	0	0	0	0	1.05239	2.68116	0	0	1.26543	1.13728	1.57719	2.78663	2.42536	1.86393	0	0	0	0	0	2.19674	1.23145	1.82832	2.95811	2.05379	2.94251	2.68464	1.8777	1.90776	1.65782	1.87196	1.89058	2.19775	1.44754	2.59524	2.14336	1.41232	0	2.37541	2.77969	2.15969	0	0	0	2.89711	1.51536	1.0007	1.56927	2.76057	2.46291	1.84522	2.11113	2.19987	1.23564	1.43047	0	0	0	0	0	1.15037	0	0	0	0	0	0	2.33958	0	0	0	0	2.84294	2.72444	1.2846	0	0	1.67254	1.03149	0	0	0	0	0	0	0	0	0	0	0	0	0	0	0	0	0	1.1275	1.96719	2.35912	2.75918	2.65081	1.71945	0	0	0	1.92046	2.75305	0	0	0	0	0	2.96356	1.57111	1.7043	1.97745	2.71331	0	0	0	0	0	0	0	1.8121	1.23895	2.87749	0	0	0	0	0	1.86595	1.39534	0	1.76362	2.58697	1.14286	2.43337	1.00553	0	0	0	0	0	2.20595	1.11604	2.8249	2.83059	1.78702	1.4201	2.58868	2.69256	1.73101	1.44962	2.53839	1.97177	0	2.31661	1.0557	1.85656	0	0	0	0	2.03037	1.46401	2.27769	1.96161	1.40008	2.04183	0	0	0	0	0	0	0	0	2.12752	1.61066	2.23412	1.00586	1.34547	2.21344	2.67973	2.99957	0	0	0	0	1.26488	1.37034	1.00884	1.76781	2.59785	2.40942	0	1.81419	2.73564	2.51934	2.09623	1.7451	1.82923	2.59084	2.31224	2.38526	1.0159	2.96346	0	0	0	0	2.02138	0	0	2.88449	1.44636	1.69916	1.44834	0	0	0	2.05466	1.67198	0	0	0	0	0	1.29268	1.22073	0	0	2.78536	0	0	0	2.41215	2.24181	0	0	0	0	0	0	0	0	2.23539	2.69812	1.76509	2.31787	2.15066	2.00815	0	0	0	0	0	0	1.41006	1.42594	0	0	0	0	0	1.15607	2.27989	2.64337	2.36744	1.86995	1.64514	2.18313	1.88372	0	0	0	0	2.44116	2.61099	2.4886	0	0	0	0	0	0	0	2.16353	2.0339	2.40573	1.13846	2.50078	1.30295	2.8401	0	0	0	2.00093	0	0	1.67701	0	0	0	0	0	0	0	0	0	0	0	0	1.38938	0	0	0	0	0	0	0	0	0	0	1.05123	2.05355	0	0	0	2.35599	0	0	0	2.33172	2.80351	0	0	0	1.89091	2.87872	2.444	1.30175	2.28225	0	0	0	0	0	0	0	0	1.90766	2.90403	1.24779	1.35379	0	0	0	2.53446	2.75415	0	0	0	0	0	0	0	2.35833	1.51824	1.20688	1.20157	1.12041	0	1.78908	2.20868	2.24152	2.04435	0	0	0	0	1.73542	0	0	0	0	1.57447	2.90922	2.78238	2.55528	0	1.67038	2.42797	1.41557	1.90345	1.37537	2.25329	1.2548	2.07028	2.6602	1.43996	2.31651	1.53143	0	1.35511	1.36606	2.68779	1.70843	2.08854	2.55394	0	2.83534	1.31023	2.34351	1.33201	2.27099	0	0	2.56371	0	0	0	0	0	2.2503	1.13679	2.55608	2.59935	1.9773	2.6577	0	0	0	1.93687	1.64936	2.77028	1.51309	1.75755	2.90726	1.22959	2.16522	1.76738	1.261	1.41836	2.55118	1.70262	2.79186	0	0	0	0	0	0	0	0	1.15686	0	1.6206	1.13224	2.1459	2.13246	0	0	0	2.52319	1.54776	1.78424	1.02748	0	0	0	0	0	0	2.72187	0	0	0	0	0	0	1.55656	1.84908	2.86681	1.36712	2.84747	1.29936	1.92131	2.45294	2.94676	1.82847	1.28153	2.37612	2.75224	0	0	0	0	0	1.8231	1.71951	2.56491	2.25426	2.35346	0	0	1.37355	0	0	0	0	0	0	2.93024	1.1264	2.42709	2.06346	0	0	2.31722	2.58084	1.108	1.76217	1.34412	2.92226	0	0	0	0	0	0	0	0	0	0	0	2.25723	1.44542	1.65414	2.98212	2.97063	0	0	1.88021	2.64094	0	0	0	2.07909	2.96378	1.75991	2.17561	0	2.67269	2.38794	2.83375	2.86354	2.59608	1.87019	1.21757	2.54561	2.90363	2.355	1.29176	2.20123	1.78355	2.12066	1.56809	1.12264	0	0	0	0	0	0	0	0	0	0	0	0	0	0	0	2.83666	0	0	2.09243	1.54386	1.20317	0	0	0	0	2.90596	2.06752	1.48013	2.07231	0	0	1.44938	2.45453	2.07051	1.63602	1.46666	2.31535	1.62109	1.87174	2.49892	1.59298	2.66137	2.33401	2.66859	1.21176	0	0	0	2.34664	0	2.3968	0	2.32856	2.36078	2.25732	1.16455	0	0	0	0	0	0	0	0	0	0	2.38137	2.38853	-0.885456	0.0808755	0.517857	18.8216
0	1.86269	2.21099	1.95975	1.08255	1.39203	1.5471	1.16345	1.73886	2.18203	0	0	0	0	0	0	0	1.05239	2.68116	0	0	1.26543	1.13728	1.57719	2.78663	2.42536	1.25305	0	0	0	0	0	2.19674	1.23145	1.82832	2.95811	2.05379	2.94251	2.68464	1.89565	1.90776	1.65782	1.87196	1.89058	2.19775	1.44754	2.59524	2.14336	1.41232	0	2.37541	2.77969	0	0	0	0	2.89711	1.51536	1.0007	1.56927	2.76057	2.46291	1.84522	2.11113	2.19987	0	1.43047	0	0	0	0	0	1.15037	0	0	0	0	0	1.55953	2.33958	0	0	0	0	2.84294	2.72444	1.2846	0	0	1.67254	1.03149	0	0	0	0	0	0	0	0	0	0	0	0	0	0	0	0	0	1.1275	1.96719	2.35912	2.75918	2.65081	1.71945	0	0	0	2.53763	2.75305	0	0	0	0	0	2.96356	1.57111	1.7043	1.97745	2.71331	0	0	0	0	0	0	0	1.8121	1.23895	2.87749	0	0	0	0	2.41831	1.86595	1.39534	0	1.76362	2.58697	1.14286	2.43337	1.00553	0	0	0	0	2.22199	2.20595	1.11604	2.8249	2.83059	1.78702	1.4201	2.58868	2.69256	1.73101	1.44962	2.53839	1.97177	0	2.31661	1.0557	1.85656	0	0	0	0	2.03037	1.46401	2.27769	1.96161	1.40008	0	0	0	0	0	0	0	0	0	2.12752	1.61066	2.23412	1.00586	1.17287	2.21344	2.67973	2.99957	0	0	0	0	1.26488	1.37034	1.00884	1.76781	2.59785	0	0	1.81419	2.73564	2.51934	2.09623	1.7451	1.82923	2.59084	2.31224	2.38526	1.0159	2.96346	1.90814	0	0	0	2.02138	0	0	2.88449	1.44636	1.69916	1.44834	0	0	2.56408	2.05466	1.67198	0	0	0	0	0	1.29268	1.22073	0	0	2.78536	2.83477	0	0	2.41215	2.24181	0	0	0	0	0	0	0	0	2.37696	2.69812	1.76509	2.31787	2.15066	2.00815	0	0	0	0	0	0	1.41006	0	0	0	0	0	0	1.15607	2.27989	2.64337	2.36744	1.86995	1.64514	2.18313	0	0	0	0	0	2.44116	2.61099	2.4886	0	0	0	0	0	0	0	2.16353	2.0339	2.40573	1.13846	2.50078	1.30295	2.8401	0	0	0	2.00093	0	0	1.67701	0	0	0	0	0	0	0	0	0	0	0	0	1.38938	0	0	0	0	0	0	0	0	0	0	0	2.05355	0	0	0	2.35599	0	0	0	2.33172	2.80351	0	0	2.01773	1.89091	2.87872	2.444	1.30175	2.28225	0	0	0	0	0	0	0	2.07906	1.90766	2.90403	1.24779	1.35379	0	0	0	2.53446	2.75415	0	0	0	0	0	0	0	2.35833	1.51824	1.20688	1.20157	1.12041	0	1.78908	2.20868	2.24152	0	0	0	0	0	1.73542	0	0	0	0	1.57447	2.90922	2.78238	1.76401	0	1.67038	2.42797	1.41557	1.90345	1.37537	2.25329	1.2548	2.07028	2.6602	1.43996	2.31651	0	0	1.35511	1.36606	2.68779	1.70843	2.08854	2.55394	0	2.83534	1.31023	2.34351	1.33201	0	0	0	2.56371	0	0	0	0	0	2.2503	1.13679	2.55608	2.59935	0	2.6577	0	0	0	1.93687	1.64936	2.77028	1.51309	1.75755	2.90726	1.22959	2.16522	2.72129	1.261	1.41836	2.55118	1.70262	2.79186	0	0	0	0	0	0	0	2.93603	1.15686	0	1.6206	1.13224	2.1459	2.13246	0	0	0	2.52319	1.54776	1.78424	0	0	0	0	0	0	0	2.72187	0	0	0	0	0	2.66304	1.55656	1.84908	2.86681	1.36712	2.84747	1.29936	1.92131	2.45294	2.94676	1.82847	1.28153	2.37612	0	0	0	0	0	0	1.8231	1.71951	2.56491	2.25426	2.35346	0	0	0	0	0	0	0	0	0	2.93024	1.1264	2.42709	2.06346	0	0	0	2.58084	1.108	1.76217	1.34412	2.92226	0	0	0	0	0	0	0	0	0	0	0	2.25723	1.44542	1.65414	2.98212	2.97063	0	0	1.88021	2.64094	0	0	0	2.07909	2.96378	1.75991	2.17561	0	2.67269	2.38794	2.83375	2.86354	2.59608	2.02985	1.21757	2.54561	2.90363	2.355	1.29176	2.20123	1.78355	2.12066	1.56809	1.12264	0	0	0	0	0	0	0	0	0	0	0	0	0	0	0	0	0	0	2.09243	1.54386	1.20317	0	0	0	0	2.90596	2.06752	1.48013	0	0	0	1.44938	2.45453	2.07051	1.63602	1.46666	2.31535	1.62109	1.87174	2.49892	1.59298	2.25124	2.33401	2.66859	1.21176	0	0	0	2.34664	0	2.3968	0	2.32856	2.36078	2.22239	1.16455	0	0	0	0	0	0	0	0	0	0	2.38137	-0.935016	0.151436	0.52381	18.4697
0	0	1.86269	2.21099	1.95975	1.08255	1.39203	1.5471	1.16345	1.73886	2.18203	0	0	0	0	0	0	0	1.05239	2.68116	0	0	1.26543	1.13728	1.57719	2.78663	2.56602	1.25305	0	0	0	0	0	2.19674	1.23145	1.82832	2.95811	2.05379	2.94251	1.93857	1.89565	1.90776	1.65782	1.87196	1.89058	2.19775	1.44754	2.59524	2.14336	1.41232	0	2.37541	0	0	0	0	0	2.89711	1.51536	1.0007	1.56927	2.76057	2.46291	1.84522	2.11113	1.91394	0	1.43047	0	0	0	0	0	1.15037	0	0	0	0	1.06659	1.55953	2.33958	0	0	0	0	2.84294	2.72444	1.2846	0	0	1.67254	2.3897	0	0	0	0	0	0	0	0	0	0	0	0	0	0	0	0	0	1.1275	1.96719	2.35912	2.75918	2.65081	1.71945	0	0	2.00149	2.53763	2.75305	0	0	0	0	0	2.96356	1.57111	1.7043	1.97745	2.71331	0	0	0	0	0	0	0	1.8121	1.23895	2.87749	0	0	0	2.26251	2.41831	1.86595	1.39534	0	1.76362	2.58697	1.14286	2.43337	1.00553	0	0	0	2.19867	2.22199	2.20595	1.11604	2.8249	2.83059	1.78702	1.4201	2.58868	2.69256	1.73101	1.44962	2.53839	2.84015	0	2.31661	1.0557	1.85656	0	0	0	0	2.03037	1.46401	2.27769	1.96161	0	0	0	0	0	0	0	0	0	0	2.12752	1.61066	2.23412	1.37372	1.17287	2.21344	2.67973	2.99957	0	0	0	0	1.26488	1.37034	1.00884	1.76781	0	0	0	1.81419	2.73564	2.51934	2.09623	1.7451	1.82923	2.59084	2.31224	2.38526	1.0159	2.67582	1.90814	0	0	0	2.02138	0	0	2.88449	1.44636	1.69916	1.44834	0	0	2.56408	2.05466	1.67198	0	0	0	0	0	1.29268	1.22073	0	0	2.44328	2.83477	0	0	2.41215	2.24181	0	0	0	0	0	0	0	2.65269	2.37696	2.69812	1.76509	2.31787	2.15066	2.00815	0	0	0	0	0	0	0	0	0	0	0	0	0	1.15607	2.27989	2.64337	2.36744	1.86995	1.64514	0	0	0	0	0	0	2.44116	2.61099	2.4886	0	0	0	0	0	0	0	2.16353	2.0339	2.40573	1.13846	2.50078	1.30295	2.8401	0	0	0	0	0	0	1.67701	0	0	0	0	0	0	0	0	0	0	0	0	1.38938	0	0	0	0	0	0	0	0	0	0	0	2.05355	0	0	0	2.35599	0	0	0	2.33172	2.80351	0	1.89678	2.01773	1.89091	2.87872	2.444	1.30175	2.28225	0	0	0	0	0	0	2.18624	2.07906	1.90766	2.90403	1.24779	1.35379	0	0	0	2.53446	2.75415	0	0	0	0	0	0	0	2.35833	1.51824	1.20688	1.20157	1.12041	0	1.78908	2.20868	0	0	0	0	0	0	1.73542	0	0	0	0	1.57447	2.90922	1.24276	1.76401	0	1.67038	2.42797	1.41557	1.90345	1.37537	2.25329	1.2548	2.07028	2.6602	1.43996	0	0	0	1.35511	1.36606	2.68779	1.70843	2.08854	2.55394	0	2.83534	1.31023	2.34351	0	0	0	0	2.56371	0	0	0	0	0	2.2503	1.13679	2.55608	0	0	2.6577	0	0	0	1.93687	1.64936	2.77028	1.51309	1.75755	2.90726	1.22959	2.43019	2.72129	1.261	1.41836	2.55118	1.70262	2.79186	0	0	0	0	0	0	1.84432	2.93603	1.15686	0	1.6206	1.13224	2.1459	2.13246	0	0	0	2.52319	1.54776	0	0	0	0	0	0	0	0	2.72187	0	0	0	0	1.44519	2.66304	1.55656	1.84908	2.86681	1.36712	2.84747	1.29936	1.92131	2.45294	2.94676	1.82847	1.28153	0	0	0	0	0	0	0	1.8231	1.71951	2.56491	2.25426	2.35346	0	0	0	0	0	0	0	0	0	2.93024	1.1264	2.42709	2.06346	0	0	0	2.58084	1.108	1.76217	1.34412	2.92226	0	0	0	0	0	0	0	0	0	0	0	2.25723	1.44542	1.65414	2.98212	2.97063	0	0	1.88021	2.06296	0	0	0	2.07909	2.96378	1.75991	2.17561	0	2.67269	2.38794	2.83375	2.86354	2.7225	2.02985	1.21757	2.54561	2.90363	2.355	1.29176	2.20123	1.78355	2.12066	1.56809	1.12264	0	0	0	0	0	0	0	0	0	0	0	0	0	0	2.46	0	0	0	2.09243	1.54386	1.20317	0	0	0	0	2.90596	2.06752	0	0	0	0	1.44938	2.45453	2.07051	1.63602	1.46666	2.31535	1.62109	1.87174	2.49892	1.40766	2.25124	2.33401	2.66859	1.21176	0	0	0	2.34664	0	2.3968	0	2.32856	0	2.22239	1.16455	0	0	0	0	0	0	0	0	0	0	-0.970942	0.084065	0.529762	18.6528
0	0	0	1.86269	2.21099	1.95975	1.08255	1.39203	1.5471	1.16345	1.73886	2.18203	0	0	0	0	0	0	0	1.05239	2.68116	0	0	1.26543	1.13728	1.57719	1.94759	2.56602	1.25305	0	0	0	0	0	2.19674	1.23145	1.82832	2.95811	2.05379	1.57392	1.93857	1.89565	1.90776	1.65782	1.87196	1.89058	2.19775	1.44754	2.59524	2.14336	1.41232	0	0	0	0	0	0	0	2.89711	1.51536	1.0007	1.56927	2.76057	2.46291	1.84522	1.97609	1.91394	0	1.43047	0	0	0	0	0	1.15037	0	0	0	1.96253	1.06659	1.55953	2.33958	0	0	0	0	2.84294	2.72444	1.2846	0	0	2.2579	2.3897	0	0	0	0	0	0	0	0	0	0	0	0	0	0	0	0	0	1.1275	1.96719	2.35912	2.75918	2.65081	1.71945	0	1.48454	2.00149	2.53763	2.75305	0	0	0	0	0	2.96356	1.57111	1.7043	1.97745	0	0	0	0	0	0	0	0	1.8121	1.23895	2.87749	0	0	1.18902	2.26251	2.41831	1.86595	1.39534	0	1.76362	2.58697	1.14286	2.43337	1.00553	0	0	1.1379	2.19867	2.22199	2.20595	1.11604	2.8249	2.83059	1.78702	1.4201	2.58868	2.69256	1.73101	1.44962	2.78962	2.84015	0	2.31661	1.0557	1.85656	0	0	0	0	2.03037	1.46401	2.27769	0	0	0	0	0	0	0	0	0	0	0	2.12752	1.61066	0	1.37372	1.17287	2.21344	2.67973	2.99957	0	0	0	0	1.26488	1.37034	1.00884	2.4651	0	0	0	1.81419	2.73564	2.51934	2.09623	1.7451	1.82923	2.59084	2.31224	2.38526	2.98356	2.67582	1.90814	0	0	0	2.02138	0	0	2.88449	1.44636	1.69916	1.44834	1.86332	0	2.56408	2.05466	1.67198	0	0	0	0	0	1.29268	1.22073	0	1.92381	2.44328	2.83477	0	0	2.41215	2.24181	0	0	0	0	0	0	1.93617	2.65269	2.37696	2.69812	1.76509	2.31787	2.15066	2.00815	0	0	0	0	0	0	0	0	0	0	0	0	0	1.15607	2.27989	2.64337	2.36744	1.86995	0	0	0	0	0	0	0	2.44116	2.61099	2.4886	0	0	0	2.88775	0	0	0	2.16353	2.0339	2.40573	1.13846	2.50078	1.30295	2.8401	0	0	0	0	0	0	1.67701	0	0	0	0	0	0	0	0	0	0	0	0	1.38938	0	0	0	0	0	0	0	0	2.13436	0	0	2.05355	0	0	0	2.35599	0	0	0	2.33172	2.80351	1.66568	1.89678	2.01773	1.89091	2.87872	2.444	1.30175	2.28225	0	0	0	0	0	1.65334	2.18624	2.07906	1.90766	2.90403	1.24779	1.35379	0	0	0	2.53446	2.75415	0	1.7083	0	0	0	0	0	2.35833	1.51824	1.20688	1.20157	1.12041	0	1.78908	0	0	0	0	0	0	0	1.73542	0	0	0	0	1.57447	2.6005	1.24276	1.76401	0	1.67038	2.42797	1.41557	1.90345	1.37537	2.25329	1.2548	2.07028	2.6602	0	0	0	0	1.35511	1.36606	2.68779	1.70843	2.08854	2.55394	0	2.83534	1.31023	0	0	0	0	0	2.56371	0	0	0	0	0	2.2503	1.13679	0	0	0	2.6577	0	0	0	1.93687	1.64936	2.77028	1.51309	1.75755	2.90726	0	2.43019	2.72129	1.261	1.41836	2.55118	1.70262	2.79186	0	0	0	0	0	1.90394	1.84432	2.93603	1.15686	0	1.6206	1.13224	2.1459	2.13246	0	0	0	2.52319	2.41359	0	0	0	0	0	0	0	0	2.72187	0	0	0	1.44147	1.44519	2.66304	1.55656	1.84908	2.86681	1.36712	2.84747	1.29936	1.92131	2.45294	2.94676	1.82847	0	0	0	0	0	0	0	0	1.8231	1.71951	2.56491	2.25426	2.35346	0	0	0	0	0	0	0	0	0	2.93024	1.1264	2.42709	2.06346	0	0	0	2.58084	1.108	1.76217	1.34412	2.92226	0	0	0	0	0	2.34368	0	0	0	0	0	2.25723	1.44542	1.65414	2.98212	2.97063	0	0	2.61907	2.06296	0	0	0	2.07909	2.96378	1.75991	2.17561	0	2.67269	2.38794	2.83375	0	2.7225	2.02985	1.21757	2.54561	2.90363	2.355	1.29176	2.20123	1.78355	2.12066	1.56809	1.12264	0	0	0	0	0	0	0	0	0	0	0	0	0	0	2.46	0	0	0	2.09243	1.54386	1.20317	0	0	0	0	2.90596	0	0	0	0	0	1.44938	2.45453	2.07051	1.63602	1.46666	2.31535	1.62109	1.87174	2.90353	1.40766	2.25124	2.33401	2.66859	1.21176	0	0	0	2.34664	0	2.3968	0	0	0	2.22239	1.16455	0	0	0	0	0	0	0	0	0	-0.992709	0.116605	0.535714	19.4288
2.34703	0	0	0	1.86269	2.21099	1.95975	1.08255	1.39203	1.5471	1.16345	1.73886	2.18203	1.61733	0	0	0	0	0	0	1.05239	2.68116	0	0	1.26543	1.13728	2.42876	1.94759	2.56602	1.25305	0	0	0	0	0	2.19674	1.23145	1.82832	2.95811	1.73547	1.57392	1.93857	1.89565	1.90776	1.65782	1.87196	1.89058	2.19775	1.44754	2.59524	2.14336	1.41232	0	0	0	0	0	0	0	2.89711	1.51536	1.0007	1.56927	2.76057	2.46291	1.75171	1.97609	1.91394	0	1.43047	0	0	0	0	0	1.15037	0	0	2.53899	1.96253	1.06659	1.55953	2.33958	0	0	0	0	2.84294	2.72444	1.2846	0	1.28851	2.2579	2.3897	0	0	0	0	0	0	0	0	0	0	0	0	0	0	0	0	0	1.1275	1.96719	2.35912	2.75918	2.65081	1.71945	2.34382	1.48454	2.00149	2.53763	2.75305	0	0	0	0	0	2.96356	1.57111	1.7043	0	0	0	0	0	0	0	0	0	1.8121	1.23895	2.87749	0	2.01118	1.18902	2.26251	2.41831	1.86595	1.39534	0	1.76362	2.58697	1.14286	2.43337	1.00553	0	0	1.1379	2.19867	2.22199	2.20595	1.11604	2.8249	2.83059	1.78702	1.4201	2.58868	2.69256	1.73101	2.06033	2.78962	2.84015	0	2.31661	1.0557	1.85656	0	0	0	0	2.03037	1.46401	0	0	0	0	0	0	0	0	0	0	0	0	2.12752	0	0	1.37372	1.17287	2.21344	2.67973	2.99957	0	0	0	0	1.26488	1.37034	2.59588	2.4651	0	0	0	1.81419	2.73564	2.51934	2.09623	1.7451	1.82923	2.59084	2.31224	1.47598	2.98356	2.67582	1.90814	0	0	0	2.02138	0	0	2.88449	1.44636	1.69916	2.0916	1.86332	0	2.56408	2.05466	1.67198	0	0	0	0	0	1.29268	1.22073	2.08232	1.92381	2.44328	2.83477	0	0	2.41215	2.24181	0	0	0	0	0	1.20521	1.93617	2.65269	2.37696	2.69812	1.76509	2.31787	2.15066	2.00815	0	0	0	0	0	0	0	0	0	0	0	0	0	1.15607	2.27989	2.64337	2.36744	0	0	0	0	0	0	0	0	2.44116	2.61099	2.4886	0	0	1.26163	2.88775	0	0	0	2.16353	2.0339	2.40573	1.13846	2.50078	1.30295	2.8401	0	0	0	0	0	0	1.67701	0	0	0	0	0	0	0	0	0	0	0	0	1.38938	0	0	0	0	0	0	0	2.40846	2.13436	0	0	2.05355	0	0	0	2.35599	0	0	0	2.33172	1.22003	1.66568	1.89678	2.01773	1.89091	2.87872	2.444	1.30175	2.28225	0	0	0	0	0	1.65334	2.18624	2.07906	1.90766	2.90403	1.24779	1.35379	0	0	0	2.53446	2.75415	1.76307	1.7083	0	0	0	0	0	2.35833	1.51824	1.20688	1.20157	1.12041	0	0	0	0	0	0	0	0	0	1.73542	0	0	0	0	0	2.6005	1.24276	1.76401	0	1.67038	2.42797	1.41557	1.90345	1.37537	2.25329	1.2548	2.07028	0	0	0	0	0	1.35511	1.36606	2.68779	1.70843	2.08854	2.55394	0	2.83534	0	0	0	0	0	0	2.56371	0	0	0	0	0	2.2503	0	0	0	0	2.6577	0	0	0	1.93687	1.64936	2.77028	1.51309	1.75755	0	0	2.43019	2.72129	1.261	1.41836	2.55118	1.70262	2.79186	0	0	0	0	2.2948	1.90394	1.84432	2.93603	1.15686	0	1.6206	1.13224	2.1459	2.13246	0	0	0	1.34	2.41359	0	0	0	0	0	0	0	0	2.72187	0	0	1.48693	1.44147	1.44519	2.66304	1.55656	1.84908	2.86681	1.36712	2.84747	1.29936	1.92131	2.45294	2.94676	0	0	0	0	0	0	0	0	0	1.8231	1.71951	2.56491	2.25426	1.408	0	0	0	0	0	0	0	0	0	2.93024	1.1264	2.42709	1.20042	0	0	0	2.58084	1.108	1.76217	1.34412	2.92226	0	0	0	0	2.49276	2.34368	0	0	0	0	0	2.25723	1.44542	1.65414	2.98212	2.97063	0	1.03241	2.61907	2.06296	0	0	0	2.07909	2.96378	1.75991	2.17561	0	2.67269	2.38794	0	0	2.7225	2.02985	1.21757	2.54561	2.90363	2.355	1.29176	2.20123	1.78355	2.12066	1.56809	0	0	0	0	0	0	0	0	0	0	0	0	0	0	0	2.46	0	0	0	2.09243	1.54386	1.20317	0	0	0	0	0	0	0	0	0	0	1.44938	2.45453	2.07051	1.63602	1.46666	2.31535	1.62109	1.84456	2.90353	1.40766	2.25124	2.33401	2.66859	1.21176	0	0	0	2.34664	0	2.3968	2.90962	0	0	2.22239	1.16455	0	0	0	0	0	0	0	0	-1	0.103995	0.541667	19.7029
1.51754	2.34703	0	0	0	1.86269	2.21099	1.95975	1.08255	1.39203	1.5471	1.16345	1.73886	2.1629	1.61733	0	0	0	0	0	0	1.05239	2.68116	0	0	1.26543	1.33274	2.42876	1.94759	2.56602	1.25305	0	0	0	0	0	2.19674	1.23145	1.82832	0	1.73547	1.57392	1.93857	1.89565	1.90776	1.65782	1.87196	1.89058	2.19775	1.44754	2.59524	2.14336	0	0	0	0	0	0	0	0	2.89711	1.51536	1.0007	1.56927	2.76057	1.83864	1.75171	1.97609	1.91394	0	1.43047	0	0	0	0	0	1.15037	0	2.90742	2.53899	1.96253	1.06659	1.55953	2.33958	0	0	0	0	2.84294	2.72444	1.2846	1.40938	1.28851	2.2579	2.3897	0	0	0	0	0	0	0	0	0	0	0	0	0	0	0	0	0	1.1275	1.96719	2.35912	2.75918	2.65081	2.85761	2.34382	1.48454	2.00149	2.53763	2.75305	0	0	0	0	0	2.96356	1.57111	0	0	0	0	0	0	0	0	0	0	1.8121	1.23895	2.87749	1.34157	2.01118	1.18902	2.26251	2.41831	1.86595	1.39534	0	1.76362	2.58697	1.14286	2.43337	1.00553	0	0	1.1379	2.19867	2.22199	2.20595	1.11604	2.8249	2.83059	1.78702	1.4201	2.58868	2.69256	1.32836	2.06033	2.78962	2.84015	0	2.31661	1.0557	1.85656	0	0	0	0	2.03037	0	0	0	0	0	0	0	0	0	0	0	0	0	0	0	0	1.37372	1.17287	2.21344	2.67973	2.99957	0	0	0	0	1.26488	2.33619	2.59588	2.4651	0	0	0	1.81419	2.73564	2.51934	2.09623	1.7451	1.82923	2.59084	0	1.47598	2.98356	2.67582	1.90814	0	0	0	2.02138	0	0	2.88449	1.44636	2.96584	2.0916	1.86332	0	2.56408	2.05466	1.67198	0	0	0	0	0	1.29268	2.00874	2.08232	1.92381	2.44328	2.83477	0	0	2.41215	2.24181	0	0	0	0	0	1.20521	1.93617	2.65269	2.37696	2.69812	1.76509	2.31787	2.15066	2.00815	0	0	0	0	0	0	0	0	0	0	0	0	0	1.15607	2.27989	2.64337	2.25623	0	0	0	0	0	0	0	0	2.44116	2.61099	2.4886	0	2.0457	1.26163	2.88775	0	0	0	2.16353	2.0339	2.40573	1.13846	2.50078	1.30295	2.8401	0	0	0	0	0	0	1.67701	0	0	0	0	0	0	0	0	0	0	0	0	1.38938	0	0	0	0	0	0	2.66916	2.40846	2.13436	0	0	2.05355	0	0	0	2.35599	0	0	0	2.22938	1.22003	1.66568	1.89678	2.01773	1.89091	2.87872	2.444	1.30175	2.28225	0	0	0	1.40957	0	1.65334	2.18624	2.07906	1.90766	2.90403	1.24779	1.35379	0	0	0	2.53446	2.5965	1.76307	1.7083	0	0	0	0	0	2.35833	1.51824	1.20688	1.20157	1.12041	0	0	0	0	0	0	0	0	0	1.73542	0	0	0	0	0	2.6005	1.24276	1.76401	0	1.67038	2.42797	1.41557	1.90345	1.37537	2.25329	1.2548	0	0	0	0	0	0	1.35511	1.36606	2.68779	1.70843	2.08854	2.55394	0	0	0	0	0	0	0	0	2.56371	0	0	0	0	0	0	0	0	0	0	2.6577	0	0	0	1.93687	1.64936	2.77028	1.51309	0	0	0	2.43019	2.72129	1.261	1.41836	2.55118	1.70262	2.79186	0	0	0	2.67133	2.2948	1.90394	1.84432	2.93603	1.15686	0	1.6206	1.13224	2.1459	2.13246	0	0	2.83298	1.34	2.41359	0	0	0	0	0	0	0	0	2.72187	0	0	1.48693	1.44147	1.44519	2.66304	1.55656	1.84908	2.86681	1.36712	2.84747	1.29936	1.92131	2.45294	0	0	0	0	0	0	0	0	0	0	1.8231	1.71951	2.56491	2.53206	1.408	0	0	0	0	0	0	0	0	0	2.93024	1.1264	1.14173	1.20042	0	0	0	2.58084	1.108	1.76217	1.34412	2.92226	0	0	0	0	2.49276	2.34368	0	0	0	0	0	2.25723	1.44542	1.65414	2.98212	2.97063	1.84125	1.03241	2.61907	2.06296	0	0	0	2.07909	2.96378	1.75991	2.17561	0	2.67269	0	0	0	2.7225	2.02985	1.21757	2.54561	2.90363	2.355	1.29176	2.20123	1.78355	2.12066	0	0	0	0	0	0	0	0	0	0	0	0	0	0	0	0	2.46	0	0	0	2.09243	1.54386	1.20317	0	0	0	0	0	0	0	0	0	0	1.44938	2.45453	2.07051	1.63602	1.46666	2.31535	1.22962	1.84456	2.90353	1.40766	2.25124	2.33401	2.66859	1.21176	0	0	0	2.34664	0	2.65906	2.90962	0	0	2.22239	1.16455	0	0	0	0	0	0	0	-0.992709	0.110491	0.547619	18.9809
2.31183	1.51754	2.34703	0	0	0	1.86269	2.21099	1.95975	1.08255	1.39203	1.5471	1.16345	2.17499	2.1629	1.61733	0	0	0	0	0	0	1.05239	2.68116	0	0	0	1.33274	2.42876	1.94759	2.56602	1.25305	0	0	0	0	0	2.19674	1.23145	0	0	1.73547	1.57392	1.93857	1.89565	1.90776	1.65782	1.87196	1.89058	2.19775	1.44754	2.59524	0	0	0	0	0	0	0	0	0	2.89711	1.51536	1.0007	1.56927	1.90417	1.83864	1.75171	1.97609	1.91394	0	1.43047	0	0	0	0	0	1.15037	1.89439	2.90742	2.53899	1.96253	1.06659	1.55953	2.33958	0	0	0	0	2.84294	2.72444	2.32806	1.40938	1.28851	2.2579	2.3897	0	0	0	0	0	0	0	0	0	0	0	0	0	0	0	0	0	1.1275	1.96719	2.35912	2.75918	2.36203	2.85761	2.34382	1.48454	2.00149	2.53763	2.75305	0	0	0	0	0	2.96356	1.09191	0	0	0	0	0	0	0	0	0	0	1.8121	1.23895	1.85296	1.34157	2.01118	1.18902	2.26251	2.41831	1.86595	1.39534	0	1.76362	2.58697	1.14286	2.43337	0	0	0	1.1379	2.19867	2.22199	2.20595	1.11604	2.8249	2.83059	1.78702	1.4201	2.58868	2.49294	1.32836	2.06033	2.78962	2.84015	0	2.31661	1.0557	1.85656	0	0	0	0	0	0	0	0	0	0	0	0	0	0	0	0	0	0	0	0	0	1.37372	1.17287	2.21344	2.67973	2.99957	0	0	0	0	1.86619	2.33619	2.59588	2.4651	0	0	0	1.81419	2.73564	2.51934	2.09623	1.7451	1.82923	0	0	1.47598	2.98356	2.67582	1.90814	0	0	0	2.02138	0	0	2.88449	2.55685	2.96584	2.0916	1.86332	0	2.56408	2.05466	1.67198	0	0	0	0	0	1.0785	2.00874	2.08232	1.92381	2.44328	2.83477	0	0	2.41215	2.24181	0	0	0	0	0	1.20521	1.93617	2.65269	2.37696	2.69812	1.76509	2.31787	2.15066	2.00815	0	0	0	0	0	0	0	0	0	0	0	0	0	1.15607	2.27989	1.05943	2.25623	0	0	0	0	0	0	0	0	2.44116	2.61099	2.4886	1.72081	2.0457	1.26163	2.88775	0	0	0	2.16353	2.0339	2.40573	1.13846	2.50078	1.30295	0	0	0	0	0	0	0	1.67701	0	0	0	0	0	0	0	0	0	0	0	0	1.38938	0	0	0	0	0	2.48577	2.66916	2.40846	2.13436	0	0	2.05355	0	0	0	2.35599	0	0	1.83327	2.22938	1.22003	1.66568	1.89678	2.01773	1.89091	2.87872	2.444	1.30175	2.28225	0	0	0	1.40957	0	1.65334	2.18624	2.07906	1.90766	2.90403	1.24779	1.35379	0	0	0	2.39341	2.5965	1.76307	1.7083	0	0	0	0	0	2.35833	1.51824	1.20688	1.20157	0	0	0	0	0	0	0	0	0	0	1.73542	0	0	1.39384	0	0	2.6005	1.24276	1.76401	0	1.67038	2.42797	1.41557	1.90345	1.37537	2.25329	0	0	0	0	0	0	0	1.35511	1.36606	2.68779	1.70843	2.08854	2.55394	0	0	0	0	0	0	0	0	2.56371	0	0	0	0	0	0	0	0	0	0	2.6577	0	0	0	1.93687	1.64936	2.77028	0	0	0	0	2.43019	2.72129	1.261	1.41836	2.55118	1.70262	2.79186	0	0	1.83486	2.67133	2.2948	1.90394	1.84432	2.93603	1.15686	0	1.6206	1.13224	2.1459	2.13246	0	1.97522	2.83298	1.34	2.41359	0	0	0	0	0	0	0	0	2.72187	0	0	1.48693	1.44147	1.44519	2.66304	1.55656	1.84908	2.86681	1.36712	2.84747	1.29936	1.92131	0	0	0	0	0	0	0	0	0	0	0	1.8231	1.71951	2.3604	2.53206	1.408	0	0	0	0	0	0	0	0	0	2.93024	1.78716	1.14173	1.20042	0	0	0	2.58084	1.108	1.76217	1.34412	2.92226	0	0	0	0	2.49276	2.34368	0	0	0	0	0	2.25723	1.44542	1.65414	2.98212	1.00558	1.84125	1.03241	2.61907	2.06296	0	0	0	2.07909	2.96378	1.75991	2.17561	0	1.56056	0	0	0	2.7225	2.02985	1.21757	2.54561	2.90363	2.355	1.29176	2.20123	1.78355	0	0	0	0	0	0	0	0	0	0	0	0	0	0	0	0	0	2.46	0	0	0	2.09243	1.54386	1.20317	0	0	0	0	0	0	0	0	0	0	1.44938	2.45453	2.07051	1.63602	1.46666	2.5438	1.22962	1.84456	2.90353	1.40766	2.25124	2.33401	2.66859	1.21176	0	0	0	2.34664	2.32182	2.65906	2.90962	0	0	2.22239	1.16455	0	0	0	0	0	0	-0.970942	0.165747	0.553571	18.0535
0	2.31183	1.51754	2.34703	0	0	0	1.86269	2.21099	1.95975	1.08255	1.39203	1.5471	1.46009	2.17499	2.1629	1.61733	0	0	0	0	0	0	1.05239	2.68116	0	0	0	1.33274	2.42876	1.94759	2.56602	1.25305	0	0	0	0	0	2.19674	0	0	0	1.73547	1.57392	1.93857	1.89565	1.90776	1.65782	1.87196	1.89058	2.19775	1.44754	0	0	0	0	0	0	0	0	0	0	2.89711	1.51536	1.0007	1.30335	1.90417	1.83864	1.75171	1.97609	1.91394	0	1.43047	0	0	0	0	0	1.05112	1.89439	2.90742	2.53899	1.96253	1.06659	1.55953	2.33958	0	0	0	0	2.84294	2.12813	2.32806	1.40938	1.28851	2.2579	2.3897	0	0	0	0	0	0	0	0	0	0	0	0	0	0	0	0	0	1.1275	1.96719	2.35912	1.78147	2.36203	2.85761	2.34382	1.48454	2.00149	2.53763	2.75305	0	0	0	0	0	0	1.09191	0	0	0	0	0	0	0	0	0	0	1.8121	1.64289	1.85296	1.34157	2.01118	1.18902	2.26251	2.41831	1.86595	1.39534	0	1.76362	2.58697	1.14286	0	0	0	0	1.1379	2.19867	2.22199	2.20595	1.11604	2.8249	2.83059	1.78702	1.4201	0	2.49294	1.32836	2.06033	2.78962	2.84015	0	2.31661	1.0557	1.85656	0	0	0	1.57973	0	0	0	0	0	0	0	0	0	0	0	0	0	0	0	0	0	1.37372	1.17287	2.21344	2.67973	2.99957	0	0	0	2.0966	1.86619	2.33619	2.59588	2.4651	0	0	0	1.81419	2.73564	2.51934	2.09623	1.7451	0	0	0	1.47598	2.98356	2.67582	1.90814	0	0	0	2.02138	0	0	0	2.55685	2.96584	2.0916	1.86332	0	2.56408	2.05466	1.67198	0	0	0	0	0	1.0785	2.00874	2.08232	1.92381	2.44328	2.83477	0	0	2.41215	2.24181	0	0	2.79243	0	0	1.20521	1.93617	2.65269	2.37696	2.69812	1.76509	2.31787	2.15066	2.00815	0	0	0	0	0	0	0	0	0	0	0	0	0	1.15607	0	1.05943	2.25623	0	0	0	0	0	0	0	0	2.44116	2.61099	2.41651	1.72081	2.0457	1.26163	2.88775	0	0	0	2.16353	2.0339	2.40573	1.13846	2.50078	0	0	0	0	0	0	0	0	1.67701	0	0	0	0	0	0	0	0	0	0	0	0	1.38938	0	0	0	0	2.44235	2.48577	2.66916	2.40846	2.13436	0	0	2.05355	0	0	0	2.35599	0	1.57295	1.83327	2.22938	1.22003	1.66568	1.89678	2.01773	1.89091	2.87872	2.444	1.30175	2.28225	0	0	0	1.40957	0	1.65334	2.18624	2.07906	1.90766	2.90403	1.24779	1.35379	0	0	2.5046	2.39341	2.5965	1.76307	1.7083	0	0	0	0	0	2.35833	1.51824	1.20688	0	0	0	0	0	0	0	0	0	0	0	1.73542	0	2.80199	1.39384	0	0	2.6005	1.24276	1.76401	0	1.67038	2.42797	1.41557	1.90345	1.37537	0	0	0	0	0	0	0	0	1.35511	1.36606	2.68779	1.70843	2.08854	0	0	0	0	0	0	0	0	0	2.56371	0	0	0	0	0	0	0	0	0	0	2.6577	0	0	0	1.93687	1.64936	0	0	0	0	0	2.43019	2.72129	1.261	1.41836	2.55118	1.70262	2.79186	0	1.90962	1.83486	2.67133	2.2948	1.90394	1.84432	2.93603	1.15686	0	1.6206	1.13224	2.1459	2.13246	2.76075	1.97522	2.83298	1.34	2.41359	0	0	0	0	0	0	0	0	0	0	0	1.48693	1.44147	1.44519	2.66304	1.55656	1.84908	2.86681	1.36712	2.84747	1.29936	2.76382	0	0	0	0	0	0	0	0	0	0	0	1.8231	0	2.3604	2.53206	1.408	0	0	0	0	0	0	0	0	0	2.68601	1.78716	1.14173	1.20042	0	0	0	2.58084	1.108	1.76217	1.34412	2.92226	0	0	0	0	2.49276	2.34368	0	0	0	0	0	2.25723	1.44542	1.65414	1.52496	1.00558	1.84125	1.03241	2.61907	2.06296	0	0	0	2.07909	2.96378	1.75991	2.17561	1.94426	1.56056	0	0	0	2.7225	2.02985	1.21757	2.54561	2.90363	2.355	1.29176	2.20123	2.4517	0	0	0	0	0	0	0	0	0	0	0	0	0	0	0	0	0	2.46	0	0	0	2.09243	1.54386	1.20317	0	0	0	0	0	0	0	0	0	0	1.44938	2.45453	2.07051	1.63602	1.24404	2.5438	1.22962	1.84456	2.90353	1.40766	2.25124	2.33401	2.66859	1.21176	0	0	0	0	2.32182	2.65906	2.90962	0	0	2.22239	1.16455	0	0	0	0	0	-0.935016	0.118514	0.559524	17.04
0	0	2.31183	1.51754	2.34703	0	0	0	1.86269	2.21099	1.95975	1.08255	1.39203	1.75198	1.46009	2.17499	2.1629	1.61733	0	0	0	0	0	0	1.05239	2.68116	0	0	0	1.33274	2.42876	1.94759	2.56602	1.25305	0	0	0	0	0	0	0	0	0	1.73547	1.57392	1.93857	1.89565	1.90776	1.65782	1.87196	1.89058	2.19775	0	0	0	0	0	0	0	0	0	0	0	2.89711	1.51536	2.1146	1.30335	1.90417	1.83864	1.75171	1.97609	1.91394	0	1.43047	0	0	0	0	2.52776	1.05112	1.89439	2.90742	2.53899	1.96253	1.06659	1.55953	2.33958	0	0	0	0	1.76339	2.12813	2.32806	1.40938	1.28851	2.2579	2.3897	0	0	0	0	0	0	0	0	0	0	0	0	0	0	0	0	0	1.1275	1.96719	2.47841	1.78147	2.36203	2.85761	2.34382	1.48454	2.00149	2.53763	2.75305	0	0	0	0	2.09109	0	1.09191	0	0	0	0	0	0	0	0	0	0	2.05173	1.64289	1.85296	1.34157	2.01118	1.18902	2.26251	2.41831	1.86595	1.39534	0	1.76362	2.58697	0	0	0	0	0	1.1379	2.19867	2.22199	2.20595	1.11604	2.8249	2.83059	1.78702	0	0	2.49294	1.32836	2.06033	2.78962	2.84015	0	2.31661	1.0557	1.85656	0	0	1.97349	1.57973	0	0	0	0	0	0	0	0	0	0	0	0	0	0	0	0	0	1.37372	1.17287	2.21344	2.67973	2.99957	0	0	2.08083	2.0966	1.86619	2.33619	2.59588	2.4651	0	0	0	1.81419	2.73564	2.51934	2.09623	0	0	0	0	1.47598	2.98356	2.67582	1.90814	0	0	0	2.02138	0	2.19798	0	2.55685	2.96584	2.0916	1.86332	0	2.56408	2.05466	1.67198	0	0	0	0	0	1.0785	2.00874	2.08232	1.92381	2.44328	2.83477	0	0	2.41215	2.24181	0	1.48837	2.79243	0	0	1.20521	1.93617	2.65269	2.37696	2.69812	1.76509	2.31787	2.15066	2.00815	1.30063	0	0	0	0	0	0	0	0	0	0	0	0	0	0	1.05943	2.25623	0	0	0	0	0	0	0	0	2.44116	0	2.41651	1.72081	2.0457	1.26163	2.88775	0	0	0	2.16353	2.0339	2.40573	1.13846	1.23028	0	0	0	0	0	0	0	0	1.67701	0	0	0	0	0	0	0	0	0	0	0	0	1.38938	0	0	0	1.20604	2.44235	2.48577	2.66916	2.40846	2.13436	0	0	2.05355	0	0	0	2.35599	2.03089	1.57295	1.83327	2.22938	1.22003	1.66568	1.89678	2.01773	1.89091	2.87872	2.444	1.30175	2.28225	0	0	0	1.40957	0	1.65334	2.18624	2.07906	1.90766	2.90403	1.24779	1.35379	0	2.69868	2.5046	2.39341	2.5965	1.76307	1.7083	0	0	0	0	0	2.35833	1.51824	0	0	0	0	0	0	0	0	0	0	0	0	1.73542	1.14476	2.80199	1.39384	0	0	2.6005	1.24276	1.76401	0	1.67038	2.42797	1.41557	1.90345	1.9523	0	0	0	0	0	0	0	0	1.35511	1.36606	2.68779	1.70843	0	0	0	0	0	0	0	0	0	0	2.56371	0	0	0	0	0	0	0	0	0	0	2.6577	0	0	0	1.93687	0	0	0	0	0	0	2.43019	2.72129	1.261	1.41836	2.55118	1.70262	2.79186	1.38249	1.90962	1.83486	2.67133	2.2948	1.90394	1.84432	2.93603	1.15686	0	1.6206	1.13224	2.1459	1.23194	2.76075	1.97522	2.83298	1.34	2.41359	0	0	0	0	0	0	0	1.12919	0	0	0	1.48693	1.44147	1.44519	2.66304	1.55656	1.84908	2.86681	1.36712	2.84747	0	2.76382	0	0	0	0	0	0	0	0	0	0	0	0	0	2.3604	2.53206	1.408	0	0	0	0	0	0	0	0	1.49353	2.68601	1.78716	1.14173	1.20042	0	0	0	2.58084	1.108	1.76217	1.34412	2.92226	0	0	0	0	2.49276	2.34368	0	0	0	0	0	2.25723	1.44542	1.44051	1.52496	1.00558	1.84125	1.03241	2.61907	2.06296	0	0	0	2.07909	2.96378	1.75991	1.02761	1.94426	1.56056	0	0	0	2.7225	2.02985	1.21757	2.54561	2.90363	2.355	1.29176	2.06043	2.4517	0	0	0	0	0	0	0	0	0	0	0	0	0	0	0	0	0	2.46	0	0	0	2.09243	1.54386	1.20317	0	0	0	0	0	0	0	0	0	0	1.44938	2.45453	2.07051	2.10164	1.24404	2.5438	1.22962	1.84456	2.90353	1.40766	2.25124	2.33401	2.66859	1.21176	0	0	0	0	2.32182	2.65906	2.90962	0	0	2.22239	1.16455	0	0	0	0	-0.885456	0.155371	0.565476	17.4516
0	0	0	2.31183	1.51754	2.34703	0	0	0	1.86269	2.21099	1.95975	1.08255	0	1.75198	1.46009	2.17499	2.1629	1.61733	0	0	0	0	0	0	1.05239	0	0	0	0	1.33274	2.42876	1.94759	2.56602	1.25305	0	0	0	0	2.69632	0	0	0	0	1.73547	1.57392	1.93857	1.89565	1.90776	1.65782	1.87196	1.89058	0	0	0	0	0	0	0	0	0	0	0	0	2.89711	1.57524	2.1146	1.30335	1.90417	1.83864	1.75171	1.97609	1.91394	0	1.43047	0	0	0	2.82048	2.52776	1.05112	1.89439	2.90742	2.53899	1.96253	1.06659	1.55953	2.33958	0	0	0	1.78127	1.76339	2.12813	2.32806	1.40938	1.28851	2.2579	2.3897	0	0	0	0	0	0	0	0	0	0	0	0	0	0	0	0	0	1.1275	1.22956	2.47841	1.78147	2.36203	2.85761	2.34382	1.48454	2.00149	2.53763	2.75305	0	0	0	1.02465	2.09109	0	1.09191	0	0	0	0	0	0	0	0	0	2.59556	2.05173	1.64289	1.85296	1.34157	2.01118	1.18902	2.26251	2.41831	1.86595	1.39534	0	1.76362	0	0	0	0	0	0	1.1379	2.19867	2.22199	2.20595	1.11604	2.8249	2.83059	1.29992	0	0	2.49294	1.32836	2.06033	2.78962	2.84015	0	2.31661	1.0557	1.85656	0	1.6679	1.97349	1.57973	0	0	0	0	0	0	0	0	0	0	0	0	0	0	0	0	0	1.37372	1.17287	2.21344	2.67973	2.99957	0	2.22165	2.08083	2.0966	1.86619	2.33619	2.59588	2.4651	0	0	0	1.81419	2.73564	2.51934	0	0	0	0	0	1.47598	2.98356	2.67582	1.90814	0	0	0	2.02138	2.62466	2.19798	0	2.55685	2.96584	2.0916	1.86332	0	2.56408	2.05466	1.67198	0	0	0	0	0	1.0785	2.00874	2.08232	1.92381	2.44328	2.83477	0	0	2.41215	2.24181	0	1.48837	2.79243	0	0	1.20521	1.93617	2.65269	2.37696	2.69812	1.76509	2.31787	2.15066	0	1.30063	0	0	0	0	0	0	0	0	0	0	0	0	0	0	1.05943	2.25623	0	0	0	0	0	0	0	0	0	0	2.41651	1.72081	2.0457	1.26163	2.88775	0	0	0	2.16353	2.0339	2.40573	1.16393	1.23028	0	0	0	0	0	0	0	0	1.67701	0	0	0	0	0	0	0	0	0	0	0	0	1.38938	0	0	1.23339	1.20604	2.44235	2.48577	2.66916	2.40846	2.13436	0	0	2.05355	0	0	0	0	2.03089	1.57295	1.83327	2.22938	1.22003	1.66568	1.89678	2.01773	1.89091	2.87872	2.444	1.30175	0	0	0	0	1.40957	0	1.65334	2.18624	2.07906	1.90766	2.90403	1.24779	1.35379	2.86389	2.69868	2.5046	2.39341	2.5965	1.76307	1.7083	0	0	0	0	0	2.35833	0	0	0	0	0	0	0	0	0	0	0	0	0	2.17613	1.14476	2.80199	1.39384	0	0	2.6005	1.24276	1.76401	0	1.67038	2.42797	1.41557	2.92064	1.9523	0	0	0	0	0	0	0	0	1.35511	1.36606	2.68779	2.52336	0	0	0	0	0	0	0	0	0	0	2.56371	0	1.4702	0	0	0	0	0	0	0	0	2.6577	0	0	0	0	0	0	0	0	0	0	2.43019	2.72129	1.261	1.41836	2.55118	1.70262	1.39711	1.38249	1.90962	1.83486	2.67133	2.2948	1.90394	1.84432	2.93603	1.15686	0	1.6206	1.13224	2.92598	1.23194	2.76075	1.97522	2.83298	1.34	2.41359	0	0	0	0	0	0	1.41025	1.12919	0	0	0	1.48693	1.44147	1.44519	2.66304	1.55656	1.84908	2.86681	1.36712	0	0	2.76382	0	0	0	0	0	0	0	0	0	0	1.12309	0	0	2.3604	2.53206	1.408	0	0	0	0	0	0	0	1.44846	1.49353	2.68601	1.78716	1.14173	1.20042	0	0	0	2.58084	1.108	1.76217	1.34412	0	0	0	0	0	2.49276	2.34368	0	0	0	0	0	2.25723	0	1.44051	1.52496	1.00558	1.84125	1.03241	2.61907	2.06296	0	0	0	2.07909	2.96378	1.70682	1.02761	1.94426	1.56056	0	0	0	2.7225	2.02985	1.21757	2.54561	2.90363	2.355	1.75492	2.06043	2.4517	0	0	0	0	0	0	0	0	0	0	0	0	0	0	0	0	0	2.46	0	0	0	2.09243	1.54386	0	0	0	0	0	0	0	0	0	0	0	1.44938	2.45453	1.09527	2.10164	1.24404	2.5438	1.22962	1.84456	2.90353	1.40766	2.25124	2.33401	2.66859	1.21176	0	0	0	0	2.32182	2.65906	2.90962	0	0	2.22239	1.16455	0	0	0	-0.822984	0.13223	0.571429	17.9903
0	0	0	0	2.31183	1.51754	2.34703	0	0	0	1.86269	2.21099	1.95975	0	0	1.75198	1.46009	2.17499	2.1629	1.61733	0	0	0	0	0	0	2.64203	0	0	0	0	1.33274	2.42876	1.94759	2.56602	1.25305	0	0	0	1.18187	2.69632	0	0	0	0	1.73547	1.57392	1.93857	1.89565	1.90776	1.65782	1.87196	1.49569	0	0	0	0	0	0	0	0	0	0	0	0	2.6467	1.57524	2.1146	1.30335	1.90417	1.83864	1.75171	1.97609	1.91394	0	1.43047	0	0	2.52429	2.82048	2.52776	1.05112	1.89439	2.90742	2.53899	1.96253	1.06659	1.55953	2.33958	0	0	1.1312	1.78127	1.76339	2.12813	2.32806	1.40938	1.28851	2.2579	2.3897	0	0	0	0	0	0	0	0	0	0	0	0	0	0	0	0	0	0	1.22956	2.47841	1.78147	2.36203	2.85761	2.34382	1.48454	2.00149	2.53763	2.75305	0	0	2.29587	1.02465	2.09109	0	1.09191	0	0	0	0	0	0	0	0	2.10857	2.59556	2.05173	1.64289	1.85296	1.34157	2.01118	1.18902	2.26251	2.41831	1.86595	1.39534	0	0	0	0	0	0	0	0	1.1379	2.19867	2.22199	2.20595	1.11604	2.8249	1.00422	1.29992	0	0	2.49294	1.32836	2.06033	2.78962	2.84015	0	2.31661	1.0557	1.85656	1.30226	1.6679	1.97349	1.57973	0	0	0	0	0	0	0	0	0	0	0	0	0	0	0	0	0	1.37372	1.17287	2.21344	2.67973	2.99957	2.01265	2.22165	2.08083	2.0966	1.86619	2.33619	2.59588	2.4651	0	0	0	1.81419	2.73564	0	0	0	0	0	0	1.47598	2.98356	2.67582	1.90814	0	0	0	1.71197	2.62466	2.19798	0	2.55685	2.96584	2.0916	1.86332	0	2.56408	2.05466	1.67198	0	1.68054	0	0	0	1.0785	2.00874	2.08232	1.92381	2.44328	2.83477	0	0	2.41215	0	0	1.48837	2.79243	0	0	1.20521	1.93617	2.65269	2.37696	2.69812	1.76509	2.31787	2.52589	0	1.30063	0	0	0	0	0	0	0	0	0	0	0	0	0	0	1.05943	2.25623	0	0	0	0	0	0	0	0	0	0	2.41651	1.72081	2.0457	1.26163	2.88775	0	0	0	2.16353	2.0339	2.34794	1.16393	1.23028	0	0	0	0	0	0	0	0	1.67701	0	0	0	0	0	0	0	0	0	0	0	0	1.38938	0	1.27038	1.23339	1.20604	2.44235	2.48577	2.66916	2.40846	2.13436	0	0	2.05355	0	0	0	0	2.03089	1.57295	1.83327	2.22938	1.22003	1.66568	1.89678	2.01773	1.89091	2.87872	2.444	0	0	0	0	0	1.40957	0	1.65334	2.18624	2.07906	1.90766	2.90403	1.24779	1.26179	2.86389	2.69868	2.5046	2.39341	2.5965	1.76307	1.7083	0	0	0	0	0	0	0	0	0	0	0	0	0	0	0	0	0	0	1.0297	2.17613	1.14476	2.80199	1.39384	0	0	2.6005	1.24276	1.76401	0	1.67038	2.42797	0	2.92064	1.9523	0	0	0	0	0	0	0	0	1.35511	1.36606	1.61039	2.52336	0	0	0	0	0	0	0	0	0	0	2.56371	2.38752	1.4702	0	0	0	0	0	0	0	0	2.6577	0	0	0	0	0	0	0	0	0	0	2.43019	2.72129	1.261	1.41836	2.55118	2.1931	1.39711	1.38249	1.90962	1.83486	2.67133	2.2948	1.90394	1.84432	2.93603	1.15686	0	1.6206	2.25249	2.92598	1.23194	2.76075	1.97522	2.83298	1.34	2.41359	0	0	0	0	0	1.18976	1.41025	1.12919	0	0	0	1.48693	1.44147	1.44519	2.66304	1.55656	1.84908	2.86681	1.95172	0	0	2.76382	0	0	0	0	0	0	0	0	0	1.96453	1.12309	0	0	2.3604	2.53206	1.408	0	0	0	0	0	0	1.95603	1.44846	1.49353	2.68601	1.78716	1.14173	1.20042	0	0	0	2.58084	1.108	1.76217	0	0	0	0	0	0	2.49276	2.34368	0	0	0	0	0	2.35693	0	1.44051	1.52496	1.00558	1.84125	1.03241	2.61907	2.06296	0	0	0	2.07909	2.75549	1.70682	1.02761	1.94426	1.56056	0	0	0	2.7225	2.02985	1.21757	2.54561	2.90363	2.15039	1.75492	2.06043	2.4517	0	0	0	0	0	0	0	0	0	2.92799	0	0	0	0	0	0	0	2.46	0	0	0	2.09243	0	0	0	0	0	0	0	0	0	0	0	0	1.44938	2.98631	1.09527	2.10164	1.24404	2.5438	1.22962	1.84456	2.90353	1.40766	2.25124	2.33401	2.66859	1.21176	0	0	0	0	2.32182	2.65906	2.90962	0	0	2.22239	1.16455	0	0	-0.748511	0.147828	0.577381	19.2889
0	0	0	0	0	2.31183	1.51754	2.34703	0	0	0	1.86269	2.21099	0	0	0	1.75198	1.46009	2.17499	2.1629	1.61733	0	0	0	0	0	2.45435	2.64203	0	0	0	0	1.33274	2.42876	1.94759	2.56602	1.25305	0	0	1.02239	1.18187	2.69632	0	0	0	0	1.73547	1.57392	1.93857	1.89565	1.90776	1.65782	0	1.49569	0	0	0	0	0	0	0	0	0	0	0	2.10183	2.6467	1.57524	2.1146	1.30335	1.90417	1.83864	1.75171	1.97609	1.91394	0	1.43047	0	2.72828	2.52429	2.82048	2.52776	1.05112	1.89439	2.90742	2.53899	1.96253	1.06659	1.55953	2.33958	0	1.93685	1.1312	1.78127	1.76339	2.12813	2.32806	1.40938	1.28851	2.2579	2.3897	0	0	0	1.21005	0	0	0	0	0	0	0	0	0	0	0	0	0	0	1.22956	2.47841	1.78147	2.36203	2.85761	2.34382	1.48454	2.00149	2.53763	2.75305	0	1.42412	2.29587	1.02465	2.09109	0	1.09191	0	0	0	0	0	0	0	1.39396	2.10857	2.59556	2.05173	1.64289	1.85296	1.34157	2.01118	1.18902	2.26251	2.41831	1.86595	1.39534	0	0	0	0	0	0	0	0	1.1379	2.19867	2.22199	2.20595	1.11604	1.46074	1.00422	1.29992	0	0	2.49294	1.32836	2.06033	2.78962	2.84015	0	2.31661	1.0557	2.4541	1.30226	1.6679	1.97349	1.57973	0	0	0	0	0	0	0	0	1.48793	0	0	0	0	0	0	0	0	1.37372	1.17287	2.21344	2.67973	1.35537	2.01265	2.22165	2.08083	2.0966	1.86619	2.33619	2.59588	2.4651	0	0	0	1.81419	0	0	0	0	0	0	0	1.47598	2.98356	2.67582	1.90814	0	0	0	1.71197	2.62466	2.19798	0	2.55685	2.96584	2.0916	1.86332	0	2.56408	2.05466	1.67198	0	1.68054	0	0	0	1.0785	2.00874	2.08232	1.92381	2.44328	2.83477	0	0	0	0	0	1.48837	2.79243	0	0	1.20521	1.93617	2.65269	2.37696	2.69812	1.76509	0	2.52589	0	1.30063	0	0	0	0	0	0	0	0	0	0	0	0	0	0	1.05943	2.25623	0	0	0	0	0	0	0	0	0	0	2.41651	1.72081	2.0457	1.26163	2.88775	0	0	0	2.16353	1.00001	2.34794	1.16393	1.23028	0	0	0	0	0	0	0	0	1.67701	0	0	0	0	0	0	0	0	0	0	0	0	1.38938	1.0495	1.27038	1.23339	1.20604	2.44235	2.48577	2.66916	2.40846	2.13436	0	0	2.05355	0	0	0	0	2.03089	1.57295	1.83327	2.22938	1.22003	1.66568	1.89678	2.01773	1.89091	2.87872	0	0	0	0	0	0	1.40957	0	1.65334	2.18624	2.07906	1.90766	2.90403	2.93182	1.26179	2.86389	2.69868	2.5046	2.39341	2.5965	1.76307	1.7083	0	0	0	0	0	0	0	0	0	0	0	0	0	0	0	0	0	0	1.0297	2.17613	1.14476	2.80199	1.39384	0	0	2.6005	1.24276	1.76401	0	1.67038	0	0	2.92064	1.9523	0	0	0	0	0	0	0	0	1.35511	1.23393	1.61039	2.52336	0	0	0	0	0	0	0	0	0	0	2.73992	2.38752	1.4702	0	0	0	0	0	0	0	0	2.6577	0	0	0	0	0	0	0	0	0	0	2.43019	2.72129	1.261	1.41836	2.98615	2.1931	1.39711	1.38249	1.90962	1.83486	2.67133	2.2948	1.90394	1.84432	2.93603	1.15686	0	1.65255	2.25249	2.92598	1.23194	2.76075	1.97522	2.83298	1.34	2.41359	0	0	0	0	1.78033	1.18976	1.41025	1.12919	0	0	0	1.48693	1.44147	1.44519	2.66304	1.55656	1.84908	1.11683	1.95172	0	0	2.76382	0	0	0	0	0	0	0	0	0	1.96453	1.12309	0	0	2.3604	2.53206	1.408	0	0	0	0	0	1.57342	1.95603	1.44846	1.49353	2.68601	1.78716	1.14173	1.20042	0	0	0	2.58084	1.108	0	0	0	0	0	0	0	2.49276	2.34368	0	0	0	0	1.42896	2.35693	0	1.44051	1.52496	1.00558	1.84125	1.03241	2.61907	2.06296	0	0	0	2.64521	2.75549	1.70682	1.02761	1.94426	1.56056	0	0	0	2.7225	2.02985	1.21757	2.54561	1.42636	2.15039	1.75492	2.06043	2.4517	0	0	0	0	0	0	0	0	2.93308	2.92799	0	0	0	0	0	0	0	2.46	0	0	0	1.08704	0	0	0	0	0	0	0	0	0	0	0	0	2.94017	2.98631	1.09527	2.10164	1.24404	2.5438	1.22962	1.84456	2.90353	1.40766	2.25124	2.33401	2.66859	0	0	0	0	0	2.32182	2.65906	2.90962	0	0	2.22239	1.16455	0	-0.663123	0.166745	0.583333	18.7351
0	0	0	0	0	0	2.31183	1.51754	2.34703	0	0	0	1.86269	1.3319	0	0	0	1.75198	1.46009	2.17499	2.1629	1.61733	0	0	0	0	1.99786	2.45435	2.64203	0	0	0	0	1.33274	2.42876	1.94759	2.56602	1.25305	0	1.12764	1.02239	1.18187	2.69632	0	0	0	0	1.73547	1.57392	1.93857	1.89565	1.90776	0	0	1.49569	0	0	0	0	0	0	0	0	0	0	2.02989	2.10183	2.6467	1.57524	2.1146	1.30335	1.90417	1.83864	1.75171	1.97609	1.91394	0	1.43047	2.84426	2.72828	2.52429	2.82048	2.52776	1.05112	1.89439	2.90742	2.53899	1.96253	1.06659	1.55953	2.33958	2.80216	1.93685	1.1312	1.78127	1.76339	2.12813	2.32806	1.40938	1.28851	2.2579	2.3897	0	0	0	1.21005	0	0	0	0	0	0	0	0	0	0	0	0	0	0	1.22956	2.47841	1.78147	2.36203	2.85761	2.34382	1.48454	2.00149	2.53763	2.75305	0	1.42412	2.29587	1.02465	2.09109	0	1.09191	0	0	0	0	0	0	2.30859	1.39396	2.10857	2.59556	2.05173	1.64289	1.85296	1.34157	2.01118	1.18902	2.26251	2.41831	1.86595	0	0	0	0	0	0	0	0	0	1.1379	2.19867	2.22199	2.20595	1.6233	1.46074	1.00422	1.29992	0	0	2.49294	1.32836	2.06033	2.78962	2.84015	0	2.31661	1.07725	2.4541	1.30226	1.6679	1.97349	1.57973	0	0	0	0	0	0	0	2.29452	1.48793	0	0	0	0	0	0	0	0	1.37372	1.17287	2.21344	0	1.35537	2.01265	2.22165	2.08083	2.0966	1.86619	2.33619	2.59588	2.4651	0	0	0	0	0	0	0	0	0	0	0	1.47598	2.98356	2.67582	1.90814	0	0	0	1.71197	2.62466	2.19798	0	2.55685	2.96584	2.0916	1.86332	0	2.56408	2.05466	0	0	1.68054	0	0	0	1.0785	2.00874	2.08232	1.92381	2.44328	2.83477	0	0	0	0	0	1.48837	2.79243	0	0	1.20521	1.93617	2.65269	2.37696	2.69812	0	0	2.52589	0	1.30063	0	0	0	0	0	0	0	0	0	0	0	0	0	0	1.05943	2.25623	0	0	0	0	0	0	0	0	0	0	2.41651	1.72081	2.0457	1.26163	2.88775	0	0	0	1.96713	1.00001	2.34794	1.16393	1.23028	0	0	0	0	0	0	0	0	0	0	0	0	0	0	0	0	0	0	0	0	0	1.34071	1.0495	1.27038	1.23339	1.20604	2.44235	2.48577	2.66916	2.40846	2.13436	0	0	2.05355	1.4622	0	0	0	2.03089	1.57295	1.83327	2.22938	1.22003	1.66568	1.89678	2.01773	1.89091	0	0	0	0	0	0	0	1.40957	0	1.65334	2.18624	2.07906	1.90766	1.07926	2.93182	1.26179	2.86389	2.69868	2.5046	2.39341	2.5965	1.76307	1.7083	0	0	0	0	0	0	0	0	0	0	0	0	0	0	0	0	0	0	1.0297	2.17613	1.14476	2.80199	1.39384	0	0	2.6005	1.24276	1.76401	0	2.43006	0	0	2.92064	1.9523	0	0	0	0	0	0	0	0	1.75077	1.23393	1.61039	2.52336	0	0	0	0	0	0	0	0	0	0	2.73992	2.38752	1.4702	0	0	0	0	0	0	0	0	2.6577	0	0	0	0	0	0	0	0	0	0	2.43019	2.72129	1.261	2.6407	2.98615	2.1931	1.39711	1.38249	1.90962	1.83486	2.67133	2.2948	1.90394	1.84432	2.93603	1.15686	2.31476	1.65255	2.25249	2.92598	1.23194	2.76075	1.97522	2.83298	1.34	2.41359	0	0	0	0	1.78033	1.18976	1.41025	1.12919	0	0	0	1.48693	1.44147	1.44519	2.66304	1.55656	1.64077	1.11683	1.95172	0	0	2.76382	0	0	0	0	0	0	0	0	0	1.96453	1.12309	0	0	2.3604	2.53206	1.408	0	0	0	0	0	1.57342	1.95603	1.44846	1.49353	2.68601	1.78716	1.14173	1.20042	0	0	0	2.58084	0	0	0	0	0	0	0	0	2.49276	2.34368	0	0	0	1.79056	1.42896	2.35693	0	1.44051	1.52496	1.00558	1.84125	1.03241	2.61907	2.06296	0	0	1.30222	2.64521	2.75549	1.70682	1.02761	1.94426	1.56056	0	0	0	2.7225	2.02985	1.21757	2.28054	1.42636	2.15039	1.75492	2.06043	2.4517	0	0	0	0	0	0	0	2.32229	2.93308	2.92799	0	0	0	0	0	0	0	2.46	0	0	1.09684	1.08704	0	0	0	0	0	0	0	0	0	0	0	1.33091	2.94017	2.98631	1.09527	2.10164	1.24404	2.5438	1.22962	1.84456	2.90353	1.40766	2.25124	2.33401	0	0	0	0	0	0	2.32182	2.65906	2.90962	0	0	2.22239	1.16455	-0.568065	0.205389	0.589286	18.0007
0	0	0	0	0	0	0	2.31183	1.51754	2.34703	0	0	0	2.25877	1.3319	0	0	0	1.75198	1.46009	2.17499	2.1629	1.61733	0	0	0	0	1.99786	2.45435	2.64203	0	0	0	0	1.33274	2.42876	1.94759	2.56602	1.25305	2.55336	1.12764	1.02239	1.18187	2.69632	0	0	0	0	1.73547	1.57392	1.93857	1.89565	0	0	0	1.49569	0	0	0	0	0	0	0	0	0	0	2.02989	2.10183	2.6467	1.57524	2.1146	1.30335	1.90417	1.83864	1.75171	1.97609	1.91394	0	1.8513	2.84426	2.72828	2.52429	2.82048	2.52776	1.05112	1.89439	2.90742	2.53899	1.96253	1.06659	1.55953	0	2.80216	1.93685	1.1312	1.78127	1.76339	2.12813	2.32806	1.40938	1.28851	2.2579	2.3897	0	0	0	1.21005	0	0	0	0	0	0	0	0	0	0	1.35783	0	0	0	1.22956	2.47841	1.78147	2.36203	2.85761	2.34382	1.48454	2.00149	2.53763	0	0	1.42412	2.29587	1.02465	2.09109	0	1.09191	0	0	0	0	0	2.52638	2.30859	1.39396	2.10857	2.59556	2.05173	1.64289	1.85296	1.34157	2.01118	1.18902	2.26251	2.41831	0	0	0	0	0	0	0	0	0	0	1.1379	2.19867	2.22199	1.16023	1.6233	1.46074	1.00422	1.29992	0	0	2.49294	1.32836	2.06033	2.78962	2.84015	0	2.3346	1.07725	2.4541	1.30226	1.6679	1.97349	1.57973	0	0	0	0	0	0	0	2.29452	1.48793	0	0	0	0	0	0	0	0	1.37372	1.17287	0	0	1.35537	2.01265	2.22165	2.08083	2.0966	1.86619	2.33619	2.59588	2.4651	0	0	0	0	0	0	0	0	0	0	0	1.47598	2.98356	2.67582	1.90814	0	0	0	1.71197	2.62466	2.19798	0	2.55685	2.96584	2.0916	1.86332	0	2.56408	0	0	0	1.68054	0	0	0	1.0785	2.00874	2.08232	1.92381	2.44328	2.83477	0	0	0	0	0	1.48837	2.79243	0	0	1.20521	1.93617	2.65269	2.37696	0	0	0	2.52589	0	1.30063	0	0	0	0	0	0	0	0	0	0	0	0	0	0	1.05943	2.25623	0	0	0	0	0	0	0	0	0	0	2.41651	1.72081	2.0457	1.26163	2.88775	0	0	2.52877	1.96713	1.00001	2.34794	1.16393	1.23028	0	0	0	0	0	0	0	0	0	0	0	0	0	0	0	0	0	0	0	0	0	1.34071	1.0495	1.27038	1.23339	1.20604	2.44235	2.48577	2.66916	2.40846	2.13436	0	0	2.12383	1.4622	0	0	0	2.03089	1.57295	1.83327	2.22938	1.22003	1.66568	1.89678	2.01773	0	0	0	0	0	0	0	0	1.40957	0	1.65334	2.18624	2.07906	2.27232	1.07926	2.93182	1.26179	2.86389	2.69868	2.5046	2.39341	2.5965	1.76307	1.7083	0	0	1.53058	0	0	0	0	0	0	0	0	0	0	0	0	0	0	0	1.0297	2.17613	1.14476	2.80199	1.39384	0	0	2.6005	1.24276	1.76401	1.13466	2.43006	0	0	2.92064	1.9523	0	0	0	0	0	0	0	2.49226	1.75077	1.23393	1.61039	2.52336	0	0	0	0	0	0	0	0	2.40874	0	2.73992	2.38752	1.4702	0	0	0	0	0	0	0	0	0	0	0	0	0	0	0	0	0	0	0	2.43019	2.72129	1.44546	2.6407	2.98615	2.1931	1.39711	1.38249	1.90962	1.83486	2.67133	2.2948	1.90394	1.84432	2.93603	2.34935	2.31476	1.65255	2.25249	2.92598	1.23194	2.76075	1.97522	2.83298	1.34	2.41359	0	0	0	0	1.78033	1.18976	1.41025	1.12919	0	0	0	1.48693	1.44147	1.44519	2.66304	1.73084	1.64077	1.11683	1.95172	0	0	2.76382	0	0	0	0	0	0	0	0	0	1.96453	1.12309	0	0	2.3604	2.53206	1.408	0	0	0	0	0	1.57342	1.95603	1.44846	1.49353	2.68601	1.78716	1.14173	1.20042	0	0	0	0	0	0	0	0	0	0	0	0	2.49276	2.34368	0	0	0	1.79056	1.42896	2.35693	0	1.44051	1.52496	1.00558	1.84125	1.03241	2.61907	2.06296	0	2.07116	1.30222	2.64521	2.75549	1.70682	1.02761	1.94426	1.56056	0	0	0	2.7225	2.02985	2.22791	2.28054	1.42636	2.15039	1.75492	2.06043	2.4517	0	0	0	0	0	0	2.37586	2.32229	2.93308	2.92799	0	0	0	0	0	0	0	2.46	0	1.15571	1.09684	1.08704	0	0	0	0	0	0	0	0	0	0	2.28931	1.33091	2.94017	2.98631	1.09527	2.10164	1.24404	2.5438	1.22962	1.84456	2.90353	1.40766	2.25124	0	0	0	0	0	0	0	2.32182	2.65906	2.90962	0	0	2.22239	-0.464723	0.290764	0.595238	17.2843
1.9742	0	0	0	0	0	0	0	2.31183	1.51754	2.34703	0	0	1.21813	2.25877	1.3319	0	0	0	1.75198	1.46009	2.17499	2.1629	1.61733	0	0	0	0	1.99786	2.45435	2.64203	0	0	0	0	1.33274	2.42876	1.94759	2.56602	1.81487	2.55336	1.12764	1.02239	1.18187	2.69632	0	0	0	0	1.73547	1.57392	1.93857	0	0	0	0	1.49569	0	0	0	0	0	0	0	0	0	0	2.02989	2.10183	2.6467	1.57524	2.1146	1.30335	1.90417	1.83864	1.75171	1.97609	1.91394	1.70642	1.8513	2.84426	2.72828	2.52429	2.82048	2.52776	1.05112	1.89439	2.90742	2.53899	1.96253	1.06659	0	0	2.80216	1.93685	1.1312	1.78127	1.76339	2.12813	2.32806	1.40938	1.28851	2.2579	2.3897	0	0	0	1.21005	0	0	0	0	0	0	0	0	0	2.00598	1.35783	0	0	0	1.22956	2.47841	1.78147	2.36203	2.85761	2.34382	1.48454	2.00149	0	0	0	1.42412	2.29587	1.02465	2.09109	0	1.09191	0	0	0	0	0	2.52638	2.30859	1.39396	2.10857	2.59556	2.05173	1.64289	1.85296	1.34157	2.01118	1.18902	2.26251	0	0	0	0	0	0	0	0	0	0	0	1.1379	2.19867	1.99255	1.16023	1.6233	1.46074	1.00422	1.29992	0	0	2.49294	1.32836	2.06033	2.78962	2.84015	1.46394	2.3346	1.07725	2.4541	1.30226	1.6679	1.97349	1.57973	0	0	0	0	0	1.56488	0	2.29452	1.48793	0	0	0	0	0	0	0	0	1.37372	0	0	0	1.35537	2.01265	2.22165	2.08083	2.0966	1.86619	2.33619	2.59588	2.4651	0	0	0	0	0	0	0	0	0	0	0	1.47598	2.98356	2.67582	0	0	0	0	1.71197	2.62466	2.19798	0	2.55685	2.96584	2.0916	1.86332	0	0	0	0	0	1.68054	0	0	0	1.0785	2.00874	2.08232	1.92381	2.44328	0	0	0	0	0	0	1.48837	2.79243	0	0	1.20521	1.93617	2.65269	0	0	0	0	2.52589	0	1.30063	0	0	0	0	0	0	0	0	0	0	0	0	0	0	1.05943	2.25623	0	0	0	0	0	0	0	0	0	0	2.41651	1.72081	2.0457	1.26163	2.88775	0	2.94469	2.52877	1.96713	1.00001	2.34794	1.16393	1.23028	0	0	0	0	0	0	1.49524	0	0	0	0	0	0	0	0	0	0	0	0	0	0	1.34071	1.0495	1.27038	1.23339	1.20604	2.44235	2.48577	2.66916	2.40846	2.13436	0	2.89633	2.12383	1.4622	0	0	0	2.03089	1.57295	1.83327	2.22938	1.22003	1.66568	1.89678	0	0	0	0	0	0	0	0	0	1.40957	0	1.65334	2.18624	0	2.27232	1.07926	2.93182	1.26179	2.86389	2.69868	2.5046	2.39341	2.5965	1.76307	1.7083	0	0	1.53058	0	0	0	0	0	0	0	0	0	0	0	0	0	0	0	1.0297	2.17613	1.14476	2.80199	1.39384	0	0	2.6005	1.24276	2.23864	1.13466	2.43006	0	0	2.92064	1.9523	0	0	0	0	0	0	1.26218	2.49226	1.75077	1.23393	1.61039	2.52336	0	0	0	0	0	0	0	2.60194	2.40874	0	2.73992	2.38752	1.4702	0	0	0	0	0	0	0	0	0	0	0	0	0	0	0	0	0	0	0	2.43019	0	1.44546	2.6407	2.98615	2.1931	1.39711	1.38249	1.90962	1.83486	2.67133	2.2948	1.90394	1.84432	0	2.34935	2.31476	1.65255	2.25249	2.92598	1.23194	2.76075	1.97522	2.83298	1.34	2.41359	0	0	0	0	1.78033	1.18976	1.41025	1.12919	0	0	0	1.48693	1.44147	1.44519	1.2793	1.73084	1.64077	1.11683	1.95172	0	0	2.76382	0	0	0	0	0	0	0	0	0	1.96453	1.12309	0	0	2.3604	2.53206	1.408	0	0	0	0	0	1.57342	1.95603	1.44846	1.49353	2.68601	1.78716	1.14173	1.20042	0	0	0	0	0	0	0	0	0	0	0	0	2.49276	2.34368	0	0	0	1.79056	1.42896	2.35693	0	1.44051	1.52496	1.00558	1.84125	1.03241	2.61907	2.06296	2.61533	2.07116	1.30222	2.64521	2.75549	1.70682	1.02761	1.94426	1.56056	0	0	0	2.7225	2.92747	2.22791	2.28054	1.42636	2.15039	1.75492	2.06043	2.4517	0	0	0	0	0	2.32388	2.37586	2.32229	2.93308	2.92799	0	0	0	0	0	0	0	2.46	1.90907	1.15571	1.09684	1.08704	0	0	0	0	0	0	0	0	0	2.43775	2.28931	1.33091	2.94017	2.98631	1.09527	2.10164	1.24404	2.5438	1.22962	1.84456	2.90353	1.40766	1.4142	0	0	0	0	0	0	0	2.32182	2.65906	2.90962	0	0	-0.354605	0.325843	0.60119	17.0829
2.95748	1.9742	0	0	0	0	0	0	0	2.31183	1.51754	2.34703	0	2.10022	1.21813	2.25877	1.3319	0	0	0	1.75198	1.46009	2.17499	2.1629	1.61733	0	0	0	0	1.99786	2.45435	2.64203	0	0	0	0	1.33274	2.42876	1.94759	1.73804	1.81487	2.55336	1.12764	1.02239	1.18187	2.69632	0	0	0	0	1.73547	1.57392	1.19453	0	0	0	0	1.49569	0	0	0	0	0	0	0	2.34726	0	0	2.02989	2.10183	2.6467	1.57524	2.1146	1.30335	1.90417	1.83864	1.75171	1.97609	1.81527	1.70642	1.8513	2.84426	2.72828	2.52429	2.82048	2.52776	1.05112	1.89439	2.90742	2.53899	1.96253	0	0	0	2.80216	1.93685	1.1312	1.78127	1.76339	2.12813	2.32806	1.40938	1.28851	2.2579	0	0	0	0	1.21005	0	0	0	0	0	0	0	0	1.69383	2.00598	1.35783	0	0	0	1.22956	2.47841	1.78147	2.36203	2.85761	2.34382	1.48454	0	0	0	0	1.42412	2.29587	1.02465	2.09109	0	1.09191	0	0	0	0	0	2.52638	2.30859	1.39396	2.10857	2.59556	2.05173	1.64289	1.85296	1.34157	2.01118	1.18902	0	0	0	0	0	0	0	0	0	0	0	0	1.1379	0	1.99255	1.16023	1.6233	1.46074	1.00422	1.29992	0	0	2.49294	1.32836	2.06033	2.78962	1.24363	1.46394	2.3346	1.07725	2.4541	1.30226	1.6679	1.97349	1.57973	0	0	0	0	2.81009	1.56488	0	2.29452	1.48793	0	0	0	0	0	0	0	0	0	0	0	0	1.35537	2.01265	2.22165	2.08083	2.0966	1.86619	2.33619	2.59588	2.4651	0	0	0	0	0	0	0	0	0	0	0	1.47598	2.98356	0	0	0	0	0	1.71197	2.62466	2.19798	0	2.55685	2.96584	2.0916	1.86332	0	0	0	0	0	1.68054	0	0	0	1.0785	2.00874	2.08232	1.92381	2.29317	0	0	0	0	0	0	1.48837	2.79243	0	0	1.20521	1.93617	0	0	0	0	0	2.52589	0	1.30063	0	0	0	0	0	0	0	0	0	0	0	0	0	0	1.05943	2.25623	0	0	0	0	0	0	0	0	0	0	2.41651	1.72081	2.0457	1.26163	2.88775	0	2.94469	2.52877	1.96713	1.00001	2.34794	1.16393	1.23028	0	0	0	0	0	2.37802	1.49524	0	0	0	0	0	0	0	0	0	0	0	0	0	0	1.34071	1.0495	1.27038	1.23339	1.20604	2.44235	2.48577	2.66916	2.40846	2.13436	2.3423	2.89633	2.12383	1.4622	0	0	0	2.03089	1.57295	1.83327	2.22938	1.22003	1.66568	0	0	0	0	0	0	0	0	0	0	1.40957	0	1.65334	0	0	2.27232	1.07926	2.93182	1.26179	2.86389	2.69868	2.5046	2.39341	2.5965	1.76307	1.7083	0	0	1.53058	0	0	0	0	0	0	0	0	0	0	0	0	0	0	0	1.0297	2.17613	1.14476	2.80199	1.39384	0	0	2.6005	2.76202	2.23864	1.13466	2.43006	0	0	2.92064	1.9523	0	0	0	0	0	0	1.26218	2.49226	1.75077	1.23393	1.61039	2.52336	0	0	0	0	0	0	2.5015	2.60194	2.40874	0	2.73992	2.38752	1.4702	0	0	0	0	0	0	0	0	0	0	0	0	0	0	0	0	0	0	0	0	0	1.44546	2.6407	2.98615	2.1931	1.39711	1.38249	1.90962	1.83486	2.67133	2.2948	1.90394	0	0	2.34935	2.31476	1.65255	2.25249	2.92598	1.23194	2.76075	1.97522	2.83298	1.34	2.41359	0	0	0	0	1.78033	1.18976	1.41025	1.12919	0	0	0	1.48693	1.44147	2.80743	1.2793	1.73084	1.64077	1.11683	1.95172	0	0	2.76382	0	0	0	0	0	0	0	0	0	1.96453	1.12309	0	0	2.3604	2.53206	1.408	0	1.3564	0	0	0	1.57342	1.95603	1.44846	1.49353	2.68601	1.78716	1.14173	1.20042	0	0	0	0	0	0	0	0	0	0	0	0	2.49276	2.34368	1.19988	0	0	1.79056	1.42896	2.35693	0	1.44051	1.52496	1.00558	1.84125	1.03241	2.61907	0	2.61533	2.07116	1.30222	2.64521	2.75549	1.70682	1.02761	1.94426	1.56056	0	0	0	1.54394	2.92747	2.22791	2.28054	1.42636	2.15039	1.75492	2.06043	2.4517	0	0	0	0	2.46733	2.32388	2.37586	2.32229	2.93308	2.92799	0	0	0	0	0	0	0	2.88179	1.90907	1.15571	1.09684	1.08704	0	0	0	0	0	0	0	0	2.58405	2.43775	2.28931	1.33091	2.94017	2.98631	1.09527	2.10164	1.24404	2.5438	1.22962	1.84456	2.90353	1.34021	1.4142	0	0	0	0	0	0	0	2.32182	2.65906	2.90962	0	-0.239316	0.277731	0.607143	17.8274
2.74112	2.95748	1.9742	0	0	0	0	0	0	0	2.31183	1.51754	2.34703	2.02907	2.10022	1.21813	2.25877	1.3319	0	0	0	1.75198	1.46009	2.17499	2.1629	1.61733	0	0	0	0	1.99786	2.45435	2.64203	0	0	0	0	1.33274	2.42876	1.27175	1.73804	1.81487	2.55336	1.12764	1.02239	1.18187	2.69632	0	0	0	0	1.73547	1.83179	1.19453	0	0	0	0	1.49569	0	0	0	0	0	0	1.46637	2.34726	0	0	2.02989	2.10183	2.6467	1.57524	2.1146	1.30335	1.90417	1.83864	1.75171	2.93239	1.81527	1.70642	1.8513	2.84426	2.72828	2.52429	2.82048	2.52776	1.05112	1.89439	2.90742	2.53899	0	0	0	0	2.80216	1.93685	1.1312	1.78127	1.76339	2.12813	2.32806	1.40938	1.28851	0	0	0	0	0	1.21005	0	0	0	0	0	0	0	1.7835	1.69383	2.00598	1.35783	0	0	0	1.22956	2.47841	1.78147	2.36203	2.85761	2.34382	1.33603	0	0	0	0	1.42412	2.29587	1.02465	2.09109	0	1.09191	0	0	0	0	0	2.52638	2.30859	1.39396	2.10857	2.59556	2.05173	1.64289	1.85296	1.34157	2.01118	0	0	0	0	0	0	0	0	0	0	0	0	0	1.72878	0	1.99255	1.16023	1.6233	1.46074	1.00422	1.29992	0	0	2.49294	1.32836	2.06033	2.75623	1.24363	1.46394	2.3346	1.07725	2.4541	1.30226	1.6679	1.97349	1.57973	0	0	0	2.07008	2.81009	1.56488	0	2.29452	1.48793	0	0	0	0	0	0	0	0	0	0	0	0	1.35537	2.01265	2.22165	2.08083	2.0966	1.86619	2.33619	2.59588	0	0	0	0	0	0	0	0	0	0	0	0	1.47598	0	0	0	0	0	0	1.71197	2.62466	2.19798	0	2.55685	2.96584	2.0916	0	0	0	0	0	0	1.68054	0	0	0	1.0785	2.00874	2.08232	1.27529	2.29317	0	0	0	0	0	0	1.48837	2.79243	0	0	1.20521	0	0	0	0	0	0	2.52589	0	1.30063	0	0	0	0	0	0	0	0	0	0	0	0	0	0	1.05943	2.25623	0	1.04863	0	0	0	0	0	0	0	0	2.41651	1.72081	2.0457	1.26163	0	0	2.94469	2.52877	1.96713	1.00001	2.34794	1.16393	1.23028	0	0	0	0	2.5237	2.37802	1.49524	0	0	0	0	0	0	0	0	0	0	0	0	0	0	1.34071	1.0495	1.27038	1.23339	1.20604	2.44235	2.48577	2.66916	2.40846	1.08211	2.3423	2.89633	2.12383	1.4622	0	0	0	2.03089	1.57295	1.83327	2.22938	1.22003	0	0	0	0	0	0	0	0	0	0	0	1.40957	0	0	0	0	2.27232	1.07926	2.93182	1.26179	2.86389	2.69868	2.5046	2.39341	2.5965	1.76307	0	0	0	1.53058	0	0	0	0	0	0	0	0	0	0	0	0	0	0	0	1.0297	2.17613	1.14476	2.80199	1.39384	0	0	0	2.76202	2.23864	1.13466	2.43006	0	0	2.92064	1.9523	0	0	0	0	0	0	1.26218	2.49226	1.75077	1.23393	1.61039	2.52336	0	0	0	0	0	1.68055	2.5015	2.60194	2.40874	0	2.73992	2.38752	1.4702	0	0	0	0	0	0	0	0	0	0	0	0	0	0	0	0	0	0	0	0	0	1.44546	2.6407	2.98615	2.1931	1.39711	1.38249	1.90962	1.83486	2.67133	2.2948	0	0	0	2.34935	2.31476	1.65255	2.25249	2.92598	1.23194	2.76075	1.97522	2.83298	1.34	0	0	0	0	0	1.78033	1.18976	1.41025	1.12919	0	0	0	1.48693	1.00839	2.80743	1.2793	1.73084	1.64077	1.11683	1.95172	0	0	2.76382	0	0	0	0	0	0	0	0	0	1.96453	1.12309	0	0	2.3604	2.53206	1.408	1.22301	1.3564	0	0	0	1.57342	1.95603	1.44846	1.49353	2.68601	1.78716	1.14173	1.20042	0	0	0	0	0	0	0	0	0	0	0	0	2.49276	2.71449	1.19988	0	0	1.79056	1.42896	2.35693	0	1.44051	1.52496	1.00558	1.84125	1.03241	0	0	2.61533	2.07116	1.30222	2.64521	2.75549	1.70682	1.02761	1.94426	1.56056	0	0	0	1.54394	2.92747	2.22791	2.28054	1.42636	2.15039	1.75492	2.06043	2.4517	0	0	0	1.73821	2.46733	2.32388	2.37586	2.32229	2.93308	2.92799	0	0	0	0	0	0	0	2.88179	1.90907	1.15571	1.09684	1.08704	0	0	0	0	0	0	0	2.2081	2.58405	2.43775	2.28931	1.33091	2.94017	2.98631	1.09527	2.10164	1.24404	2.5438	1.22962	1.84456	1.68856	1.34021	1.4142	0	0	0	0	0	0	0	2.32182	2.65906	2.90962	-0.120537	0.232154	0.613095	18.051
2.72932	2.74112	2.95748	1.9742	0	0	0	0	0	0	0	2.31183	1.51754	2.82111	2.02907	2.10022	1.21813	2.25877	1.3319	0	0	0	1.75198	1.46009	2.17499	2.1629	0	0	0	0	0	1.99786	2.45435	2.64203	0	0	0	0	1.33274	2.03234	1.27175	1.73804	1.81487	2.55336	1.12764	1.02239	1.18187	2.69632	0	0	0	0	1.00982	1.83179	1.19453	0	0	0	0	1.49569	0	0	0	0	0	0	1.46637	2.34726	0	0	2.02989	2.10183	2.6467	1.57524	2.1146	1.30335	1.90417	1.83864	1.86423	2.93239	1.81527	1.70642	1.8513	2.84426	2.72828	2.52429	2.82048	2.52776	1.05112	1.89439	2.90742	0	0	0	0	0	2.80216	1.93685	1.1312	1.78127	1.76339	2.12813	2.32806	1.40938	0	0	0	0	0	0	1.21005	0	0	0	0	0	0	2.97349	1.7835	1.69383	2.00598	1.35783	0	0	0	1.22956	2.47841	1.78147	2.36203	2.85761	1.26977	1.33603	0	0	0	0	1.42412	2.29587	1.02465	2.09109	0	1.09191	0	0	0	0	0	2.52638	2.30859	1.39396	2.10857	2.59556	2.05173	1.64289	1.85296	1.34157	0	0	0	0	0	0	0	0	0	0	0	0	0	1.53481	1.72878	0	1.99255	1.16023	1.6233	1.46074	1.00422	1.29992	0	0	2.49294	1.32836	1.2358	2.75623	1.24363	1.46394	2.3346	1.07725	2.4541	1.30226	1.6679	1.97349	1.57973	0	0	0	2.07008	2.81009	1.56488	0	2.29452	1.48793	0	0	0	0	0	0	0	0	0	0	0	0	1.35537	2.01265	2.22165	2.08083	2.0966	1.86619	2.33619	0	0	0	0	0	0	0	0	0	0	0	0	0	0	0	0	0	0	0	0	1.71197	2.62466	2.19798	0	2.55685	2.96584	0	0	0	0	0	0	0	1.68054	0	0	0	1.0785	2.00874	2.63469	1.27529	2.29317	0	0	0	0	0	0	1.48837	2.79243	0	0	0	0	0	0	0	0	0	2.52589	0	1.30063	0	0	0	0	0	0	0	0	0	0	0	0	0	0	1.05943	2.25623	2.26746	1.04863	0	0	0	0	0	0	0	0	2.41651	1.72081	2.0457	0	0	0	2.94469	2.52877	1.96713	1.00001	2.34794	1.16393	1.23028	0	0	0	1.89438	2.5237	2.37802	1.49524	0	0	0	0	0	0	0	0	0	0	0	0	0	0	1.34071	1.0495	1.27038	1.23339	1.20604	2.44235	2.48577	2.66916	0	1.08211	2.3423	2.89633	2.12383	1.4622	0	0	0	2.03089	1.57295	1.83327	2.22938	0	0	0	0	0	0	0	0	0	0	0	0	1.40957	0	0	0	0	2.27232	1.07926	2.93182	1.26179	2.86389	2.69868	2.5046	2.39341	2.5965	1.0507	0	0	0	1.53058	0	0	0	0	0	0	0	0	0	0	0	0	0	0	0	1.0297	2.17613	1.14476	2.80199	1.39384	0	0	0	2.76202	2.23864	1.13466	2.43006	0	0	2.92064	1.9523	0	0	0	2.50874	0	0	1.26218	2.49226	1.75077	1.23393	1.61039	2.52336	0	0	0	0	2.19506	1.68055	2.5015	2.60194	2.40874	0	2.73992	2.38752	1.4702	0	0	0	0	0	0	0	0	0	0	0	0	0	0	0	0	0	0	0	0	0	1.44546	2.6407	2.98615	2.1931	1.39711	1.38249	1.90962	1.83486	2.67133	0	0	0	0	2.34935	2.31476	1.65255	2.25249	2.92598	1.23194	2.76075	1.97522	2.83298	0	0	0	0	0	0	1.78033	1.18976	1.41025	1.12919	0	0	0	2.05558	1.00839	2.80743	1.2793	1.73084	1.64077	1.11683	1.95172	0	0	2.76382	0	0	0	0	0	0	0	0	0	1.96453	1.12309	0	0	2.3604	2.53206	2.12622	1.22301	1.3564	0	0	0	1.57342	1.95603	1.44846	1.49353	2.68601	1.78716	1.14173	0	0	0	0	0	0	0	0	0	0	0	0	0	1.95926	2.71449	1.19988	0	0	1.79056	1.42896	2.35693	0	1.44051	1.52496	1.00558	1.84125	2.5743	0	0	2.61533	2.07116	1.30222	2.64521	2.75549	1.70682	1.02761	1.94426	1.56056	0	0	0	1.54394	2.92747	2.22791	2.28054	1.42636	2.15039	1.75492	2.06043	2.4517	0	0	2.7852	1.73821	2.46733	2.32388	2.37586	2.32229	2.93308	2.92799	0	0	0	0	0	0	0	2.88179	1.90907	1.15571	1.09684	1.08704	0	0	0	0	0	0	2.52443	2.2081	2.58405	2.43775	2.28931	1.33091	2.94017	2.98631	1.09527	2.10164	1.24404	2.5438	1.22962	2.33792	1.68856	1.34021	1.4142	0	0	0	0	0	0	0	2.32182	2.65906	0	0.165463	0.619048	17.4653
2.0811	2.72932	2.74112	2.95748	1.9742	0	0	0	0	0	0	0	2.31183	1.04142	2.82111	2.02907	2.10022	1.21813	2.25877	1.3319	0	0	0	1.75198	1.46009	2.17499	2.62208	0	0	0	0	0	1.99786	2.45435	2.64203	0	0	0	0	1.09657	2.03234	1.27175	1.73804	1.81487	2.55336	1.12764	1.02239	1.18187	2.69632	0	0	0	2.02059	1.00982	1.83179	1.19453	0	0	0	0	1.49569	0	0	0	0	0	0	1.46637	2.34726	0	0	2.02989	2.10183	2.6467	1.57524	2.1146	1.30335	1.90417	1.07938	1.86423	2.93239	1.81527	1.70642	1.8513	2.84426	2.72828	2.52429	2.82048	2.52776	1.05112	1.89439	2.71497	0	0	0	0	0	2.80216	1.93685	1.1312	1.78127	1.76339	2.12813	2.32806	0	0	0	0	0	0	0	1.21005	0	0	0	0	0	1.25078	2.97349	1.7835	1.69383	2.00598	1.35783	0	0	0	1.22956	2.47841	1.78147	2.36203	1.75678	1.26977	1.33603	0	0	0	0	1.42412	2.29587	1.02465	2.09109	0	1.09191	0	0	0	0	0	2.52638	2.30859	1.39396	2.10857	2.59556	2.05173	1.64289	1.85296	0	0	0	0	0	0	0	0	0	0	0	0	0	1.11437	1.53481	1.72878	0	1.99255	1.16023	1.6233	1.46074	1.00422	1.29992	0	0	2.49294	1.50145	1.2358	2.75623	1.24363	1.46394	2.3346	1.07725	2.4541	1.30226	1.6679	1.97349	1.57973	0	0	0	2.07008	2.81009	1.56488	0	2.29452	1.48793	0	0	0	0	0	0	0	0	0	0	0	0	1.35537	2.01265	2.22165	2.08083	2.0966	1.86619	0	0	0	0	0	0	0	0	0	0	0	0	0	0	0	0	0	0	0	0	0	1.71197	2.62466	2.19798	0	2.55685	0	0	0	0	0	0	0	0	1.68054	0	0	0	1.0785	2.78574	2.63469	1.27529	2.29317	0	0	0	0	0	0	1.48837	2.79243	0	1.89276	0	0	0	0	0	0	0	2.52589	0	1.30063	0	0	1.39061	0	0	0	0	0	0	0	0	0	0	0	1.05943	0	2.26746	1.04863	0	0	0	0	0	0	0	0	2.41651	1.72081	0	0	0	0	2.94469	2.52877	1.96713	1.00001	2.34794	1.16393	1.23028	0	0	2.36322	1.89438	2.5237	2.37802	1.49524	0	0	0	0	0	0	0	0	0	0	0	0	0	0	1.34071	1.0495	1.27038	1.23339	1.20604	2.44235	2.48577	0	0	1.08211	2.3423	2.89633	2.12383	1.4622	0	0	0	2.03089	1.57295	1.83327	2.11609	0	0	0	0	0	0	0	0	0	0	0	0	0	0	0	0	0	2.27232	1.07926	2.93182	1.26179	2.86389	2.69868	2.5046	2.39341	2.01065	1.0507	0	0	0	1.53058	0	0	0	0	0	0	0	0	0	0	0	0	0	0	0	1.0297	2.17613	1.14476	2.80199	1.39384	1.79789	0	0	2.76202	2.23864	1.13466	2.43006	0	0	2.92064	1.9523	0	0	2.13087	2.50874	0	0	1.26218	2.49226	1.75077	1.23393	1.61039	2.52336	0	0	0	2.35479	2.19506	1.68055	2.5015	2.60194	2.40874	0	2.73992	2.38752	1.4702	0	0	0	2.78557	0	0	0	0	0	0	0	0	0	0	0	0	0	0	0	0	0	1.44546	2.6407	2.98615	2.1931	1.39711	1.38249	1.90962	1.83486	0	0	0	0	0	2.34935	2.31476	1.65255	2.25249	2.92598	1.23194	2.76075	1.97522	0	0	0	0	0	0	0	1.78033	1.18976	1.41025	1.12919	0	0	2.87319	2.05558	1.00839	2.80743	1.2793	1.73084	1.64077	1.11683	1.95172	0	0	2.76382	0	1.57693	0	0	0	0	0	0	0	1.96453	1.12309	0	0	2.3604	0	2.12622	1.22301	1.3564	0	0	0	1.57342	1.95603	1.44846	1.49353	2.68601	1.78716	0	0	0	0	0	0	0	0	0	0	0	0	0	0	1.95926	2.71449	1.19988	0	0	1.79056	1.42896	2.35693	0	1.44051	1.52496	1.00558	0	2.5743	0	0	2.61533	2.07116	1.30222	2.64521	2.75549	1.70682	1.02761	1.94426	1.56056	0	0	0	1.54394	2.92747	2.22791	2.28054	1.42636	2.15039	1.75492	2.06043	2.4517	0	0	2.7852	1.73821	2.46733	2.32388	2.37586	2.32229	2.93308	2.92799	0	0	0	0	0	0	0	2.88179	1.90907	1.15571	1.09684	1.08704	0	0	0	0	0	2.47086	2.52443	2.2081	2.58405	2.43775	2.28931	1.33091	2.94017	2.98631	1.09527	2.10164	1.24404	2.5438	1.71169	2.33792	1.68856	1.34021	1.4142	0	0	0	0	0	0	0	2.32182	0.120537	0.0725456	0.625	19.1509
2.44563	2.0811	2.72932	2.74112	2.95748	1.9742	0	0	0	0	0	0	0	2.71756	1.04142	2.82111	2.02907	2.10022	1.21813	2.25877	1.3319	0	0	0	1.75198	1.46009	0	2.62208	0	0	0	0	0	1.99786	2.45435	2.64203	0	0	0	1.96466	1.09657	2.03234	1.27175	1.73804	1.81487	2.55336	1.12764	1.02239	1.18187	2.69632	0	0	1.08168	2.02059	1.00982	1.83179	1.19453	0	0	0	0	1.49569	0	0	0	0	0	0	1.46637	2.34726	0	0	2.02989	2.10183	2.6467	1.57524	2.1146	1.30335	2.22368	1.07938	1.86423	2.93239	1.81527	1.70642	1.8513	2.84426	2.72828	2.52429	2.82048	2.52776	1.05112	1.9587	2.71497	0	0	0	0	0	2.80216	1.93685	1.1312	1.78127	1.76339	2.12813	2.94978	0	0	0	0	0	0	0	1.21005	0	0	0	0	1.5643	1.25078	2.97349	1.7835	1.69383	2.00598	1.35783	0	0	0	1.22956	2.47841	1.78147	1.71563	1.75678	1.26977	1.33603	0	0	0	0	1.42412	2.29587	1.02465	2.09109	0	0	0	0	0	0	0	2.52638	2.30859	1.39396	2.10857	2.59556	2.05173	1.64289	1.00312	0	0	0	0	0	0	0	0	0	0	0	0	2.81612	1.11437	1.53481	1.72878	0	1.99255	1.16023	1.6233	1.46074	1.00422	1.29992	0	0	1.37003	1.50145	1.2358	2.75623	1.24363	1.46394	2.3346	1.07725	2.4541	1.30226	1.6679	1.97349	1.57973	0	0	0	2.07008	2.81009	1.56488	0	2.29452	1.48793	0	0	0	0	2.41082	0	0	0	0	0	0	0	1.35537	2.01265	2.22165	2.08083	2.0966	0	0	0	0	0	0	0	0	0	0	0	0	0	0	0	0	0	0	0	0	0	0	1.71197	2.62466	2.19798	0	0	0	0	0	0	0	0	0	0	1.68054	0	0	0	2.28086	2.78574	2.63469	1.27529	2.29317	0	0	0	0	0	0	1.48837	2.79243	1.49802	1.89276	0	0	0	0	0	0	0	2.52589	0	1.30063	0	0	1.39061	0	0	0	0	0	0	0	0	0	0	0	0	0	2.26746	1.04863	0	0	0	0	0	0	0	0	2.41651	0	0	0	0	0	2.94469	2.52877	1.96713	1.00001	2.34794	1.16393	1.23028	0	1.49867	2.36322	1.89438	2.5237	2.37802	1.49524	0	0	0	0	0	0	0	0	0	0	0	0	0	0	1.34071	1.0495	1.27038	1.23339	1.20604	2.44235	0	0	0	1.08211	2.3423	2.89633	2.12383	1.4622	0	0	0	2.03089	1.57295	1.1428	2.11609	0	0	0	0	0	0	0	0	0	0	0	0	0	0	0	0	0	2.27232	1.07926	2.93182	1.26179	2.86389	2.69868	2.5046	2.013	2.01065	1.0507	0	0	0	1.53058	0	0	0	0	0	0	0	0	0	0	0	0	0	0	0	1.0297	2.17613	1.14476	2.80199	0	1.79789	0	0	2.76202	2.23864	1.13466	2.43006	0	0	2.92064	1.9523	0	0	2.13087	2.50874	0	0	1.26218	2.49226	1.75077	1.23393	1.61039	2.52336	0	0	0	2.35479	2.19506	1.68055	2.5015	2.60194	2.40874	0	2.73992	2.38752	1.4702	0	0	2.52535	2.78557	0	0	0	0	0	0	0	0	0	0	0	1.08912	0	0	0	0	0	1.44546	2.6407	2.98615	2.1931	1.39711	1.38249	1.90962	0	0	0	0	0	0	2.34935	2.31476	1.65255	2.25249	2.92598	1.23194	2.76075	0	0	0	0	0	0	0	0	1.78033	1.18976	1.41025	1.12919	0	2.12712	2.87319	2.05558	1.00839	2.80743	1.2793	1.73084	1.64077	1.11683	1.95172	0	0	2.76382	2.23222	1.57693	0	0	0	0	0	0	0	1.96453	1.12309	0	0	0	0	2.12622	1.22301	1.3564	0	0	0	1.57342	1.95603	1.44846	1.49353	2.68601	0	0	0	0	0	0	0	0	0	0	0	0	0	0	0	1.95926	2.71449	1.19988	0	0	1.79056	1.42896	2.35693	0	1.44051	1.52496	0	0	2.5743	0	0	2.61533	2.07116	1.30222	2.64521	2.75549	1.70682	1.02761	1.94426	0	0	0	0	1.54394	2.92747	2.22791	2.28054	1.42636	2.15039	1.75492	2.06043	2.4517	0	0	2.7852	1.73821	2.46733	2.32388	2.37586	2.32229	2.93308	2.92799	0	0	0	0	0	0	0	2.88179	1.90907	1.15571	1.09684	1.08704	0	0	0	0	2.84728	2.47086	2.52443	2.2081	2.58405	2.43775	2.28931	1.33091	2.94017	2.98631	1.09527	2.10164	1.24404	1.23819	1.71169	2.33792	1.68856	1.34021	1.4142	0	0	0	0	0	0	0	0.239316	-0.003968	0.630952	20.1259
1.05524	2.44563	2.0811	2.72932	2.74112	2.95748	1.9742	0	0	0	0	0	0	2.50131	2.71756	1.04142	2.82111	2.02907	2.10022	1.21813	2.25877	1.3319	0	0	0	1.75198	0	0	2.62208	0	0	0	0	0	1.99786	2.45435	2.64203	0	0	1.11869	1.96466	1.09657	2.03234	1.27175	1.73804	1.81487	2.55336	1.12764	1.02239	1.18187	2.69632	0	2.80995	1.08168	2.02059	1.00982	1.83179	1.19453	0	0	0	0	1.49569	0	0	0	0	0	0	1.46637	2.34726	0	0	2.02989	2.10183	2.6467	1.57524	2.1146	2.83525	2.22368	1.07938	1.86423	2.93239	1.81527	1.70642	1.8513	2.84426	2.72828	2.52429	2.82048	2.52776	1.44283	1.9587	2.71497	0	0	0	0	0	2.80216	1.93685	1.1312	1.78127	1.76339	2.84818	2.94978	0	0	0	0	0	0	0	1.21005	0	0	0	0	1.5643	1.25078	2.97349	1.7835	1.69383	2.00598	1.35783	0	0	0	1.22956	2.47841	1.90348	1.71563	1.75678	1.26977	1.33603	0	0	0	0	1.42412	2.29587	1.02465	2.09109	0	0	0	0	0	0	0	2.52638	2.30859	1.39396	2.10857	2.59556	2.05173	1.92528	1.00312	0	0	0	0	0	0	0	0	0	0	0	0	2.81612	1.11437	1.53481	1.72878	0	1.99255	1.16023	1.6233	1.46074	1.00422	1.29992	0	2.80419	1.37003	1.50145	1.2358	2.75623	1.24363	1.46394	2.3346	1.07725	2.4541	1.30226	1.6679	1.97349	0	0	0	0	2.07008	2.81009	1.56488	0	2.29452	1.48793	0	0	0	0	2.41082	0	0	0	0	0	0	0	1.35537	2.01265	2.22165	2.08083	0	0	0	0	0	0	0	0	0	0	0	0	0	0	0	0	0	0	0	0	0	0	0	1.71197	2.62466	2.19798	0	0	0	0	0	0	0	0	0	0	1.68054	0	0	0	2.28086	2.78574	2.63469	1.27529	2.29317	0	0	0	0	0	0	1.48837	0	1.49802	1.89276	0	0	0	0	0	0	0	2.52589	0	1.30063	1.26578	0	1.39061	0	0	0	0	0	0	0	0	0	0	0	0	0	2.26746	1.04863	0	0	0	0	0	0	0	0	0	0	0	0	0	0	2.94469	2.52877	1.96713	1.00001	2.34794	1.16393	1.23028	1.78098	1.49867	2.36322	1.89438	2.5237	2.37802	1.49524	0	0	0	0	0	0	0	0	0	0	0	0	0	0	1.34071	1.0495	1.27038	1.23339	1.20604	0	0	0	0	1.08211	2.3423	2.89633	2.12383	1.4622	0	0	0	2.03089	0	1.1428	2.11609	0	0	0	0	0	0	0	0	0	0	0	0	0	0	0	0	0	2.27232	1.07926	2.93182	1.26179	2.86389	2.69868	1.82947	2.013	2.01065	1.0507	0	0	0	1.53058	0	0	0	0	0	0	0	0	0	0	0	0	0	0	0	1.0297	2.17613	1.14476	0	0	1.79789	0	0	2.76202	2.23864	1.13466	2.43006	0	0	2.92064	1.9523	1.19899	0	2.13087	2.50874	0	0	1.26218	2.49226	1.75077	1.23393	1.61039	2.52336	0	1.62954	0	2.35479	2.19506	1.68055	2.5015	2.60194	2.40874	0	2.73992	2.38752	1.4702	0	0	2.52535	2.78557	0	0	0	0	0	0	0	0	0	0	1.97525	1.08912	0	0	0	0	0	1.44546	2.6407	2.98615	2.1931	1.39711	1.38249	0	0	0	0	0	0	0	2.34935	2.31476	1.65255	2.25249	2.92598	1.23194	0	0	0	0	0	0	0	0	0	1.78033	1.18976	1.41025	1.12919	2.68352	2.12712	2.87319	2.05558	1.00839	2.80743	1.2793	1.73084	1.64077	1.11683	1.95172	0	0	1.26105	2.23222	1.57693	0	0	0	0	0	0	0	1.96453	1.12309	0	0	0	0	2.12622	1.22301	1.3564	0	0	0	1.57342	1.95603	1.44846	1.49353	0	0	0	0	0	0	0	0	0	0	0	0	0	0	0	0	1.95926	2.71449	1.19988	0	0	1.79056	1.42896	2.35693	0	1.44051	0	0	0	2.5743	0	0	2.61533	2.07116	1.30222	2.64521	2.75549	1.70682	1.02761	0	0	0	0	0	1.54394	2.92747	2.22791	2.28054	1.42636	2.15039	1.75492	2.06043	0	0	0	2.7852	1.73821	2.46733	2.32388	2.37586	2.32229	2.93308	2.92799	0	0	0	0	0	0	0	2.88179	1.90907	1.15571	1.09684	1.08704	0	0	0	1.90907	2.84728	2.47086	2.52443	2.2081	2.58405	2.43775	2.28931	1.33091	2.94017	2.98631	1.09527	2.10164	2.52597	1.23819	1.71169	2.33792	1.68856	1.34021	1.4142	0	0	0	0	0	0	0.354605	0.0781107	0.636905	18.709
2.27335	1.05524	2.44563	2.0811	2.72932	2.74112	2.95748	1.9742	0	0	0	0	0	1.12305	2.50131	2.71756	1.04142	2.82111	2.02907	2.10022	1.21813	2.25877	1.3319	0	0	0	0	0	0	2.62208	0	0	0	0	0	1.99786	2.45435	2.64203	0	1.28396	1.11869	1.96466	1.09657	2.03234	1.27175	1.73804	1.81487	2.55336	1.12764	1.02239	1.18187	2.69632	1.70446	2.80995	1.08168	2.02059	1.00982	1.83179	1.19453	0	0	0	0	1.49569	0	0	0	0	0	0	1.46637	2.34726	0	0	2.02989	2.10183	2.6467	1.57524	0	2.83525	2.22368	1.07938	1.86423	2.93239	1.81527	1.70642	1.8513	2.84426	2.72828	2.52429	2.82048	2.00416	1.44283	1.9587	2.71497	0	0	0	0	0	2.80216	1.93685	1.1312	1.78127	0	2.84818	2.94978	0	0	0	0	0	0	0	1.21005	0	0	0	0	1.5643	1.25078	2.97349	1.7835	1.69383	2.00598	1.35783	0	0	0	1.22956	0	1.90348	1.71563	1.75678	1.26977	1.33603	0	0	0	0	1.42412	2.29587	1.02465	0	0	0	0	0	0	0	0	2.52638	2.30859	1.39396	2.10857	2.59556	1.07411	1.92528	1.00312	0	0	0	0	0	0	0	0	0	0	0	0	2.81612	1.11437	1.53481	1.72878	0	1.99255	1.16023	1.6233	1.46074	1.00422	1.29992	0	2.80419	1.37003	1.50145	1.2358	2.75623	1.24363	1.46394	2.3346	1.07725	2.4541	1.30226	1.6679	1.10885	0	0	0	0	2.07008	2.81009	1.56488	0	2.29452	1.48793	0	0	0	0	2.41082	0	0	0	0	0	0	0	1.35537	2.01265	2.22165	0	0	0	0	0	0	0	0	0	0	0	0	0	0	0	0	0	0	0	0	0	0	0	0	1.71197	2.62466	0	0	0	0	0	0	0	0	0	0	0	1.68054	0	0	0	2.28086	2.78574	2.63469	1.27529	2.29317	0	0	0	0	0	0	0	0	1.49802	1.89276	0	0	0	0	0	0	0	2.52589	0	1.08139	1.26578	0	1.39061	0	0	0	0	0	0	0	0	0	0	0	0	0	2.26746	1.04863	0	0	0	0	0	0	0	0	0	0	0	0	0	0	2.94469	2.52877	1.96713	1.00001	2.34794	1.16393	2.66714	1.78098	1.49867	2.36322	1.89438	2.5237	2.37802	1.49524	0	0	0	0	0	0	0	0	0	0	0	0	0	0	1.34071	1.0495	1.27038	1.23339	0	0	0	0	0	1.08211	2.3423	2.89633	2.12383	1.4622	0	0	0	0	0	1.1428	2.11609	0	0	0	0	0	0	0	0	0	1.94495	0	0	0	0	0	0	0	2.27232	1.07926	2.93182	1.26179	2.86389	2.96032	1.82947	2.013	2.01065	1.0507	0	0	0	1.53058	0	0	0	0	0	0	0	0	0	0	0	0	0	0	0	1.0297	2.17613	1.33537	0	0	1.79789	0	0	2.76202	2.23864	1.13466	2.43006	0	0	2.92064	2.0631	1.19899	0	2.13087	2.50874	0	0	1.26218	2.49226	1.75077	1.23393	1.61039	2.52336	1.49895	1.62954	0	2.35479	2.19506	1.68055	2.5015	2.60194	2.40874	0	2.73992	2.38752	1.4702	0	0	2.52535	2.78557	0	0	0	0	0	0	0	0	0	1.88274	1.97525	1.08912	0	0	0	0	0	1.44546	2.6407	2.98615	2.1931	1.39711	0	0	0	0	0	0	0	0	2.34935	2.31476	1.65255	2.25249	2.92598	0	0	0	0	0	0	0	0	0	0	1.78033	1.18976	1.41025	1.57295	2.68352	2.12712	2.87319	2.05558	1.00839	2.80743	1.2793	1.73084	1.64077	1.11683	1.95172	0	2.80839	1.26105	2.23222	1.57693	0	0	0	0	0	0	0	1.96453	1.12309	0	0	0	0	2.12622	1.22301	1.3564	0	0	0	1.57342	1.95603	1.44846	0	0	0	0	0	0	0	0	0	0	0	0	0	0	0	0	0	1.95926	2.71449	1.19988	0	0	1.79056	1.42896	2.35693	0	0	0	0	0	2.5743	0	0	2.61533	2.07116	1.30222	2.64521	2.75549	1.70682	0	0	0	0	0	0	1.54394	2.92747	2.22791	2.28054	1.42636	2.15039	1.75492	1.86823	0	0	0	2.7852	1.73821	2.46733	2.32388	2.37586	2.32229	2.93308	2.92799	0	0	0	0	0	0	0	2.88179	1.90907	1.15571	1.09684	1.08704	0	0	2.36155	1.90907	2.84728	2.47086	2.52443	2.2081	2.58405	2.43775	2.28931	1.33091	2.94017	2.98631	1.09527	2.27955	2.52597	1.23819	1.71169	2.33792	1.68856	1.34021	1.4142	0	0	0	0	0	0.464723	0.0565167	0.642857	17.1292
0	2.27335	1.05524	2.44563	2.0811	2.72932	2.74112	2.95748	1.9742	0	0	0	0	2.63371	1.12305	2.50131	2.71756	1.04142	2.82111	2.02907	2.10022	1.21813	2.25877	1.3319	0	0	0	0	0	0	2.62208	0	0	0	0	0	1.99786	2.45435	2.64203	0	1.28396	1.11869	1.96466	1.09657	2.03234	1.27175	1.73804	1.81487	2.55336	1.12764	1.02239	1.18187	2.66999	1.70446	2.80995	1.08168	2.02059	1.00982	1.83179	1.19453	0	0	0	0	1.49569	0	0	0	0	0	0	1.46637	2.34726	0	0	2.02989	2.10183	2.6467	2.12834	0	2.83525	2.22368	1.07938	1.86423	2.93239	1.81527	1.70642	1.8513	2.84426	2.72828	2.52429	1.0391	2.00416	1.44283	1.9587	2.71497	0	0	0	0	0	2.80216	1.93685	1.1312	0	0	2.84818	2.94978	0	0	0	0	0	0	0	1.21005	0	2.97847	0	0	1.5643	1.25078	2.97349	1.7835	1.69383	2.00598	1.35783	0	0	0	0	0	1.90348	1.71563	1.75678	1.26977	1.33603	0	0	0	0	1.42412	2.29587	0	0	0	0	0	0	0	0	0	2.52638	2.30859	1.39396	2.10857	1.55205	1.07411	1.92528	1.00312	0	0	0	0	0	0	0	0	0	0	0	0	2.81612	1.11437	1.53481	1.72878	0	1.99255	1.16023	1.6233	1.46074	1.00422	0	0	2.80419	1.37003	1.50145	1.2358	2.75623	1.24363	1.46394	2.3346	1.07725	2.4541	1.30226	0	1.10885	0	0	0	0	2.07008	2.81009	1.56488	0	2.29452	1.48793	0	0	0	0	2.41082	0	0	0	0	0	0	0	1.35537	2.01265	0	0	0	0	0	0	0	0	0	0	0	0	0	0	0	0	0	0	0	0	0	0	0	0	0	1.71197	0	0	0	0	0	0	0	0	0	0	0	0	1.68054	0	0	0	2.28086	2.78574	2.63469	1.27529	2.29317	0	0	0	0	0	0	0	0	1.49802	1.89276	0	0	0	0	0	0	0	2.52589	1.11728	1.08139	1.26578	0	1.39061	0	0	0	0	0	0	0	0	0	0	0	0	0	2.26746	1.04863	0	0	0	0	0	0	0	0	0	0	0	0	0	0	2.94469	2.52877	1.96713	1.00001	2.34794	2.33694	2.66714	1.78098	1.49867	2.36322	1.89438	2.5237	2.37802	1.49524	0	0	0	0	0	0	0	0	0	0	0	0	0	0	1.34071	1.0495	1.27038	0	0	0	0	0	0	1.08211	2.3423	2.89633	2.12383	1.4622	0	0	0	0	0	1.1428	2.11609	0	0	0	0	0	0	0	0	2.77929	1.94495	0	0	0	0	0	0	0	2.27232	1.07926	2.93182	1.26179	0	2.96032	1.82947	2.013	2.01065	1.0507	0	0	0	1.53058	0	0	0	0	0	0	0	0	0	0	0	0	0	0	0	1.0297	1.55998	1.33537	0	0	1.79789	0	0	2.76202	2.23864	1.13466	2.43006	0	0	2.28184	2.0631	1.19899	0	2.13087	2.50874	0	0	1.26218	2.49226	1.75077	1.23393	1.61039	2.99736	1.49895	1.62954	0	2.35479	2.19506	1.68055	2.5015	2.60194	2.40874	0	2.73992	2.38752	0	0	0	2.52535	2.78557	0	0	0	0	0	0	0	0	1.41435	1.88274	1.97525	1.08912	0	0	0	0	0	1.44546	2.6407	2.98615	2.1931	0	0	0	0	0	0	0	0	0	2.34935	2.31476	1.65255	2.25249	0	0	0	0	0	0	0	0	0	0	0	1.78033	1.18976	2.7973	1.57295	2.68352	2.12712	2.87319	2.05558	1.00839	2.80743	1.2793	1.73084	1.64077	1.11683	1.95172	1.09678	2.80839	1.26105	2.23222	1.57693	0	0	0	0	0	0	0	1.96453	0	0	0	0	0	2.12622	1.22301	1.3564	0	0	0	1.57342	1.95603	0	0	0	0	0	0	0	0	0	0	0	0	0	2.25316	0	0	0	0	1.95926	2.71449	1.19988	0	0	1.79056	1.42896	2.35693	0	0	0	0	0	2.5743	0	0	2.61533	2.07116	1.30222	2.64521	2.75549	0	0	0	0	0	0	0	1.54394	2.92747	2.22791	2.28054	1.42636	2.15039	2.33794	1.86823	0	0	0	2.7852	1.73821	2.46733	2.32388	2.37586	2.32229	2.93308	2.92799	2.23406	0	0	0	0	0	0	2.88179	1.90907	1.15571	1.09684	1.08704	0	2.42715	2.36155	1.90907	2.84728	2.47086	2.52443	2.2081	2.58405	2.43775	2.28931	1.33091	2.94017	2.98631	0	2.27955	2.52597	1.23819	1.71169	2.33792	1.68856	1.34021	1.4142	0	0	0	0	0.568065	0.100307	0.64881	16.7176
0	0	2.27335	1.05524	2.44563	2.0811	2.72932	2.74112	2.95748	1.9742	0	0	0	1.04424	2.63371	1.12305	2.50131	2.71756	1.04142	2.82111	2.02907	2.10022	1.21813	2.25877	1.3319	0	0	0	0	0	0	2.62208	0	0	0	0	0	1.99786	2.45435	0	0	1.28396	1.11869	1.96466	1.09657	2.03234	1.27175	1.73804	1.81487	2.55336	1.12764	1.02239	1.92026	2.66999	1.70446	2.80995	1.08168	2.02059	1.00982	1.83179	1.19453	0	0	0	0	0	0	0	0	0	0	0	1.46637	2.34726	0	0	2.02989	2.10183	0	2.12834	0	2.83525	2.22368	1.07938	1.86423	2.93239	1.81527	1.70642	1.8513	2.84426	2.72828	1.3458	1.0391	2.00416	1.44283	1.9587	2.71497	0	0	0	0	0	2.80216	1.93685	0	0	0	2.84818	2.94978	0	0	0	0	0	0	0	1.21005	2.66575	2.97847	0	0	1.5643	1.25078	2.97349	1.7835	1.69383	2.00598	1.35783	0	0	0	0	0	1.90348	1.71563	1.75678	1.26977	1.33603	0	0	0	0	1.42412	0	0	0	0	0	0	0	0	0	0	2.52638	2.30859	1.39396	1.64972	1.55205	1.07411	1.92528	1.00312	0	0	0	0	0	0	0	0	0	0	0	0	2.81612	1.11437	1.53481	1.72878	0	1.99255	1.16023	1.6233	1.46074	0	0	0	2.80419	1.37003	1.50145	1.2358	2.75623	1.24363	1.46394	2.3346	1.07725	2.4541	0	0	1.10885	0	0	0	0	2.07008	2.81009	1.56488	0	2.29452	1.48793	0	0	0	0	2.41082	0	0	0	0	0	0	0	1.35537	0	0	0	0	0	0	0	0	0	0	0	0	0	0	0	0	0	0	0	0	0	0	0	0	0	0	0	0	0	0	0	0	0	0	0	0	0	0	0	0	0	0	0	2.28086	2.78574	2.63469	1.27529	2.29317	0	0	0	0	0	0	0	0	1.49802	1.89276	0	0	0	0	0	0	0	0	1.11728	1.08139	1.26578	0	1.39061	0	0	0	0	0	0	0	0	0	0	0	0	0	2.26746	1.04863	0	0	0	0	0	0	0	0	0	0	0	0	0	0	2.94469	2.52877	1.96713	1.00001	2.89459	2.33694	2.66714	1.78098	1.49867	2.36322	1.89438	2.5237	2.37802	1.49524	0	0	0	0	0	0	0	0	0	0	0	0	0	0	1.34071	1.0495	2.91853	0	0	0	0	0	0	1.08211	2.3423	2.89633	2.12383	1.4622	0	0	0	0	0	1.1428	2.11609	0	0	0	0	0	0	0	2.63035	2.77929	1.94495	0	0	0	0	0	0	0	2.27232	1.07926	2.93182	0	0	2.96032	1.82947	2.013	2.01065	1.0507	0	0	0	1.53058	0	0	0	0	0	0	0	0	0	0	0	0	0	0	0	1.34118	1.55998	1.33537	0	0	1.79789	0	0	2.76202	2.23864	1.13466	2.43006	0	1.2604	2.28184	2.0631	1.19899	0	2.13087	2.50874	0	0	1.26218	2.49226	1.75077	1.23393	0	2.99736	1.49895	1.62954	0	2.35479	2.19506	1.68055	2.5015	2.60194	2.40874	0	2.73992	1.19778	0	0	0	2.52535	2.78557	0	0	0	0	0	0	0	0	1.41435	1.88274	1.97525	1.08912	0	0	0	0	0	1.44546	2.6407	2.98615	1.56477	0	0	0	0	0	0	0	0	0	2.34935	2.31476	1.65255	0	0	0	0	0	0	0	0	0	0	0	0	1.78033	1.40519	2.7973	1.57295	2.68352	2.12712	2.87319	2.05558	1.00839	2.80743	1.2793	1.73084	1.64077	1.11683	1.12332	1.09678	2.80839	1.26105	2.23222	1.57693	0	0	0	0	0	0	0	0	0	0	0	0	0	2.12622	1.22301	1.3564	0	0	0	1.57342	0	0	0	0	0	0	0	0	0	0	0	0	0	2.53117	2.25316	0	0	0	0	1.95926	2.71449	1.19988	0	0	1.79056	1.42896	0	0	0	0	0	0	2.5743	0	0	2.61533	2.07116	1.30222	2.64521	0	0	0	0	0	0	0	0	1.54394	2.92747	2.22791	2.28054	1.42636	0	2.33794	1.86823	0	0	0	2.7852	1.73821	2.46733	2.32388	2.37586	2.32229	2.93308	2.20303	2.23406	0	0	0	0	0	0	2.88179	1.90907	1.15571	1.09684	1.08704	2.59578	2.42715	2.36155	1.90907	2.84728	2.47086	2.52443	2.2081	2.58405	2.43775	2.28931	1.33091	2.94017	0	0	2.27955	2.52597	1.23819	1.71169	2.33792	1.68856	1.34021	1.4142	0	0	0	0.663123	0.126349	0.654762	15.6085
0	0	0	2.27335	1.05524	2.44563	2.0811	2.72932	2.74112	2.95748	1.9742	0	0	0	1.04424	2.63371	1.12305	2.50131	2.71756	1.04142	2.82111	2.02907	2.10022	1.21813	2.25877	1.3319	2.22389	0	0	0	0	0	2.62208	0	0	0	0	0	1.99786	1.65729	0	0	1.28396	1.11869	1.96466	1.09657	2.03234	1.27175	1.73804	1.81487	2.55336	1.12764	1.99581	1.92026	2.66999	1.70446	2.80995	1.08168	2.02059	1.00982	1.83179	1.19453	0	0	0	1.10951	0	0	0	0	0	0	0	1.46637	2.34726	0	0	2.02989	0	0	2.12834	0	2.83525	2.22368	1.07938	1.86423	2.93239	1.81527	1.70642	1.8513	2.84426	2.80119	1.3458	1.0391	2.00416	1.44283	1.9587	2.71497	0	0	0	0	0	2.80216	0	0	0	0	2.84818	2.94978	0	0	0	0	0	0	0	2.92359	2.66575	2.97847	0	0	1.5643	1.25078	2.97349	1.7835	1.69383	2.00598	1.35783	0	0	0	0	0	1.90348	1.71563	1.75678	1.26977	1.33603	0	0	0	0	0	0	0	0	0	0	0	0	0	0	0	2.52638	2.30859	2.52256	1.64972	1.55205	1.07411	1.92528	1.00312	0	0	0	0	0	0	0	0	0	0	0	0	2.81612	1.11437	1.53481	1.72878	0	1.99255	1.16023	1.6233	0	0	0	0	2.80419	1.37003	1.50145	1.2358	2.75623	1.24363	1.46394	2.3346	1.07725	0	0	0	1.10885	0	0	0	0	2.07008	2.81009	1.56488	0	2.29452	1.29376	0	0	0	0	2.41082	0	0	0	0	0	0	0	0	0	0	0	0	0	0	0	0	0	0	0	0	0	0	0	0	0	0	0	0	0	0	0	0	0	0	0	0	0	0	0	0	0	0	0	0	0	0	0	0	0	0	0	2.28086	2.78574	2.63469	1.27529	2.29317	0	0	0	0	0	0	0	0	1.49802	1.89276	0	0	0	0	0	0	0	0	1.11728	1.08139	1.26578	0	1.39061	0	0	0	0	0	0	0	0	0	0	0	0	0	2.26746	1.04863	0	0	0	0	0	0	0	0	0	0	0	0	0	0	2.94469	2.52877	1.96713	1.64162	2.89459	2.33694	2.66714	1.78098	1.49867	2.36322	1.89438	2.5237	2.37802	1.49524	0	0	0	0	0	0	0	0	0	0	0	0	0	0	1.34071	1.56624	2.91853	0	0	0	0	0	0	1.08211	2.3423	2.89633	2.12383	1.4622	1.66132	0	0	0	0	1.1428	2.11609	0	0	0	0	0	0	0	2.63035	2.77929	1.94495	0	0	0	0	0	0	0	2.27232	1.07926	0	0	0	2.96032	1.82947	2.013	2.01065	1.0507	0	0	0	1.53058	0	0	0	0	0	0	0	0	0	0	0	0	0	0	1.04836	1.34118	1.55998	1.33537	0	0	1.79789	0	0	2.76202	2.23864	1.13466	2.43006	0	1.2604	2.28184	2.0631	1.19899	0	2.13087	2.50874	0	0	1.26218	2.49226	1.75077	0	0	2.99736	1.49895	1.62954	0	2.35479	2.19506	1.68055	2.5015	2.60194	2.40874	0	2.8151	1.19778	0	0	0	2.52535	2.78557	0	0	0	0	0	0	1.27214	0	1.41435	1.88274	1.97525	1.08912	0	0	0	0	0	1.44546	2.6407	1.09013	1.56477	0	0	0	0	0	0	0	0	0	2.34935	2.31476	0	0	0	0	0	0	0	0	0	0	0	0	0	1.89026	1.40519	2.7973	1.57295	2.68352	2.12712	2.87319	2.05558	1.00839	2.80743	1.2793	1.73084	1.64077	1.64954	1.12332	1.09678	2.80839	1.26105	2.23222	1.57693	0	0	0	0	0	0	0	0	0	0	0	0	0	2.12622	1.22301	1.3564	0	0	0	0	0	0	0	0	0	0	0	0	0	0	0	0	2.43213	2.53117	2.25316	0	0	0	0	1.95926	2.71449	1.19988	0	0	1.79056	0	0	0	0	0	0	0	2.5743	0	0	2.61533	2.07116	1.30222	0	0	0	0	0	0	0	0	0	1.54394	2.92747	2.22791	2.28054	2.96764	0	2.33794	1.86823	0	0	0	2.7852	1.73821	2.46733	2.32388	2.37586	2.32229	0	2.20303	2.23406	0	0	0	0	0	0	2.88179	1.90907	1.15571	1.09684	1.60186	2.59578	2.42715	2.36155	1.90907	2.84728	2.47086	2.52443	2.2081	2.58405	2.43775	2.28931	1.33091	0	0	0	2.27955	2.52597	1.23819	1.71169	2.33792	1.68856	1.34021	1.4142	0	0	0.748511	0.0318596	0.660714	17.0543
1.04962	0	0	0	2.27335	1.05524	2.44563	2.0811	2.72932	2.74112	2.95748	1.9742	0	0	0	1.04424	2.63371	1.12305	2.50131	2.71756	1.04142	2.82111	2.02907	2.10022	1.21813	2.25877	1.39601	2.22389	0	0	0	0	0	2.62208	0	0	0	0	0	2.69525	1.65729	0	0	1.28396	1.11869	1.96466	1.09657	2.03234	1.27175	1.73804	1.81487	2.55336	2.93679	1.99581	1.92026	2.66999	1.70446	2.80995	1.08168	2.02059	1.00982	1.83179	1.19453	0	0	1.83553	1.10951	0	0	0	0	0	0	0	1.46637	2.34726	0	0	0	0	0	2.12834	0	2.83525	2.22368	1.07938	1.86423	2.93239	1.81527	1.70642	1.8513	2.41746	2.80119	1.3458	1.0391	2.00416	1.44283	1.9587	2.71497	0	0	0	0	0	0	0	0	0	0	2.84818	2.94978	0	0	0	0	0	0	2.67261	2.92359	2.66575	2.97847	0	0	1.5643	1.25078	2.97349	1.7835	1.69383	2.00598	1.35783	0	0	0	0	0	1.90348	1.71563	1.75678	1.26977	1.33603	0	0	0	1.82873	0	0	0	0	0	0	0	0	0	0	0	2.52638	0	2.52256	1.64972	1.55205	1.07411	1.92528	1.00312	0	0	0	0	0	0	0	0	0	0	0	0	2.81612	1.11437	1.53481	1.72878	0	1.99255	1.16023	0	0	0	0	0	2.80419	1.37003	1.50145	1.2358	2.75623	1.24363	1.46394	2.3346	1.39301	0	0	0	1.10885	0	0	0	0	2.07008	2.81009	1.56488	0	2.17285	1.29376	0	0	0	0	2.41082	0	0	0	0	0	0	0	0	0	0	0	0	0	0	0	0	0	0	0	1.78538	0	0	0	0	0	0	0	0	0	0	0	0	0	0	0	0	0	0	0	0	0	0	0	0	0	0	0	0	0	0	0	2.28086	2.78574	2.63469	1.27529	2.29317	0	0	0	0	0	0	0	0	1.49802	1.89276	0	0	0	0	0	0	0	0	1.11728	1.08139	1.26578	0	1.39061	0	0	0	0	0	0	0	0	0	0	0	0	0	2.26746	1.04863	0	0	0	0	0	0	0	0	0	0	0	0	0	0	2.94469	2.52877	1.50372	1.64162	2.89459	2.33694	2.66714	1.78098	1.49867	2.36322	1.89438	2.5237	2.37802	1.49524	0	2.10263	0	0	0	0	0	0	0	0	0	0	0	0	2.83476	1.56624	2.91853	0	0	0	0	0	0	1.08211	2.3423	2.89633	2.12383	1.83044	1.66132	0	0	0	0	1.1428	2.11609	0	0	0	0	0	0	0	2.63035	2.77929	1.94495	0	0	0	0	0	0	0	2.27232	0	0	0	0	2.96032	1.82947	2.013	2.01065	1.0507	0	0	0	1.53058	0	0	0	0	0	0	0	0	0	0	0	0	0	1.53581	1.04836	1.34118	1.55998	1.33537	0	0	1.79789	0	0	2.76202	2.23864	1.13466	1.37002	0	1.2604	2.28184	2.0631	1.19899	0	2.13087	2.50874	0	0	1.26218	2.49226	0	0	0	2.99736	1.49895	1.62954	0	2.35479	2.19506	1.68055	2.5015	2.60194	2.40874	1.47804	2.8151	1.19778	0	0	0	2.52535	2.78557	0	0	0	0	0	2.34642	1.27214	0	1.41435	1.88274	1.97525	1.08912	0	0	0	0	0	1.44546	1.61634	1.09013	1.56477	0	0	0	0	0	0	0	0	0	2.34935	0	0	0	0	0	0	0	0	0	0	0	0	0	1.57425	1.89026	1.40519	2.7973	1.57295	2.68352	2.12712	2.87319	2.05558	1.00839	2.80743	1.2793	1.73084	0	1.64954	1.12332	1.09678	2.80839	1.26105	2.23222	1.57693	0	0	0	0	0	0	0	0	0	0	0	0	0	2.12622	1.22301	1.3564	0	0	0	0	0	0	0	0	0	0	0	0	0	0	0	2.01485	2.43213	2.53117	2.25316	0	0	0	0	1.95926	2.71449	1.19988	0	0	0	0	0	0	0	0	0	0	2.5743	0	0	2.61533	2.07116	2.64423	0	0	0	0	0	0	0	0	0	1.54394	2.92747	2.22791	1.3446	2.96764	0	2.33794	1.86823	0	0	0	2.7852	1.73821	2.46733	2.32388	2.37586	2.43386	0	2.20303	2.23406	0	0	0	0	0	0	2.88179	1.90907	1.15571	1.5156	1.60186	2.59578	2.42715	2.36155	1.90907	2.84728	2.47086	2.52443	2.2081	2.58405	2.43775	2.28931	1.66834	0	0	0	2.27955	2.52597	1.23819	1.71169	2.33792	1.68856	1.34021	1.4142	0	0.822984	-0.0418349	0.666667	18.7184
1.95594	1.04962	0	0	0	2.27335	1.05524	2.44563	2.0811	2.72932	2.74112	2.95748	1.9742	0	0	0	1.04424	2.63371	1.12305	2.50131	2.71756	1.04142	2.82111	2.02907	2.10022	1.21813	1.35012	1.39601	2.22389	0	0	0	0	0	2.62208	0	0	0	0	2.66786	2.69525	1.65729	0	0	1.28396	1.11869	1.96466	1.09657	2.03234	1.27175	1.73804	1.81487	2.99663	2.93679	1.99581	1.92026	2.66999	1.70446	2.80995	1.08168	2.02059	1.00982	1.83179	1.19453	0	0	1.83553	1.10951	0	0	0	0	0	0	0	1.46637	2.34726	0	0	0	0	0	2.12834	0	2.83525	2.22368	1.07938	1.86423	2.93239	1.81527	1.70642	1.46318	2.41746	2.80119	1.3458	1.0391	2.00416	1.44283	1.9587	2.71497	0	0	0	0	1.62196	0	0	0	0	0	2.84818	2.94978	0	0	0	0	0	1.26571	2.67261	2.92359	2.66575	2.97847	0	0	1.5643	1.25078	2.97349	1.7835	1.69383	2.00598	2.70273	0	0	0	0	0	1.90348	1.71563	1.75678	1.26977	1.33603	0	0	1.38636	1.82873	0	0	0	0	0	0	0	0	0	0	0	0	0	2.52256	1.64972	1.55205	1.07411	1.92528	1.00312	0	0	0	0	0	0	0	0	0	0	0	0	2.81612	1.11437	1.53481	1.72878	0	1.99255	0	0	0	0	0	0	2.80419	1.37003	1.50145	1.2358	2.75623	1.24363	1.46394	2.9042	1.39301	0	0	0	1.10885	0	0	0	0	2.07008	2.81009	1.56488	1.80127	2.17285	1.29376	0	0	0	0	2.41082	0	0	0	0	0	0	0	0	0	0	0	0	0	0	0	0	0	0	2.24872	1.78538	0	0	0	0	0	0	0	0	0	0	0	0	0	0	0	0	0	0	0	0	0	0	0	0	0	0	0	0	0	0	0	2.28086	2.78574	2.63469	1.27529	2.29317	0	0	0	0	0	0	0	0	1.49802	1.89276	0	0	0	0	0	0	0	0	1.11728	1.08139	1.26578	0	1.39061	0	0	0	0	0	0	0	0	0	0	0	0	0	2.26746	1.04863	0	0	0	0	0	0	0	0	0	0	0	0	0	0	2.94469	1.24218	1.50372	1.64162	2.89459	2.33694	2.66714	1.78098	1.49867	2.36322	1.89438	2.5237	2.37802	1.49524	1.37342	2.10263	0	0	0	0	0	0	0	0	0	0	0	0	2.83476	1.56624	2.91853	0	0	0	0	0	0	1.08211	2.3423	2.89633	2.13697	1.83044	1.66132	0	0	0	0	1.1428	2.11609	0	0	0	0	0	0	0	2.63035	2.77929	1.94495	0	0	0	0	0	0	0	0	0	0	0	0	2.96032	1.82947	2.013	2.01065	1.0507	0	0	0	0	0	0	0	0	0	0	0	0	0	0	0	0	0	1.53581	1.04836	1.34118	1.55998	1.33537	0	0	1.79789	0	0	2.76202	2.23864	2.58064	1.37002	0	1.2604	2.28184	2.0631	1.19899	0	2.13087	2.50874	0	0	1.26218	2.88582	0	0	0	2.99736	1.49895	1.62954	0	2.35479	2.19506	1.68055	2.5015	2.60194	1.78015	1.47804	2.8151	1.19778	0	0	0	2.52535	2.78557	0	0	0	0	1.49136	2.34642	1.27214	0	1.41435	1.88274	1.97525	1.08912	0	0	0	0	0	1.91905	1.61634	1.09013	1.56477	0	0	0	0	0	0	0	0	0	0	0	0	0	0	0	0	0	0	0	0	0	0	1.5058	1.57425	1.89026	1.40519	2.7973	1.57295	2.68352	2.12712	2.87319	2.05558	1.00839	2.80743	1.2793	2.24458	0	1.64954	1.12332	1.09678	2.80839	1.26105	2.23222	1.57693	0	0	0	0	0	0	0	0	0	0	0	0	0	2.12622	1.22301	1.3564	0	0	0	0	0	0	0	0	0	0	0	0	0	0	1.24484	2.01485	2.43213	2.53117	2.25316	0	0	0	0	1.95926	2.71449	1.19988	0	0	0	0	0	0	0	0	0	0	2.5743	0	0	2.61533	2.86339	2.64423	0	0	0	0	0	0	0	0	0	1.54394	2.92747	2.90441	1.3446	2.96764	0	2.33794	1.86823	0	0	0	2.7852	1.73821	2.46733	2.32388	2.07263	2.43386	0	2.20303	2.23406	0	0	0	0	0	0	2.88179	1.90907	2.44415	1.5156	1.60186	2.59578	2.42715	2.36155	1.90907	2.84728	2.47086	2.52443	2.2081	2.58405	2.43775	2.49427	1.66834	0	0	0	2.27955	2.52597	1.23819	1.71169	2.33792	1.68856	1.34021	1.4142	0.885456	-0.0456577	0.672619	19.259
1.01533	1.95594	1.04962	0	0	0	2.27335	1.05524	2.44563	2.0811	2.72932	2.74112	2.95748	0	0	0	0	1.04424	2.63371	1.12305	2.50131	2.71756	1.04142	2.82111	2.02907	2.10022	2.80698	1.35012	1.39601	2.22389	0	0	0	0	0	2.62208	0	0	0	1.8754	2.66786	2.69525	1.65729	0	0	1.28396	1.11869	1.96466	1.09657	2.03234	1.27175	1.73804	2.88892	2.99663	2.93679	1.99581	1.92026	2.66999	1.70446	2.80995	1.08168	2.02059	1.00982	1.83179	1.19453	0	0	1.83553	1.10951	0	0	0	0	0	0	0	1.46637	2.34726	0	0	0	0	0	2.12834	0	2.83525	2.22368	1.07938	1.86423	2.93239	1.81527	1.35127	1.46318	2.41746	2.80119	1.3458	1.0391	2.00416	1.44283	1.9587	2.71497	0	0	0	1.11255	1.62196	0	0	0	0	0	2.84818	2.94978	0	0	0	0	0	1.26571	2.67261	2.92359	2.66575	2.97847	0	0	1.5643	1.25078	2.97349	1.7835	1.69383	0	2.70273	0	0	0	0	0	1.90348	1.71563	1.75678	1.26977	1.33603	0	2.92926	1.38636	1.82873	0	0	0	0	0	0	0	0	0	0	2.33622	0	0	2.52256	1.64972	1.55205	1.07411	1.92528	1.00312	0	0	0	0	0	0	0	0	0	0	0	0	2.81612	1.11437	1.53481	1.72878	0	0	0	0	0	0	0	0	2.80419	1.37003	1.50145	1.2358	2.75623	1.24363	2.31491	2.9042	1.39301	0	0	0	1.10885	0	0	0	0	2.07008	2.81009	1.3032	1.80127	2.17285	1.29376	0	0	0	0	2.41082	0	0	0	0	1.29343	0	0	0	0	0	0	0	0	0	0	0	0	2.57866	2.24872	1.78538	0	0	0	0	0	0	0	0	0	0	0	0	0	0	0	0	0	0	0	0	0	0	0	0	0	0	0	0	0	0	0	2.28086	2.78574	2.63469	1.27529	2.29317	0	0	0	0	0	0	0	0	1.49802	1.89276	0	0	0	1.20688	0	0	0	0	1.11728	1.08139	1.26578	0	1.39061	0	0	0	0	0	0	0	0	0	0	0	0	0	2.26746	1.04863	0	0	0	0	0	0	0	0	0	0	0	0	0	0	2.75532	1.24218	1.50372	1.64162	2.89459	2.33694	2.66714	1.78098	1.49867	2.36322	1.89438	2.5237	2.37802	1.22875	1.37342	2.10263	0	0	0	0	0	0	0	0	0	0	1.52591	0	2.83476	1.56624	2.91853	0	0	0	0	0	0	1.08211	2.3423	1.75852	2.13697	1.83044	1.66132	0	0	0	0	1.1428	2.11609	0	0	0	0	0	0	0	2.63035	2.77929	1.94495	0	0	0	0	0	0	2.89976	0	0	0	0	0	2.96032	1.82947	2.013	2.01065	1.0507	0	0	0	0	0	0	0	0	0	0	0	0	0	0	0	0	0	1.53581	1.04836	1.34118	1.55998	1.33537	0	0	1.79789	0	0	2.76202	1.98091	2.58064	1.37002	0	1.2604	2.28184	2.0631	1.19899	0	2.13087	2.50874	0	0	0	2.88582	0	0	0	2.99736	1.49895	1.62954	0	2.35479	2.19506	1.68055	2.5015	1.4209	1.78015	1.47804	2.8151	1.19778	0	0	0	2.52535	2.78557	0	0	0	2.00093	1.49136	2.34642	1.27214	0	1.41435	1.88274	1.97525	1.08912	0	0	0	0	1.74542	1.91905	1.61634	1.09013	1.56477	0	0	0	0	0	0	0	0	0	0	0	0	0	0	0	0	0	0	0	0	0	2.19783	1.5058	1.57425	1.89026	1.40519	2.7973	1.57295	2.68352	2.12712	2.87319	2.05558	1.00839	2.80743	1.05291	2.24458	0	1.64954	1.12332	1.09678	2.80839	1.26105	2.23222	1.57693	0	0	0	0	0	0	0	0	0	0	0	0	0	2.12622	1.22301	1.3564	0	0	0	0	0	0	0	0	0	0	0	0	0	2.06368	1.24484	2.01485	2.43213	2.53117	2.25316	0	0	0	0	1.95926	2.71449	1.19988	2.93896	0	0	0	0	0	0	0	0	0	2.5743	0	0	1.18096	2.86339	2.64423	0	0	0	0	0	0	0	0	0	1.54394	2.98203	2.90441	1.3446	2.96764	0	2.33794	1.86823	0	0	0	2.7852	1.73821	2.46733	0	2.07263	2.43386	0	2.20303	2.23406	0	0	0	0	0	0	2.88179	0	2.44415	1.5156	1.60186	2.59578	2.42715	2.36155	1.90907	2.84728	2.47086	2.52443	2.2081	2.58405	1.40122	2.49427	1.66834	0	0	0	2.27955	2.52597	1.23819	1.71169	2.33792	1.68856	1.34021	0.935016	-0.0256289	0.678571	19.3492
2.99173	1.01533	1.95594	1.04962	0	0	0	2.27335	1.05524	2.44563	2.0811	2.72932	2.74112	1.00478	0	0	0	0	1.04424	2.63371	1.12305	2.50131	2.71756	1.04142	2.82111	2.02907	1.58997	2.80698	1.35012	1.39601	2.22389	0	0	0	0	0	2.62208	0	0	2.4098	1.8754	2.66786	2.69525	1.65729	0	0	1.28396	1.11869	1.96466	1.09657	2.03234	1.27175	2.36041	2.88892	2.99663	2.93679	1.99581	1.92026	2.66999	1.70446	2.80995	1.08168	2.02059	1.00982	1.83179	0	0	0	1.83553	1.10951	0	0	0	0	0	0	0	1.46637	0	0	0	0	0	0	2.12834	0	2.83525	2.22368	1.07938	1.86423	2.93239	1.29814	1.35127	1.46318	2.41746	2.80119	1.3458	1.0391	2.00416	1.44283	1.9587	2.71497	0	0	2.49296	1.11255	1.62196	0	0	0	0	0	2.84818	2.94978	0	0	0	0	0	1.26571	2.67261	2.92359	2.66575	2.97847	0	0	1.5643	1.25078	2.97349	1.7835	0	0	2.70273	0	0	0	0	0	1.90348	1.71563	1.75678	1.26977	1.33603	1.93613	2.92926	1.38636	1.82873	0	0	0	0	0	0	0	0	0	1.00947	2.33622	0	0	2.52256	1.64972	1.55205	1.07411	1.92528	1.00312	0	0	0	0	0	0	0	0	0	0	0	0	2.81612	1.11437	1.53481	1.72878	0	0	0	0	0	0	0	0	2.80419	1.37003	1.50145	1.2358	2.75623	2.48764	2.31491	2.9042	1.39301	0	0	0	1.10885	0	0	0	0	2.07008	2.52278	1.3032	1.80127	2.17285	1.29376	0	0	0	0	2.41082	0	0	0	1.67854	1.29343	0	0	0	0	0	0	0	0	0	0	0	2.71201	2.57866	2.24872	1.78538	0	0	0	0	0	0	0	0	0	0	0	0	0	0	0	0	0	0	0	0	0	0	0	0	0	0	0	0	0	0	0	2.28086	2.78574	2.63469	1.27529	0	0	0	0	0	0	0	0	0	1.49802	1.89276	0	0	1.4583	1.20688	0	0	0	0	1.11728	1.08139	1.26578	0	1.39061	0	0	0	0	0	0	0	0	0	0	0	0	0	2.26746	1.04863	0	0	0	0	0	0	0	0	0	0	0	0	0	1.05385	2.75532	1.24218	1.50372	1.64162	2.89459	2.33694	2.66714	1.78098	1.49867	2.36322	1.89438	2.5237	1.23574	1.22875	1.37342	2.10263	0	0	0	0	0	0	0	0	0	0	1.52591	0	2.83476	1.56624	2.91853	0	0	0	0	0	0	1.08211	1.70884	1.75852	2.13697	1.83044	1.66132	0	0	0	0	1.1428	2.11609	0	0	1.4179	0	0	0	0	2.63035	2.77929	1.94495	0	0	0	0	0	1.65853	2.89976	0	0	0	0	0	2.96032	1.82947	2.013	2.01065	1.0507	0	2.94518	0	0	0	0	0	0	0	0	0	0	0	0	0	0	0	1.53581	1.04836	1.34118	1.55998	1.33537	0	0	1.79789	0	0	0	1.98091	2.58064	1.37002	0	1.2604	2.28184	2.0631	1.19899	0	2.13087	2.50874	0	0	0	2.88582	0	0	0	2.99736	1.49895	1.62954	0	2.35479	2.19506	1.68055	1.79347	1.4209	1.78015	1.47804	2.8151	1.19778	0	0	0	2.52535	2.78557	0	0	2.48747	2.00093	1.49136	2.34642	1.27214	0	1.41435	1.88274	1.97525	1.08912	0	0	0	1.99521	1.74542	1.91905	1.61634	1.09013	1.56477	0	0	0	0	0	0	0	0	0	0	0	0	0	0	0	0	0	0	0	0	2.97271	2.19783	1.5058	1.57425	1.89026	1.40519	2.7973	1.57295	2.68352	2.12712	2.87319	2.05558	1.00839	0	1.05291	2.24458	0	1.64954	1.12332	1.09678	2.80839	1.26105	2.23222	1.57693	0	0	0	0	0	0	0	0	0	0	0	0	0	2.12622	1.22301	0	0	0	0	0	0	0	0	0	0	0	0	0	1.46739	2.06368	1.24484	2.01485	2.43213	2.53117	2.25316	0	0	0	0	1.95926	2.71449	2.48993	2.93896	0	0	0	0	0	0	0	0	0	2.5743	0	2.95737	1.18096	2.86339	2.64423	0	0	0	0	0	0	0	0	0	1.13803	2.98203	2.90441	1.3446	2.96764	0	2.33794	1.86823	0	0	0	2.7852	1.73821	1.8641	0	2.07263	2.43386	0	2.20303	2.23406	0	0	0	0	0	0	0	0	2.44415	1.5156	1.60186	2.59578	2.42715	2.36155	1.90907	2.84728	2.47086	2.52443	2.2081	1.23363	1.40122	2.49427	1.66834	0	0	0	2.27955	2.52597	1.23819	1.71169	2.33792	1.68856	0.970942	-0.065884	0.684524	20.1241
2.50425	2.99173	1.01533	1.95594	1.04962	0	0	0	2.27335	1.05524	2.44563	2.0811	2.72932	1.52693	1.00478	0	0	0	0	1.04424	2.63371	1.12305	2.50131	2.71756	1.04142	2.82111	0	1.58997	2.80698	1.35012	1.39601	2.22389	0	0	0	0	0	2.62208	0	2.47682	2.4098	1.8754	2.66786	2.69525	1.65729	0	0	1.28396	1.11869	1.96466	1.09657	2.03234	0	2.36041	2.88892	2.99663	2.93679	1.99581	1.92026	2.66999	1.70446	2.80995	1.08168	2.02059	1.00982	0	0	0	0	1.83553	1.10951	0	0	0	0	0	0	0	0	0	0	0	0	0	0	2.12834	0	2.83525	2.22368	1.07938	1.86423	2.34944	1.29814	1.35127	1.46318	2.41746	2.80119	1.3458	1.0391	2.00416	1.44283	1.9587	2.71497	0	2.3956	2.49296	1.11255	1.62196	0	0	0	0	0	2.84818	2.94978	0	0	0	0	0	1.26571	2.67261	2.92359	2.66575	2.97847	0	0	1.5643	1.25078	2.97349	0	0	0	2.70273	0	0	0	0	0	1.90348	1.71563	1.75678	1.26977	0	1.93613	2.92926	1.38636	1.82873	0	0	0	0	0	0	0	0	0	1.00947	2.33622	0	0	2.52256	1.64972	1.55205	1.07411	1.92528	1.00312	0	0	0	0	0	0	0	0	0	0	0	0	2.81612	1.11437	1.53481	0	0	0	0	0	0	0	0	0	2.80419	1.37003	1.50145	1.2358	2.3053	2.48764	2.31491	2.9042	1.39301	0	0	0	1.10885	0	0	0	0	2.49531	2.52278	1.3032	1.80127	2.17285	1.29376	0	0	0	0	2.41082	0	0	2.48105	1.67854	1.29343	0	0	0	0	0	0	0	0	0	0	0	2.71201	2.57866	2.24872	1.78538	0	0	0	0	0	0	0	0	2.81545	0	0	0	0	0	0	0	0	0	0	0	0	2.95182	0	0	0	0	0	0	0	0	0	2.28086	2.78574	2.63469	0	0	0	0	0	0	0	0	0	0	1.49802	1.89276	0	1.46422	1.4583	1.20688	0	0	0	0	1.11728	1.08139	1.26578	0	1.39061	0	0	0	0	0	0	0	0	0	0	0	0	0	2.26746	1.32409	0	0	0	0	0	0	0	0	0	0	0	0	2.57205	1.05385	2.75532	1.24218	1.50372	1.64162	2.89459	2.33694	2.66714	1.78098	1.49867	2.36322	1.89438	0	1.23574	1.22875	1.37342	2.10263	0	0	0	0	0	0	0	0	0	0	1.52591	0	2.83476	1.56624	2.91853	0	0	0	0	0	0	1.97285	1.70884	1.75852	2.13697	1.83044	1.66132	0	0	0	0	1.1428	2.11609	0	1.73435	1.4179	0	0	0	0	2.63035	2.77929	1.94495	0	0	0	0	0	1.65853	2.89976	0	0	0	0	0	2.96032	1.82947	2.013	2.01065	1.0507	2.85685	2.94518	0	0	0	0	0	0	0	0	0	0	0	0	0	0	0	1.53581	1.04836	1.34118	1.55998	1.33537	0	0	1.79789	0	0	0	1.98091	2.58064	1.37002	0	1.2604	2.28184	2.0631	1.19899	0	2.13087	2.50874	0	0	0	2.88582	0	0	0	2.99736	1.49895	1.62954	0	2.35479	2.19506	1.7816	1.79347	1.4209	1.78015	1.47804	2.8151	1.19778	0	0	0	2.52535	2.78557	0	1.35715	2.48747	2.00093	1.49136	2.34642	1.27214	0	1.41435	1.88274	1.97525	1.08912	0	0	2.0017	1.99521	1.74542	1.91905	1.61634	1.09013	1.56477	0	0	0	0	0	0	0	0	0	0	0	0	0	0	0	0	0	0	0	2.91181	2.97271	2.19783	1.5058	1.57425	1.89026	1.40519	2.7973	1.57295	2.68352	2.12712	2.87319	2.05558	0	0	1.05291	2.24458	0	1.64954	1.12332	1.09678	2.80839	1.26105	2.23222	1.57693	0	0	0	0	0	0	0	0	0	0	0	0	0	2.12622	0	0	0	0	0	0	0	0	0	0	0	0	0	2.83195	1.46739	2.06368	1.24484	2.01485	2.43213	2.53117	2.25316	0	0	0	0	1.95926	1.13869	2.48993	2.93896	0	0	0	0	0	0	0	0	0	2.5743	0	2.95737	1.18096	2.86339	2.64423	0	0	0	0	0	0	0	0	0	1.13803	2.98203	2.90441	1.3446	2.96764	0	2.33794	1.86823	0	0	0	2.7852	2.71755	1.8641	0	2.07263	2.43386	0	2.20303	2.23406	0	0	0	0	0	2.13509	0	0	2.44415	1.5156	1.60186	2.59578	2.42715	2.36155	1.90907	2.84728	2.47086	2.52443	2.5936	1.23363	1.40122	2.49427	1.66834	0	0	0	2.27955	2.52597	1.23819	1.71169	2.33792	0.992709	-0.163678	0.690476	20.0026
1.9861	2.50425	2.99173	1.01533	1.95594	1.04962	0	0	0	2.27335	1.05524	2.44563	2.0811	2.35283	1.52693	1.00478	0	0	0	0	1.04424	2.63371	1.12305	2.50131	2.71756	1.04142	0	0	1.58997	2.80698	1.35012	1.39601	2.22389	0	0	0	0	0	2.62208	2.82254	2.47682	2.4098	1.8754	2.66786	2.69525	1.65729	0	0	1.28396	1.11869	1.96466	1.09657	0	0	2.36041	2.88892	2.99663	2.93679	1.99581	1.92026	2.66999	1.70446	2.80995	1.08168	2.02059	0	0	0	0	0	1.83553	1.10951	0	0	0	0	0	0	0	0	0	0	0	0	0	0	2.12834	0	2.83525	2.22368	1.07938	2.75335	2.34944	1.29814	1.35127	1.46318	2.41746	2.80119	1.3458	1.0391	2.00416	1.44283	1.9587	2.71497	1.4853	2.3956	2.49296	1.11255	1.62196	0	0	0	0	0	2.84818	2.94978	0	0	0	0	0	1.26571	2.67261	2.92359	2.66575	2.97847	0	0	1.5643	1.25078	0	0	0	0	2.70273	0	0	0	0	0	1.90348	1.71563	1.75678	0	0	1.93613	2.92926	1.38636	1.82873	0	0	0	0	0	0	0	0	0	1.00947	2.33622	0	0	2.52256	1.64972	1.55205	1.07411	1.92528	1.00312	0	0	0	0	0	0	0	0	0	0	0	0	2.81612	1.11437	2.32971	0	0	0	0	0	0	0	0	0	2.80419	1.37003	1.50145	1.18099	2.3053	2.48764	2.31491	2.9042	1.39301	0	0	0	1.10885	0	0	0	2.68165	2.49531	2.52278	1.3032	1.80127	2.17285	1.29376	0	0	0	0	2.41082	0	1.61029	2.48105	1.67854	1.29343	0	0	0	0	0	0	0	0	0	0	0	2.71201	2.57866	2.24872	1.78538	0	0	0	0	0	0	0	1.82087	2.81545	0	0	0	0	0	0	0	0	0	0	0	2.65483	2.95182	0	0	0	0	0	0	0	0	0	2.28086	2.78574	0	0	0	0	0	0	0	0	0	0	0	1.49802	1.89276	0	1.46422	1.4583	1.20688	0	0	0	0	1.11728	1.08139	1.26578	0	1.39061	1.28873	0	0	0	0	0	0	0	0	0	0	0	0	1.404	1.32409	0	0	0	0	0	0	0	0	0	0	0	2.30329	2.57205	1.05385	2.75532	1.24218	1.50372	1.64162	2.89459	2.33694	2.66714	1.78098	1.49867	2.36322	0	0	1.23574	1.22875	1.37342	2.10263	0	0	0	0	0	0	0	0	0	0	1.52591	0	2.83476	1.56624	2.91853	0	0	0	0	0	1.7949	1.97285	1.70884	1.75852	2.13697	1.83044	1.66132	0	0	0	0	1.1428	2.11609	1.1137	1.73435	1.4179	0	0	0	0	2.63035	2.77929	1.94495	0	0	0	0	0	1.65853	2.89976	0	0	0	0	0	2.96032	1.82947	2.013	2.01065	2.27054	2.85685	2.94518	0	0	0	0	0	0	0	0	0	0	0	0	0	0	0	1.53581	1.04836	1.34118	1.55998	1.33537	0	0	1.79789	0	0	0	1.98091	2.58064	1.37002	0	1.2604	2.28184	2.0631	1.19899	0	2.13087	0	0	0	0	2.88582	0	0	0	2.99736	1.49895	1.62954	0	2.35479	2.20261	1.7816	1.79347	1.4209	1.78015	1.47804	2.8151	1.19778	0	0	0	2.52535	2.78557	0	1.35715	2.48747	2.00093	1.49136	2.34642	1.27214	0	1.41435	1.88274	1.97525	1.08912	0	2.4974	2.0017	1.99521	1.74542	1.91905	1.61634	1.09013	1.56477	0	0	0	0	0	0	0	0	0	0	0	0	0	0	0	0	0	0	1.19001	2.91181	2.97271	2.19783	1.5058	1.57425	1.89026	1.40519	2.7973	1.57295	2.68352	2.12712	2.87319	0	0	0	1.05291	2.24458	0	1.64954	1.12332	1.09678	2.80839	1.26105	2.23222	1.57693	0	0	0	0	0	0	0	0	0	0	0	0	0	0	0	0	0	0	0	0	0	0	0	0	0	0	1.73646	2.83195	1.46739	2.06368	1.24484	2.01485	2.43213	2.53117	2.25316	0	0	0	0	0	1.13869	2.48993	2.93896	0	0	0	0	0	0	0	0	0	0	0	2.95737	1.18096	2.86339	2.64423	0	0	0	0	0	0	0	0	0	1.13803	2.98203	2.90441	1.3446	2.96764	0	2.33794	1.86823	0	0	0	2.73671	2.71755	1.8641	0	2.07263	2.43386	0	2.20303	2.23406	0	0	0	0	1.27262	2.13509	0	0	2.44415	1.5156	1.60186	2.59578	2.42715	2.36155	1.90907	2.84728	2.47086	1.65522	2.5936	1.23363	1.40122	2.49427	1.66834	0	0	0	2.27955	2.52597	1.23819	1.71169	1	-0.124743	0.696429	19.8667
2.45154	1.9861	2.50425	2.99173	1.01533	1.95594	1.04962	0	0	0	2.27335	1.05524	2.44563	1.56778	2.35283	1.52693	1.00478	0	0	0	0	1.04424	2.63371	1.12305	2.50131	2.71756	0	0	0	1.58997	2.80698	1.35012	1.39601	2.22389	0	0	0	0	0	2.23268	2.82254	2.47682	2.4098	1.8754	2.66786	2.69525	1.65729	0	0	1.28396	1.11869	1.96466	0	0	0	2.36041	2.88892	2.99663	2.93679	1.99581	1.92026	2.66999	1.70446	2.80995	1.08168	0	0	0	0	0	0	1.83553	1.10951	0	0	0	0	0	0	0	0	0	0	0	0	0	0	2.12834	0	2.83525	2.22368	0	2.75335	2.34944	1.29814	1.35127	1.46318	2.41746	2.80119	1.3458	1.0391	2.00416	1.44283	1.9587	1.201	1.4853	2.3956	2.49296	1.11255	1.62196	0	0	0	0	0	2.84818	2.94978	1.69266	0	0	0	0	1.26571	2.67261	2.92359	2.66575	2.97847	0	0	1.5643	0	0	0	0	0	2.70273	0	0	0	0	0	1.90348	1.71563	0	0	0	1.93613	2.92926	1.38636	1.82873	0	0	0	0	0	0	0	0	0	1.00947	2.33622	0	0	2.52256	1.64972	1.55205	1.07411	1.92528	1.00312	0	0	0	0	0	0	0	0	0	0	0	0	2.81612	0	2.32971	0	0	0	0	0	0	0	0	0	2.80419	1.37003	2.15051	1.18099	2.3053	2.48764	2.31491	2.9042	1.39301	0	0	0	1.10885	0	0	2.71715	2.68165	2.49531	2.52278	1.3032	1.80127	2.17285	1.29376	0	0	0	0	2.41082	1.05935	1.61029	2.48105	1.67854	1.29343	0	0	0	0	0	0	0	0	0	0	0	2.71201	2.57866	2.24872	1.78538	0	0	0	0	0	0	2.52121	1.82087	2.81545	0	0	0	0	0	0	0	0	0	0	1.59683	2.65483	2.95182	0	0	0	0	0	0	0	0	0	2.28086	0	0	0	0	0	0	0	0	0	0	0	0	1.49802	0	0	1.46422	1.4583	1.20688	0	0	0	0	1.11728	1.08139	1.26578	0	2.26841	1.28873	0	0	0	0	0	0	0	0	0	0	0	1.69789	1.404	1.32409	0	0	0	0	0	0	0	0	0	0	2.84168	2.30329	2.57205	1.05385	2.75532	1.24218	1.50372	1.64162	2.89459	2.33694	2.66714	1.78098	1.49867	0	0	0	1.23574	1.22875	1.37342	2.10263	0	0	0	0	0	0	0	0	0	0	1.52591	0	2.83476	1.56624	2.91853	0	0	0	0	1.60176	1.7949	1.97285	1.70884	1.75852	2.13697	1.83044	1.66132	0	0	0	0	1.1428	2.70689	1.1137	1.73435	1.4179	0	0	0	0	2.63035	2.77929	1.94495	0	0	0	0	0	1.65853	2.89976	0	0	0	0	0	2.96032	1.82947	2.013	2.38302	2.27054	2.85685	2.94518	0	0	0	0	0	0	0	0	0	0	0	0	0	0	0	1.53581	1.04836	1.34118	1.55998	1.33537	0	0	0	0	0	0	1.98091	2.58064	1.37002	0	1.2604	2.28184	2.0631	1.19899	0	0	0	0	0	0	2.88582	0	0	0	2.99736	1.49895	1.62954	0	0	2.20261	1.7816	1.79347	1.4209	1.78015	1.47804	2.8151	1.19778	0	0	0	2.52535	0	0	1.35715	2.48747	2.00093	1.49136	2.34642	1.27214	0	1.41435	1.88274	1.97525	1.08912	2.10761	2.4974	2.0017	1.99521	1.74542	1.91905	1.61634	1.09013	1.56477	0	0	0	0	0	0	0	0	0	0	0	0	0	0	0	0	0	1.60661	1.19001	2.91181	2.97271	2.19783	1.5058	1.57425	1.89026	1.40519	2.7973	1.57295	2.68352	2.12712	2.89442	0	0	0	1.05291	2.24458	0	1.64954	1.12332	1.09678	2.80839	1.26105	2.23222	0	0	0	0	0	0	0	0	0	0	0	0	0	0	0	0	0	0	0	0	0	0	0	0	0	0	2.32842	1.73646	2.83195	1.46739	2.06368	1.24484	2.01485	2.43213	2.53117	2.25316	0	0	0	0	0	1.13869	2.48993	2.93896	0	0	0	0	0	0	0	0	0	0	0	2.95737	1.18096	2.86339	2.64423	0	0	0	0	0	0	2.06193	0	0	1.13803	2.98203	2.90441	1.3446	2.96764	0	2.33794	1.86823	0	0	2.37022	2.73671	2.71755	1.8641	0	2.07263	2.43386	0	2.20303	2.23406	0	0	0	1.77546	1.27262	2.13509	0	0	2.44415	1.5156	1.60186	2.59578	2.42715	2.36155	1.90907	2.84728	2.76771	1.65522	2.5936	1.23363	1.40122	2.49427	1.66834	0	0	0	2.27955	2.52597	1.23819	0.992709	-0.0822119	0.702381	19.4493
2.4123	2.45154	1.9861	2.50425	2.99173	1.01533	1.95594	1.04962	0	0	0	2.27335	1.05524	1.35925	1.56778	2.35283	1.52693	1.00478	0	0	0	0	1.04424	2.63371	1.12305	2.50131	0	0	0	0	1.58997	2.80698	1.35012	1.39601	2.22389	0	0	0	0	1.25338	2.23268	2.82254	2.47682	2.4098	1.8754	2.66786	2.69525	1.65729	0	0	1.28396	1.11869	0	0	0	0	2.36041	2.88892	2.99663	2.93679	1.99581	1.92026	2.66999	1.70446	2.80995	2.83617	0	0	0	0	0	0	1.83553	1.10951	0	0	0	0	0	0	0	0	0	0	0	0	0	0	2.12834	0	2.83525	0	0	2.75335	2.34944	1.29814	1.35127	1.46318	2.41746	2.80119	1.3458	1.0391	2.00416	1.44283	2.16878	1.201	1.4853	2.3956	2.49296	1.11255	1.62196	0	0	0	0	0	2.84818	2.98905	1.69266	0	0	0	0	1.26571	2.67261	2.92359	2.66575	2.97847	0	0	1.06645	0	0	0	0	0	2.70273	0	0	0	0	0	1.90348	0	0	0	0	1.93613	2.92926	1.38636	1.82873	0	0	0	0	0	0	0	0	0	1.00947	2.33622	0	0	2.52256	1.64972	1.55205	1.07411	1.92528	1.5071	0	0	0	0	0	0	0	0	0	0	0	0	0	0	2.32971	0	0	0	0	0	0	0	0	0	2.80419	2.5122	2.15051	1.18099	2.3053	2.48764	2.31491	2.9042	1.39301	0	0	0	1.10885	0	0	2.71715	2.68165	2.49531	2.52278	1.3032	1.80127	2.17285	1.29376	0	0	0	0	2.59888	1.05935	1.61029	2.48105	1.67854	1.29343	0	0	0	0	0	0	0	2.78818	0	0	0	2.71201	2.57866	2.24872	1.78538	0	0	0	0	0	0	2.52121	1.82087	2.81545	0	0	0	0	0	0	0	0	0	0	1.59683	2.65483	2.95182	0	0	0	0	0	0	0	0	0	0	0	0	0	0	0	0	0	0	0	0	0	0	0	0	0	1.46422	1.4583	1.20688	0	0	0	0	1.11728	1.08139	1.26578	2.96358	2.26841	1.28873	0	0	0	0	0	0	0	0	0	0	1.96323	1.69789	1.404	1.32409	0	0	0	0	0	0	0	0	0	0	2.84168	2.30329	2.57205	1.05385	2.75532	1.24218	1.50372	1.64162	2.89459	2.33694	2.66714	1.78098	0	0	0	0	1.23574	1.22875	1.37342	2.10263	0	0	0	0	0	0	0	0	0	0	1.52591	0	2.83476	1.56624	2.91853	0	0	0	1.5302	1.60176	1.7949	1.97285	1.70884	1.75852	2.13697	1.83044	1.66132	0	0	0	0	2.59238	2.70689	1.1137	1.73435	1.4179	0	0	0	0	2.63035	2.77929	1.94495	0	0	0	0	0	1.65853	2.89976	0	0	0	0	0	2.96032	1.82947	1.76987	2.38302	2.27054	2.85685	2.94518	0	0	0	0	0	0	0	0	0	0	0	0	0	0	0	1.53581	1.04836	1.34118	1.55998	1.33537	0	0	0	0	0	0	1.98091	2.58064	1.37002	0	1.2604	2.28184	2.0631	1.19899	0	0	0	0	0	0	2.88582	0	0	0	2.99736	1.49895	1.62954	0	0	2.20261	1.7816	1.79347	1.4209	1.78015	1.47804	2.8151	1.19778	0	0	0	0	0	0	1.35715	2.48747	2.00093	1.49136	2.34642	1.27214	0	1.41435	1.88274	1.97525	1.67695	2.10761	2.4974	2.0017	1.99521	1.74542	1.91905	1.61634	1.09013	1.56477	0	0	0	0	0	0	0	0	0	0	0	0	0	0	0	0	2.14914	1.60661	1.19001	2.91181	2.97271	2.19783	1.5058	1.57425	1.89026	1.40519	2.7973	1.57295	2.68352	2.46036	2.89442	0	0	0	1.05291	2.24458	0	1.64954	1.12332	1.09678	2.80839	1.26105	2.73116	0	0	0	0	0	0	0	0	0	0	0	0	2.9517	0	0	0	0	0	0	0	0	0	0	0	0	0	2.32842	1.73646	2.83195	1.46739	2.06368	1.24484	2.01485	2.43213	2.53117	2.25316	0	0	0	0	0	1.13869	2.48993	2.93896	0	0	0	0	0	0	0	0	0	0	0	2.95737	1.18096	2.86339	2.64423	0	0	0	0	0	2.35051	2.06193	0	0	1.13803	2.98203	2.90441	1.3446	2.96764	0	2.33794	1.86823	0	0	2.37022	2.73671	2.71755	1.8641	0	2.07263	2.43386	0	2.20303	2.23406	0	0	1.55492	1.77546	1.27262	2.13509	0	0	2.44415	1.5156	1.60186	2.59578	2.42715	2.36155	1.90907	2.16507	2.76771	1.65522	2.5936	1.23363	1.40122	2.49427	1.66834	0	0	0	2.27955	2.52597	0.970942	-0.0163269	0.708333	20.2597
2.3973	2.4123	2.45154	1.9861	2.50425	2.99173	1.01533	1.95594	1.04962	0	0	0	2.27335	0	1.35925	1.56778	2.35283	1.52693	1.00478	0	0	0	0	1.04424	2.63371	1.12305	0	0	0	0	0	1.58997	2.80698	1.35012	1.39601	2.22389	0	0	0	1.68185	1.25338	2.23268	2.82254	2.47682	2.4098	1.8754	2.66786	2.69525	1.65729	0	0	1.28396	1.54565	0	0	0	0	2.36041	2.88892	2.99663	2.93679	1.99581	1.92026	2.66999	1.70446	2.8711	2.83617	0	0	0	0	0	0	1.83553	1.10951	0	0	0	0	0	0	0	0	0	0	0	0	0	0	2.12834	0	0	0	0	2.75335	2.34944	1.29814	1.35127	1.46318	2.41746	2.80119	1.3458	1.0391	2.00416	1.88261	2.16878	1.201	1.4853	2.3956	2.49296	1.11255	1.62196	0	0	0	0	0	1.80322	2.98905	1.69266	0	0	0	0	1.26571	2.67261	2.92359	2.66575	2.97847	0	1.39435	1.06645	0	0	0	0	0	2.70273	0	0	0	0	0	0	0	0	0	0	1.93613	2.92926	1.38636	1.82873	0	0	0	0	1.40117	0	0	0	0	1.00947	2.33622	0	0	2.52256	1.64972	1.55205	1.07411	2.84811	1.5071	0	0	0	0	0	0	0	0	0	0	0	1.55554	0	0	2.32971	0	0	0	0	0	0	0	0	0	2.09499	2.5122	2.15051	1.18099	2.3053	2.48764	2.31491	2.9042	1.39301	0	0	0	1.10885	0	0	2.71715	2.68165	2.49531	2.52278	1.3032	1.80127	2.17285	1.29376	0	0	0	2.42025	2.59888	1.05935	1.61029	2.48105	1.67854	1.29343	0	0	0	0	0	0	1.39689	2.78818	0	0	0	2.71201	2.57866	2.24872	1.78538	0	0	0	0	0	0	2.52121	1.82087	2.81545	0	0	0	0	0	0	0	0	0	0	1.59683	2.65483	2.95182	0	0	0	0	0	0	0	0	0	0	0	0	0	0	0	0	0	0	0	0	0	1.35063	0	0	0	1.46422	1.4583	1.20688	0	0	0	0	1.11728	1.08139	0	2.96358	2.26841	1.28873	0	0	0	0	0	0	0	0	0	1.74355	1.96323	1.69789	1.404	1.32409	0	0	0	0	0	0	0	0	2.88777	0	2.84168	2.30329	2.57205	1.05385	2.75532	1.24218	1.50372	1.64162	2.89459	2.33694	2.66714	0	0	0	0	0	1.23574	1.22875	1.37342	2.10263	0	0	0	0	2.46194	0	0	0	0	0	1.52591	0	2.83476	1.56624	2.91853	0	0	0	1.5302	1.60176	1.7949	1.97285	1.70884	1.75852	2.13697	1.83044	1.66132	0	0	0	1.05867	2.59238	2.70689	1.1137	1.73435	1.4179	0	0	0	0	2.63035	2.77929	1.94495	1.89844	0	0	0	0	1.65853	2.89976	0	0	0	0	0	2.96032	2.23332	1.76987	2.38302	2.27054	2.85685	2.94518	0	0	0	0	0	0	0	0	0	0	0	0	0	0	0	1.53581	1.04836	1.34118	1.55998	1.33537	0	0	0	0	0	0	1.98091	2.58064	1.37002	0	1.2604	2.28184	2.0631	0	0	0	0	0	0	0	2.88582	0	0	0	2.99736	1.49895	0	0	0	2.20261	1.7816	1.79347	1.4209	1.78015	1.47804	2.8151	1.19778	0	0	0	0	0	0	1.35715	2.48747	2.00093	1.49136	2.34642	1.27214	0	1.41435	1.88274	1.19178	1.67695	2.10761	2.4974	2.0017	1.99521	1.74542	1.91905	1.61634	1.09013	1.56477	0	0	2.02828	0	0	0	0	0	0	0	0	0	0	0	0	1.60848	2.14914	1.60661	1.19001	2.91181	2.97271	2.19783	1.5058	1.57425	1.89026	1.40519	2.7973	1.57295	0	2.46036	2.89442	0	0	0	1.05291	2.24458	0	1.64954	1.12332	1.09678	2.80839	2.21684	2.73116	0	0	0	0	0	0	0	0	0	0	0	1.35716	2.9517	0	0	0	0	0	0	0	0	0	0	0	0	0	2.32842	1.73646	2.83195	1.46739	2.06368	1.24484	2.01485	2.43213	2.53117	2.25316	0	0	0	0	0	1.13869	2.48993	2.93896	0	0	0	0	0	0	0	0	0	0	0	2.95737	1.18096	2.86339	2.64423	0	0	0	0	1.7561	2.35051	2.06193	0	0	1.13803	2.98203	2.90441	1.3446	2.96764	0	2.33794	1.86823	0	0	2.37022	2.73671	2.71755	1.8641	0	2.07263	2.43386	0	2.20303	2.23406	0	2.6521	1.55492	1.77546	1.27262	2.13509	0	0	2.44415	1.5156	1.60186	2.59578	2.42715	2.36155	1.63096	2.16507	2.76771	1.65522	2.5936	1.23363	1.40122	2.49427	1.66834	0	0	0	2.27955	0.935016	-0.0173727	0.714286	21.5292
1.21173	2.3973	2.4123	2.45154	1.9861	2.50425	2.99173	1.01533	1.95594	1.04962	0	0	0	0	0	1.35925	1.56778	2.35283	1.52693	1.00478	0	0	0	0	1.04424	2.63371	0	0	0	0	0	0	1.58997	2.80698	1.35012	1.39601	2.22389	0	0	1.25063	1.68185	1.25338	2.23268	2.82254	2.47682	2.4098	1.8754	2.66786	2.69525	1.65729	0	0	1.16186	1.54565	0	0	0	0	2.36041	2.88892	2.99663	2.93679	1.99581	1.92026	2.66999	2.95772	2.8711	2.83617	0	0	0	0	0	0	1.83553	1.10951	0	0	0	0	0	0	0	0	0	0	0	0	0	0	2.12834	2.10699	0	0	0	2.75335	2.34944	1.29814	1.35127	1.46318	2.41746	2.80119	1.3458	1.0391	1.55782	1.88261	2.16878	1.201	1.4853	2.3956	2.49296	1.11255	1.62196	0	0	0	0	0	1.80322	2.98905	1.69266	0	0	0	0	1.26571	2.67261	2.92359	2.66575	2.97847	2.681	1.39435	1.06645	0	0	0	0	0	2.70273	0	0	0	0	0	0	0	0	0	0	1.93613	2.92926	1.38636	1.82873	0	0	0	2.76785	1.40117	0	0	0	0	1.00947	2.33622	0	0	2.52256	1.64972	1.55205	0	2.84811	1.5071	0	0	0	0	0	0	0	0	0	0	1.17661	1.55554	0	0	2.32971	0	0	0	0	0	0	0	0	1.66096	2.09499	2.5122	2.15051	1.18099	2.3053	2.48764	2.31491	2.9042	1.39301	0	0	0	0	0	0	2.71715	2.68165	2.49531	2.52278	1.3032	1.80127	2.17285	1.29376	0	0	0	2.42025	2.59888	1.05935	1.61029	2.48105	1.67854	1.29343	0	0	0	0	0	2.17126	1.39689	2.78818	0	0	0	2.71201	2.57866	2.24872	1.78538	0	0	0	0	0	0	2.52121	1.82087	2.81545	0	0	0	0	0	0	0	0	0	0	1.59683	2.65483	2.95182	0	0	0	0	0	0	0	0	0	0	0	0	0	0	0	0	0	0	0	0	0	1.35063	0	0	0	1.46422	1.4583	1.20688	0	0	0	0	1.11728	0	0	2.96358	2.26841	1.28873	0	0	0	0	0	0	0	0	0	1.74355	1.96323	1.69789	1.404	1.32409	0	0	0	0	0	0	0	1.8253	2.88777	0	2.84168	2.30329	2.57205	1.05385	2.75532	1.24218	1.50372	1.64162	2.89459	2.33694	0	0	0	0	0	0	1.23574	1.22875	1.37342	2.10263	0	0	0	2.44399	2.46194	0	0	0	0	0	1.52591	0	2.83476	1.56624	2.91853	0	0	0	1.5302	1.60176	1.7949	1.97285	1.70884	1.75852	2.13697	1.83044	1.66132	0	0	1.30019	1.05867	2.59238	2.70689	1.1137	1.73435	1.4179	0	0	0	0	2.63035	2.77929	2.77107	1.89844	0	0	0	0	1.65853	2.89976	0	0	0	0	0	0	2.23332	1.76987	2.38302	2.27054	2.85685	2.94518	0	0	0	0	0	0	0	0	0	0	0	0	0	0	0	1.53581	1.04836	1.34118	1.55998	0	0	0	0	0	0	0	1.98091	2.58064	1.37002	0	1.2604	2.28184	0	0	0	0	0	0	0	0	2.88582	0	0	0	2.99736	0	0	0	0	2.20261	1.7816	1.79347	1.4209	1.78015	1.47804	2.8151	1.19778	0	0	0	0	0	0	1.35715	2.48747	2.00093	1.49136	2.34642	1.27214	0	1.41435	0	1.19178	1.67695	2.10761	2.4974	2.0017	1.99521	1.74542	1.91905	1.61634	1.09013	1.56477	0	0	2.02828	0	0	0	0	0	0	0	0	0	0	0	1.27505	1.60848	2.14914	1.60661	1.19001	2.91181	2.97271	2.19783	1.5058	1.57425	1.89026	1.40519	2.7973	0	0	2.46036	2.89442	0	0	0	1.05291	2.24458	0	1.64954	1.12332	1.09678	2.0325	2.21684	2.73116	0	0	0	0	0	0	0	0	0	0	2.60121	1.35716	2.9517	0	0	0	0	0	0	0	0	0	0	0	0	0	2.32842	1.73646	2.83195	1.46739	2.06368	1.24484	2.01485	2.43213	2.53117	2.25316	0	0	0	0	0	1.13869	2.48993	2.93896	0	0	0	0	0	0	0	0	0	0	0	2.95737	1.18096	2.86339	2.64423	0	0	0	1.34173	1.7561	2.35051	2.06193	0	0	1.13803	2.98203	2.90441	1.3446	2.96764	0	2.33794	0	0	0	2.37022	2.73671	2.71755	1.8641	0	2.07263	2.43386	0	2.20303	2.23406	1.96935	2.6521	1.55492	1.77546	1.27262	2.13509	0	0	2.44415	1.5156	1.60186	2.59578	2.42715	0	1.63096	2.16507	2.76771	1.65522	2.5936	1.23363	1.40122	2.49427	1.66834	0	0	0	0.885456	0.00408848	0.720238	20.0347
1.69842	1.21173	2.3973	2.4123	2.45154	1.9861	2.50425	2.99173	1.01533	1.95594	1.04962	0	0	1.53031	0	0	1.35925	1.56778	2.35283	1.52693	1.00478	0	0	0	0	1.04424	1.25233	0	0	0	0	0	0	1.58997	2.80698	1.35012	1.39601	2.22389	0	2.32096	1.25063	1.68185	1.25338	2.23268	2.82254	2.47682	2.4098	1.8754	2.66786	2.69525	1.65729	0	2.26226	1.16186	1.54565	0	0	0	0	2.36041	2.88892	2.99663	2.93679	1.99581	1.92026	2.76476	2.95772	2.8711	2.83617	0	0	0	0	0	0	1.83553	1.10951	0	0	0	0	0	0	0	0	0	0	0	0	0	0	2.80769	2.10699	0	0	0	2.75335	2.34944	1.29814	1.35127	1.46318	2.41746	2.80119	1.3458	2.54575	1.55782	1.88261	2.16878	1.201	1.4853	2.3956	2.49296	1.11255	1.62196	0	0	0	0	0	1.80322	2.98905	1.69266	0	0	0	0	1.26571	2.67261	2.92359	2.66575	2.60024	2.681	1.39435	1.06645	0	0	0	0	0	2.70273	0	0	0	0	0	0	0	0	0	0	1.93613	2.92926	1.38636	1.82873	0	0	0	2.76785	1.40117	0	0	0	0	1.00947	2.33622	0	0	2.52256	1.64972	0	0	2.84811	1.5071	0	0	0	0	0	0	0	0	0	2.4969	1.17661	1.55554	0	0	2.32971	0	0	0	0	0	0	0	1.4101	1.66096	2.09499	2.5122	2.15051	1.18099	2.3053	2.48764	2.31491	2.9042	1.39301	0	0	0	0	0	0	2.71715	2.68165	2.49531	2.52278	1.3032	1.80127	2.17285	1.29376	0	0	0	2.42025	2.59888	1.05935	1.61029	2.48105	1.67854	1.29343	0	0	0	0	2.39517	2.17126	1.39689	2.78818	0	0	0	2.71201	2.57866	2.24872	1.78538	0	0	0	0	0	0	2.52121	1.82087	2.81545	0	0	0	0	0	0	2.57667	0	0	0	1.59683	2.65483	2.95182	0	0	0	0	0	0	2.9061	0	0	0	0	0	0	0	0	0	0	0	0	0	0	1.35063	0	0	0	1.46422	1.4583	1.20688	0	0	0	0	0	0	0	2.96358	2.26841	1.28873	0	0	0	0	0	0	0	0	0	1.74355	1.96323	1.69789	1.404	1.32409	0	0	0	0	0	0	2.58852	1.8253	2.88777	0	2.84168	2.30329	2.57205	1.05385	2.75532	1.24218	1.50372	1.64162	2.89459	2.41035	0	0	0	0	0	0	1.23574	1.22875	1.37342	2.10263	0	0	1.28782	2.44399	2.46194	0	0	0	0	0	1.52591	0	2.83476	1.56624	2.91853	0	0	0	1.5302	1.60176	1.7949	1.97285	1.70884	1.75852	2.13697	1.83044	1.66132	0	1.56093	1.30019	1.05867	2.59238	2.70689	1.1137	1.73435	1.4179	0	0	0	0	2.63035	2.74646	2.77107	1.89844	0	0	0	0	1.65853	2.89976	0	0	0	0	0	0	2.23332	1.76987	2.38302	2.27054	2.85685	2.94518	0	0	0	0	0	0	0	0	0	0	0	0	0	0	0	1.53581	1.04836	1.34118	0	0	0	0	0	0	0	0	1.98091	2.58064	1.37002	0	1.2604	0	0	0	0	0	0	0	0	0	2.88582	0	0	0	0	0	0	0	0	2.20261	1.7816	1.79347	1.4209	1.78015	1.47804	2.8151	1.19778	0	0	0	0	0	0	1.35715	2.48747	2.00093	1.49136	2.34642	1.27214	0	0	0	1.19178	1.67695	2.10761	2.4974	2.0017	1.99521	1.74542	1.91905	1.61634	1.09013	1.56477	2.34233	0	2.02828	0	0	0	0	0	0	0	0	0	0	1.17584	1.27505	1.60848	2.14914	1.60661	1.19001	2.91181	2.97271	2.19783	1.5058	1.57425	1.89026	1.40519	2.77222	0	0	2.46036	2.89442	0	0	0	1.05291	2.24458	0	1.64954	1.12332	1.3733	2.0325	2.21684	2.73116	0	0	0	0	0	0	0	0	0	0	2.60121	1.35716	2.9517	0	0	0	0	0	0	0	0	0	2.16449	0	0	0	2.32842	1.73646	2.83195	1.46739	2.06368	1.24484	2.01485	2.43213	2.53117	0	0	0	0	0	0	1.13869	2.48993	2.93896	0	0	0	0	0	0	0	0	0	0	0	2.95737	1.18096	2.86339	2.64423	0	0	2.80792	1.34173	1.7561	2.35051	2.06193	0	0	1.13803	2.98203	2.90441	1.3446	2.96764	0	0	0	0	0	2.37022	2.73671	2.71755	1.8641	0	2.07263	2.43386	0	2.20303	0	1.96935	2.6521	1.55492	1.77546	1.27262	2.13509	0	0	2.44415	1.5156	1.60186	2.59578	0	0	1.63096	2.16507	2.76771	1.65522	2.5936	1.23363	1.40122	2.49427	1.66834	0	0	0.822984	-0.0136425	0.72619	21.0106
2.19651	1.69842	1.21173	2.3973	2.4123	2.45154	1.9861	2.50425	2.99173	1.01533	1.95594	1.04962	0	1.38051	1.53031	0	0	1.35925	1.56778	2.35283	1.52693	1.00478	0	0	0	0	2.67671	1.25233	0	0	0	0	0	0	1.58997	2.80698	1.35012	1.39601	2.22389	2.06186	2.32096	1.25063	1.68185	1.25338	2.23268	2.82254	2.47682	2.4098	1.8754	2.66786	2.69525	1.65729	2.80043	2.26226	1.16186	1.54565	0	0	0	0	2.36041	2.88892	2.99663	2.93679	1.99581	2.85204	2.76476	2.95772	2.8711	2.83617	0	0	0	0	0	0	1.83553	1.10951	0	0	0	0	0	0	0	0	0	0	0	0	0	1.54896	2.80769	2.10699	0	0	0	2.75335	2.34944	1.29814	1.35127	1.46318	2.41746	2.80119	2.75103	2.54575	1.55782	1.88261	2.16878	1.201	1.4853	2.3956	2.49296	1.11255	1.62196	0	0	0	0	0	1.80322	2.98905	1.69266	0	0	0	0	1.26571	2.67261	2.92359	1.44311	2.60024	2.681	1.39435	1.06645	0	0	0	0	0	2.70273	0	0	0	0	0	0	0	0	0	0	1.93613	2.92926	1.38636	1.82873	0	0	0	2.76785	1.40117	0	0	0	0	1.00947	2.33622	0	0	2.52256	0	0	0	2.84811	1.5071	0	0	0	0	0	0	0	0	2.72022	2.4969	1.17661	1.55554	0	0	2.32971	0	0	0	0	0	0	1.22616	1.4101	1.66096	2.09499	2.5122	2.15051	1.18099	2.3053	2.48764	2.31491	2.9042	1.39301	0	2.69419	0	0	0	0	2.71715	2.68165	2.49531	2.52278	1.3032	1.80127	2.17285	1.29376	1.61305	0	0	2.42025	2.59888	1.05935	1.61029	2.48105	1.67854	1.29343	0	0	0	1.31644	2.39517	2.17126	1.39689	2.78818	0	0	0	2.71201	2.57866	2.24872	1.78538	0	0	0	0	0	0	2.52121	1.82087	2.81545	0	0	0	0	0	0	2.57667	0	0	0	1.59683	2.65483	2.95182	0	0	0	0	0	1.02126	2.9061	0	0	0	0	0	0	0	0	0	0	0	0	0	0	1.35063	0	0	0	1.46422	1.4583	1.20688	0	0	0	0	0	0	0	2.96358	2.26841	1.28873	0	0	0	0	0	0	0	0	0	1.74355	1.96323	1.69789	1.404	1.32409	0	0	0	0	0	0	2.58852	1.8253	2.88777	0	2.84168	2.30329	2.57205	1.05385	2.75532	1.24218	1.50372	1.64162	0	2.41035	0	0	0	0	0	0	1.23574	1.22875	1.37342	2.10263	0	2.83528	1.28782	2.44399	2.46194	0	0	0	0	0	1.52591	0	2.83476	1.56624	0	0	0	0	1.5302	1.60176	1.7949	1.97285	1.70884	1.75852	2.13697	1.83044	1.66132	2.9552	1.56093	1.30019	1.05867	2.59238	2.70689	1.1137	1.73435	1.4179	0	0	0	0	1.79227	2.74646	2.77107	1.89844	0	0	0	0	1.65853	2.89976	0	0	0	0	0	0	2.23332	1.76987	2.38302	2.27054	2.85685	2.94518	0	0	0	0	2.89221	0	0	0	0	0	0	0	0	0	0	1.53581	1.04836	0	0	0	0	0	0	0	0	0	1.98091	2.58064	1.37002	0	0	0	0	0	0	0	0	0	0	0	2.88582	0	0	0	0	0	0	0	0	2.20261	1.7816	1.79347	1.4209	1.78015	1.47804	2.8151	0	0	0	0	0	0	0	1.35715	2.48747	2.00093	1.49136	2.34642	1.27214	1.67966	0	0	1.19178	1.67695	2.10761	2.4974	2.0017	1.99521	1.74542	1.91905	1.61634	1.09013	1.09655	2.34233	0	2.02828	0	0	0	0	0	0	0	0	0	2.56039	1.17584	1.27505	1.60848	2.14914	1.60661	1.19001	2.91181	2.97271	2.19783	1.5058	1.57425	1.89026	1.95545	2.77222	0	0	2.46036	2.89442	0	0	0	1.05291	2.24458	0	1.64954	1.1614	1.3733	2.0325	2.21684	2.73116	0	0	0	0	0	0	0	0	0	0	2.60121	1.35716	2.9517	0	0	0	0	0	0	0	0	1.61025	2.16449	0	0	0	2.32842	1.73646	2.83195	1.46739	2.06368	1.24484	2.01485	2.43213	1.2684	0	0	0	0	0	0	1.13869	2.48993	2.93896	0	0	0	0	0	0	0	0	0	0	0	2.95737	1.18096	2.86339	2.64423	0	1.68112	2.80792	1.34173	1.7561	2.35051	2.06193	0	0	1.13803	2.98203	2.90441	1.3446	2.96764	0	0	0	0	0	2.37022	2.73671	2.71755	1.8641	0	2.07263	2.43386	0	1.92121	0	1.96935	2.6521	1.55492	1.77546	1.27262	2.13509	0	0	2.44415	1.5156	1.60186	0	0	0	1.63096	2.16507	2.76771	1.65522	2.5936	1.23363	1.40122	2.49427	1.66834	0	0.748511	0.0837415	0.732143	21.0319
1.91703	2.19651	1.69842	1.21173	2.3973	2.4123	2.45154	1.9861	2.50425	2.99173	1.01533	1.95594	1.04962	1.03164	1.38051	1.53031	0	0	1.35925	1.56778	2.35283	1.52693	1.00478	0	0	0	1.50171	2.67671	1.25233	0	0	0	0	0	0	1.58997	2.80698	1.35012	1.39601	1.33317	2.06186	2.32096	1.25063	1.68185	1.25338	2.23268	2.82254	2.47682	2.4098	1.8754	2.66786	2.69525	1.35777	2.80043	2.26226	1.16186	1.54565	0	0	0	0	2.36041	2.88892	2.99663	2.93679	1.17039	2.85204	2.76476	2.95772	2.8711	2.83617	0	0	0	0	0	0	1.83553	0	0	0	0	0	0	0	0	0	0	0	0	0	0	1.54896	2.80769	2.10699	0	0	0	2.75335	2.34944	1.29814	1.35127	1.46318	2.41746	2.18119	2.75103	2.54575	1.55782	1.88261	2.16878	1.201	1.4853	2.3956	2.49296	1.11255	1.62196	0	0	0	0	0	1.80322	2.98905	1.69266	0	0	0	0	1.26571	2.67261	0	1.44311	2.60024	2.681	1.39435	1.06645	0	0	0	0	0	2.70273	0	0	0	0	0	0	0	0	0	0	1.93613	2.92926	1.38636	1.82873	0	0	0	2.76785	1.40117	0	0	0	0	1.00947	2.33622	0	0	1.26599	0	0	0	2.84811	1.5071	0	0	0	0	0	0	0	2.52307	2.72022	2.4969	1.17661	1.55554	0	0	2.32971	0	0	0	0	0	2.26704	1.22616	1.4101	1.66096	2.09499	2.5122	2.15051	1.18099	2.3053	2.48764	2.31491	2.9042	1.39301	1.63832	2.69419	0	0	0	0	2.71715	2.68165	2.49531	2.52278	1.3032	1.80127	2.17285	0	1.61305	0	0	2.42025	2.59888	1.05935	1.61029	2.48105	1.67854	1.29343	0	0	2.87489	1.31644	2.39517	2.17126	1.39689	2.78818	0	0	0	2.71201	2.57866	2.24872	1.78538	0	0	0	0	0	0	2.52121	1.82087	2.81545	0	0	0	0	0	0	2.57667	0	0	0	1.59683	2.65483	2.95182	0	0	0	0	0	1.02126	2.9061	0	0	0	0	0	0	0	0	0	0	0	0	0	0	1.35063	0	0	0	1.46422	1.4583	1.20688	0	0	0	0	0	0	0	2.96358	2.26841	1.28873	0	0	0	0	0	0	0	0	0	1.74355	1.96323	1.69789	1.404	1.32409	0	0	0	0	0	0	2.58852	1.8253	2.88777	0	2.84168	2.30329	2.57205	1.05385	2.75532	1.24218	1.50372	0	0	2.41035	0	0	0	0	0	0	1.23574	1.22875	1.37342	2.10263	1.1282	2.83528	1.28782	2.44399	2.46194	0	0	0	0	0	1.52591	0	2.83476	0	0	0	0	0	1.5302	1.60176	1.7949	1.97285	1.70884	1.75852	2.13697	1.83044	0	2.9552	1.56093	1.30019	1.05867	2.59238	2.70689	1.1137	1.73435	1.4179	0	0	0	2.60835	1.79227	2.74646	2.77107	1.89844	0	0	0	0	1.65853	2.89976	0	0	0	0	0	0	2.23332	1.76987	2.38302	2.27054	2.85685	2.94518	0	0	0	0	2.89221	0	0	0	0	0	0	0	0	0	0	1.53581	0	0	0	0	0	0	0	0	0	0	1.98091	2.58064	1.37002	0	0	0	0	0	0	0	0	0	0	0	2.88582	0	2.00745	0	0	0	0	0	0	2.20261	1.7816	1.79347	1.4209	1.78015	1.47804	0	0	0	0	0	0	0	0	1.35715	2.48747	2.00093	1.49136	2.34642	1.21919	1.67966	0	0	1.19178	1.67695	2.10761	2.4974	2.0017	1.99521	1.74542	1.91905	1.61634	0	1.09655	2.34233	0	2.02828	0	0	0	0	0	0	0	0	1.7038	2.56039	1.17584	1.27505	1.60848	2.14914	1.60661	1.19001	2.91181	2.97271	2.19783	1.5058	1.57425	2.11927	1.95545	2.77222	0	0	2.46036	2.89442	0	0	0	1.05291	2.24458	0	2.5589	1.1614	1.3733	2.0325	2.21684	2.73116	0	0	0	0	0	0	0	0	0	0	2.60121	1.35716	2.9517	0	0	0	0	0	0	0	1.62355	1.61025	2.16449	0	0	0	2.32842	1.73646	2.83195	1.46739	2.06368	1.24484	2.01485	2.98147	1.2684	0	0	0	0	0	0	1.13869	2.48993	2.93896	0	0	2.78852	0	0	0	0	0	0	0	0	2.95737	1.18096	2.86339	2.64423	1.7734	1.68112	2.80792	1.34173	1.7561	2.35051	2.06193	0	0	1.13803	2.98203	2.90441	1.3446	0	0	0	0	0	0	2.37022	2.73671	2.71755	1.8641	0	2.07263	2.43386	2.48651	1.92121	0	1.96935	2.6521	1.55492	1.77546	1.27262	2.13509	0	0	2.44415	1.5156	0	0	0	0	1.63096	2.16507	2.76771	1.65522	2.5936	1.23363	1.40122	2.49427	1.66834	0.663123	0.090372	0.738095	19.3649
2.28054	1.91703	2.19651	1.69842	1.21173	2.3973	2.4123	2.45154	1.9861	2.50425	2.99173	1.01533	1.95594	1.23625	1.03164	1.38051	1.53031	0	0	1.35925	1.56778	2.35283	1.52693	1.00478	0	0	1.40977	1.50171	2.67671	1.25233	0	0	0	0	0	0	1.58997	2.80698	1.35012	1.57609	1.33317	2.06186	2.32096	1.25063	1.68185	1.25338	2.23268	2.82254	2.47682	2.4098	1.8754	2.66786	1.06467	1.35777	2.80043	2.26226	1.16186	1.54565	0	0	0	0	2.36041	2.88892	2.99663	2.75217	1.17039	2.85204	2.76476	2.95772	2.8711	2.83617	0	0	0	0	0	0	0	0	0	0	0	0	0	0	0	0	0	0	0	0	0	1.54896	2.80769	2.10699	0	0	0	2.75335	2.34944	1.29814	1.35127	1.46318	2.92489	2.18119	2.75103	2.54575	1.55782	1.88261	2.16878	1.201	1.4853	2.3956	2.49296	1.11255	1.62196	0	0	0	0	0	1.80322	2.98905	1.69266	0	0	0	0	1.26571	0	0	1.44311	2.60024	2.681	1.39435	1.06645	0	0	0	0	0	2.70273	0	0	0	0	0	0	0	0	0	0	1.93613	2.92926	1.38636	2.46435	0	0	0	2.76785	1.40117	0	0	0	0	1.00947	2.33622	0	2.20245	1.26599	0	0	0	2.84811	1.5071	0	0	0	0	0	0	1.51114	2.52307	2.72022	2.4969	1.17661	1.55554	0	0	2.32971	0	0	0	0	1.12248	2.26704	1.22616	1.4101	1.66096	2.09499	2.5122	2.15051	1.18099	2.3053	2.48764	2.31491	2.9042	1.76605	1.63832	2.69419	0	0	0	0	2.71715	2.68165	2.49531	2.52278	1.3032	1.80127	0	0	1.61305	0	0	2.42025	2.59888	1.05935	1.61029	2.48105	1.67854	1.29343	0	1.38673	2.87489	1.31644	2.39517	2.17126	1.39689	2.78818	0	0	0	2.71201	2.57866	2.24872	0	0	0	0	0	0	0	2.52121	1.82087	2.81545	0	0	0	2.27128	0	0	2.57667	0	0	0	1.59683	2.65483	2.95182	0	0	0	2.96081	0	1.02126	2.9061	0	0	0	0	0	0	0	0	0	0	0	0	0	0	1.35063	0	0	0	1.46422	1.4583	1.20688	0	0	0	0	0	0	0	2.96358	2.26841	1.28873	0	0	0	0	0	0	0	0	0	1.74355	1.96323	1.69789	1.404	1.32409	0	0	0	0	0	0	2.58852	1.8253	2.88777	0	2.84168	2.30329	2.57205	1.05385	2.75532	1.24218	1.62443	0	0	2.41035	0	0	0	0	0	0	1.23574	1.22875	1.37342	0	1.1282	2.83528	1.28782	2.44399	2.46194	0	0	0	0	0	1.52591	0	0	0	0	0	0	0	1.5302	1.60176	1.7949	1.97285	1.70884	1.75852	2.13697	0	0	2.9552	1.56093	1.30019	1.05867	2.59238	2.70689	1.1137	1.73435	1.4179	0	0	2.93635	2.60835	1.79227	2.74646	2.77107	1.89844	0	0	0	0	1.65853	2.89976	0	0	0	0	0	0	2.23332	1.76987	2.38302	2.27054	2.85685	2.94518	0	0	0	0	2.89221	0	0	0	0	0	0	0	0	0	0	0	0	0	0	0	0	0	0	0	0	0	1.98091	2.58064	0	0	0	0	0	0	0	0	0	0	0	0	2.88582	0	2.00745	0	0	0	0	0	0	2.20261	1.7816	1.79347	1.4209	1.78015	0	0	0	0	0	0	0	0	0	1.35715	2.48747	2.00093	1.49136	0	1.21919	1.67966	0	0	1.19178	1.67695	2.10761	2.4974	2.0017	1.99521	1.74542	1.91905	0	0	1.09655	2.34233	0	2.02828	0	0	0	0	0	0	0	1.39474	1.7038	2.56039	1.17584	1.27505	1.60848	2.14914	1.60661	1.19001	2.91181	2.97271	2.19783	1.5058	2.10256	2.11927	1.95545	2.77222	0	0	2.46036	2.89442	0	0	0	1.05291	2.24458	0	2.5589	1.1614	1.3733	2.0325	2.21684	2.73116	0	0	0	0	0	0	0	0	0	0	2.60121	1.35716	2.9517	0	0	0	0	0	0	1.43944	1.62355	1.61025	2.16449	0	0	0	2.32842	1.73646	2.83195	1.46739	2.06368	1.24484	1.52793	2.98147	1.2684	0	0	0	0	0	0	1.13869	2.48993	2.93896	0	0	2.78852	0	0	0	0	0	0	0	0	2.95737	1.18096	2.86339	2.56696	1.7734	1.68112	2.80792	1.34173	1.7561	2.35051	2.06193	0	0	1.13803	2.98203	2.90441	0	0	0	0	0	0	0	2.37022	2.73671	2.71755	1.8641	0	2.07263	0	2.48651	1.92121	0	1.96935	2.6521	1.55492	1.77546	1.27262	2.13509	0	0	2.44415	0	0	0	0	0	1.63096	2.16507	2.76771	1.65522	2.5936	1.23363	1.40122	2.49427	0.568065	0.131816	0.744048	19.0686
0	2.28054	1.91703	2.19651	1.69842	1.21173	2.3973	2.4123	2.45154	1.9861	2.50425	2.99173	1.01533	0	1.23625	1.03164	1.38051	1.53031	0	0	1.35925	1.56778	2.35283	1.52693	1.00478	0	2.75302	1.40977	1.50171	2.67671	1.25233	0	0	0	0	0	0	1.58997	2.80698	2.18221	1.57609	1.33317	2.06186	2.32096	1.25063	1.68185	1.25338	2.23268	2.82254	2.47682	2.4098	1.8754	1.90655	1.06467	1.35777	2.80043	2.26226	1.16186	1.54565	0	0	0	0	2.36041	2.88892	0	2.75217	1.17039	2.85204	2.76476	2.95772	2.8711	2.83617	0	0	0	0	0	0	0	0	0	0	0	0	0	0	0	0	0	0	0	0	0	1.54896	2.80769	2.10699	0	0	0	2.75335	2.34944	1.29814	1.35127	1.17503	2.92489	2.18119	2.75103	2.54575	1.55782	1.88261	2.16878	1.201	1.4853	2.3956	2.49296	1.11255	0	0	0	0	0	0	1.80322	2.98905	1.69266	0	0	0	0	0	0	0	1.44311	2.60024	2.681	1.39435	1.06645	0	0	0	0	0	0	0	0	0	0	0	0	0	0	0	0	1.93613	2.92926	2.13221	2.46435	0	0	0	2.76785	1.40117	0	0	0	0	1.00947	2.33622	1.83892	2.20245	1.26599	0	0	0	2.84811	1.5071	0	0	0	0	0	2.23175	1.51114	2.52307	2.72022	2.4969	1.17661	1.55554	0	0	2.32971	0	0	0	2.18961	1.12248	2.26704	1.22616	1.4101	1.66096	2.09499	2.5122	2.15051	1.18099	2.3053	2.48764	2.31491	1.99651	1.76605	1.63832	2.69419	0	0	0	0	2.71715	2.68165	2.49531	2.52278	1.3032	0	0	0	1.61305	0	0	2.42025	2.59888	1.05935	1.61029	2.48105	1.67854	1.29343	2.02789	1.38673	2.87489	1.31644	2.39517	2.17126	1.39689	2.78818	0	0	0	2.71201	2.57866	0	0	0	0	0	0	0	0	2.52121	1.82087	2.81545	0	0	1.0791	2.27128	0	0	2.57667	0	0	0	1.59683	2.65483	2.95182	0	0	2.34715	2.96081	0	1.02126	2.9061	0	0	0	0	0	0	0	0	0	0	0	0	0	0	1.35063	0	0	0	1.46422	1.4583	1.20688	0	0	0	0	0	0	0	2.96358	2.26841	1.28873	0	0	0	0	0	0	0	0	0	1.74355	1.96323	1.69789	1.404	1.32409	0	0	0	0	0	0	2.58852	1.8253	2.88777	0	2.84168	2.30329	2.57205	1.05385	2.75532	2.48684	1.62443	0	0	2.41035	0	0	0	0	0	0	1.23574	1.22875	0	0	1.1282	2.83528	1.28782	2.44399	2.46194	0	0	0	0	0	1.52591	0	0	0	0	0	0	0	1.5302	1.60176	1.7949	1.97285	1.70884	1.75852	1.68891	0	0	2.9552	1.56093	1.30019	1.05867	2.59238	2.70689	1.1137	1.73435	1.4179	0	0	2.93635	2.60835	1.79227	2.74646	2.77107	1.89844	0	0	0	0	1.65853	2.89976	0	0	0	0	0	0	2.23332	1.76987	2.38302	2.27054	2.85685	2.94518	0	0	0	0	2.89221	0	0	0	0	0	0	0	0	0	0	0	0	0	0	0	0	0	0	0	0	0	1.98091	0	0	0	0	0	0	0	0	0	0	0	0	0	2.09022	0	2.00745	0	0	0	0	0	0	2.20261	1.7816	1.79347	1.4209	0	0	0	0	0	0	0	0	0	0	1.35715	2.48747	2.00093	0	0	1.21919	1.67966	0	0	1.19178	1.67695	2.10761	2.4974	2.0017	1.99521	1.74542	0	0	0	1.09655	2.34233	0	2.02828	0	0	0	0	0	0	2.63494	1.39474	1.7038	2.56039	1.17584	1.27505	1.60848	2.14914	1.60661	1.19001	2.91181	2.97271	2.19783	1.3256	2.10256	2.11927	1.95545	2.77222	0	0	2.46036	2.89442	0	0	0	1.05291	0	0	2.5589	1.1614	1.3733	2.0325	2.21684	2.73116	0	0	0	0	0	0	0	0	0	0	2.60121	1.35716	2.9517	0	0	0	0	0	0	1.43944	1.62355	1.61025	2.16449	0	0	0	2.32842	1.73646	2.83195	1.46739	2.06368	1.47017	1.52793	2.98147	1.2684	0	0	0	0	0	0	1.13869	2.48993	2.93896	0	0	2.78852	0	0	0	0	0	0	0	0	2.95737	1.18096	0	2.56696	1.7734	1.68112	2.80792	1.34173	1.7561	2.35051	2.06193	0	0	1.13803	2.98203	0	0	0	0	0	0	0	0	2.37022	2.73671	2.71755	1.8641	0	0	0	2.48651	1.92121	0	1.96935	2.6521	1.55492	1.77546	1.27262	2.13509	0	0	0	0	0	0	0	0	1.63096	2.16507	2.76771	1.65522	2.5936	1.23363	1.40122	0.464723	0.204794	0.75	17.8663
0	0	2.28054	1.91703	2.19651	1.69842	1.21173	2.3973	2.4123	2.45154	1.9861	2.50425	2.99173	0	0	1.23625	1.03164	1.38051	1.53031	0	0	1.35925	1.56778	2.35283	1.52693	1.00478	1.73358	2.75302	1.40977	1.50171	2.67671	1.25233	0	0	0	0	0	0	1.58997	0	2.18221	1.57609	1.33317	2.06186	2.32096	1.25063	1.68185	1.25338	2.23268	2.82254	2.47682	2.4098	2.49745	1.90655	1.06467	1.35777	2.80043	2.26226	1.16186	1.54565	0	0	0	0	2.36041	0	0	2.75217	1.17039	2.85204	2.76476	2.95772	2.8711	2.83617	0	0	0	0	0	0	0	0	0	0	0	0	0	0	0	0	0	0	0	0	0	1.54896	2.80769	2.10699	0	0	0	2.75335	2.34944	1.29814	2.42646	1.17503	2.92489	2.18119	2.75103	2.54575	1.55782	1.88261	2.16878	1.201	1.4853	2.3956	2.49296	0	0	0	0	0	0	0	1.80322	2.98905	1.69266	0	0	0	0	0	0	0	1.44311	2.60024	2.681	1.39435	1.06645	0	0	0	0	0	0	0	0	0	0	0	0	0	0	0	0	1.93613	2.10009	2.13221	2.46435	0	0	0	2.76785	1.40117	0	0	0	0	1.00947	2.06955	1.83892	2.20245	1.26599	0	0	0	2.84811	1.5071	0	0	0	0	0	2.23175	1.51114	2.52307	2.72022	2.4969	1.17661	1.55554	0	0	2.32971	0	0	0	2.18961	1.12248	2.26704	1.22616	1.4101	1.66096	2.09499	2.5122	2.15051	1.18099	2.3053	2.48764	1.34876	1.99651	1.76605	1.63832	2.69419	0	0	0	0	2.71715	2.68165	2.49531	2.52278	0	0	0	0	1.61305	0	0	2.42025	2.59888	1.05935	1.61029	2.48105	1.67854	1.11573	2.02789	1.38673	2.87489	1.31644	2.39517	2.17126	1.39689	2.78818	0	0	0	2.71201	0	0	0	0	0	0	0	0	0	2.52121	1.82087	2.81545	0	0	1.0791	2.27128	0	0	2.57667	0	0	0	1.59683	2.65483	2.95182	0	1.18185	2.34715	2.96081	0	1.02126	2.9061	0	0	0	0	0	0	0	0	0	0	0	0	0	0	1.35063	0	0	0	1.46422	1.4583	0	0	0	0	0	0	0	0	2.96358	2.26841	1.28873	0	0	0	0	0	0	0	0	0	1.74355	1.96323	1.69789	1.404	1.32409	0	0	0	0	0	0	2.58852	1.8253	2.88777	0	2.84168	2.30329	2.57205	1.05385	0	2.48684	1.62443	0	0	2.41035	0	0	0	0	0	0	1.23574	0	0	0	1.1282	2.83528	1.28782	2.44399	2.46194	0	0	0	0	0	0	0	0	0	0	0	0	0	1.5302	1.60176	1.7949	1.97285	1.70884	1.68485	1.68891	0	0	2.9552	1.56093	1.30019	1.05867	2.59238	2.70689	1.1137	1.73435	1.4179	0	0	2.93635	2.60835	1.79227	2.74646	2.77107	1.89844	0	0	0	0	1.65853	0	0	0	0	0	0	0	2.23332	1.76987	2.38302	2.27054	2.85685	2.94518	0	0	0	0	2.89221	0	0	0	0	0	0	0	0	0	0	0	0	0	0	0	0	0	0	0	0	0	2.60138	0	0	0	0	0	0	0	0	0	0	0	0	0	2.09022	0	2.00745	0	0	0	0	0	0	2.20261	1.7816	1.79347	1.51108	0	0	0	0	0	0	0	0	0	0	1.35715	2.48747	0	0	0	1.21919	1.67966	0	0	1.19178	1.67695	2.10761	2.4974	2.0017	1.99521	1.99558	0	0	0	1.09655	2.34233	0	2.02828	0	0	0	0	0	1.89776	2.63494	1.39474	1.7038	2.56039	1.17584	1.27505	1.60848	2.14914	1.60661	1.19001	2.91181	2.97271	0	1.3256	2.10256	2.11927	1.95545	2.77222	0	0	2.46036	2.89442	0	0	0	0	0	0	2.5589	1.1614	1.3733	2.0325	2.21684	2.73116	0	0	0	0	0	0	0	0	0	0	2.60121	1.35716	2.9517	0	0	0	0	0	0	1.43944	1.62355	1.61025	2.16449	0	0	0	2.32842	1.73646	2.83195	1.46739	0	1.47017	1.52793	2.98147	1.2684	0	0	0	0	0	0	1.13869	2.48993	0	0	0	2.78852	0	0	0	0	0	0	0	0	2.95737	0	0	2.56696	1.7734	1.68112	2.80792	1.34173	1.7561	2.35051	2.06193	0	0	1.13803	1.74665	0	0	0	0	0	0	0	0	2.37022	2.73671	2.71755	1.8641	1.43369	0	0	2.48651	1.92121	0	1.96935	2.6521	1.55492	1.77546	1.27262	2.13509	0	0	0	0	0	0	0	0	1.63096	2.16507	2.76771	1.65522	2.5936	1.23363	0.354605	0.168973	0.755952	16.2459
0	0	0	2.28054	1.91703	2.19651	1.69842	1.21173	2.3973	2.4123	2.45154	1.9861	2.50425	0	0	0	1.23625	1.03164	1.38051	1.53031	0	0	1.35925	1.56778	2.35283	1.52693	2.30827	1.73358	2.75302	1.40977	1.50171	2.67671	1.25233	0	0	0	0	0	0	0	0	2.18221	1.57609	1.33317	2.06186	2.32096	1.25063	1.68185	1.25338	2.23268	2.82254	2.47682	0	2.49745	1.90655	1.06467	1.35777	2.80043	2.26226	1.16186	1.54565	0	0	0	0	0	0	0	2.75217	1.17039	2.85204	2.76476	2.95772	2.8711	2.83617	0	0	0	2.05944	0	0	0	0	0	0	0	0	0	0	0	0	0	0	0	0	0	1.54896	2.80769	2.10699	0	0	0	2.75335	2.34944	0	2.42646	1.17503	2.92489	2.18119	2.75103	2.54575	1.55782	1.88261	2.16878	1.201	1.4853	2.3956	0	0	0	0	0	0	0	0	1.80322	2.98905	1.69266	0	0	2.42487	0	0	0	0	1.44311	2.60024	2.681	1.39435	1.06645	0	0	0	0	0	0	0	0	0	0	0	0	0	0	0	0	1.65626	2.10009	2.13221	2.46435	0	0	0	2.76785	1.40117	0	0	0	0	2.23925	2.06955	1.83892	2.20245	1.26599	0	0	0	2.84811	1.5071	0	0	0	0	0	2.23175	1.51114	2.52307	2.72022	2.4969	1.17661	1.55554	0	0	2.32971	0	0	0	2.18961	1.12248	2.26704	1.22616	1.4101	1.66096	2.09499	2.5122	2.15051	1.18099	2.3053	2.93348	1.34876	1.99651	1.76605	1.63832	2.69419	0	0	0	0	2.71715	2.68165	2.49531	0	0	0	0	0	1.61305	0	0	2.42025	2.59888	1.05935	1.61029	2.48105	1.58214	1.11573	2.02789	1.38673	2.87489	1.31644	2.39517	2.17126	1.39689	2.78818	0	0	0	0	0	0	0	0	0	0	0	0	0	2.52121	1.82087	2.81545	0	0	1.0791	2.27128	0	0	2.57667	0	0	0	1.59683	2.65483	2.95182	0	1.18185	2.34715	2.96081	0	1.02126	2.9061	0	0	0	0	0	0	0	0	0	0	0	0	0	0	1.35063	0	0	0	1.46422	0	0	0	0	0	0	0	0	0	2.96358	2.26841	1.28873	0	0	0	0	0	0	0	0	0	1.74355	1.96323	1.69789	1.404	1.32409	0	0	0	0	0	0	2.58852	1.8253	2.88777	0	2.84168	2.30329	2.57205	0	0	2.48684	1.62443	0	0	2.41035	0	0	0	0	0	0	0	0	0	0	1.1282	2.83528	1.28782	2.44399	2.46194	0	0	0	0	0	0	0	0	0	0	0	0	0	1.5302	1.60176	1.7949	1.97285	2.59978	1.68485	1.68891	0	0	2.9552	1.56093	1.30019	1.05867	2.59238	2.70689	1.1137	1.73435	0	0	0	2.93635	2.60835	1.79227	2.74646	2.77107	1.89844	0	0	0	0	0	0	0	0	0	0	0	0	2.23332	1.76987	2.38302	2.27054	2.85685	0	0	0	0	0	2.89221	0	0	0	0	0	0	0	0	0	0	0	0	0	0	0	0	0	0	0	0	2.25112	2.60138	0	0	0	0	0	0	0	0	0	0	0	0	0	2.09022	0	2.00745	0	0	0	0	0	0	2.20261	1.7816	2.19631	1.51108	0	0	0	0	0	0	0	0	0	0	1.35715	0	0	0	0	1.21919	1.67966	0	0	1.19178	1.67695	2.10761	2.4974	2.0017	0	1.99558	0	0	0	1.09655	2.34233	0	2.02828	0	0	0	0	2.52276	1.89776	2.63494	1.39474	1.7038	2.56039	1.17584	1.27505	1.60848	2.14914	1.60661	1.19001	2.91181	0	0	1.3256	2.10256	2.11927	1.95545	2.77222	0	0	2.46036	2.89442	0	0	2.21555	0	0	0	2.5589	1.1614	1.3733	2.0325	2.21684	2.73116	0	0	0	0	0	0	0	0	0	0	2.60121	1.35716	2.9517	0	0	0	0	0	0	1.43944	1.62355	1.61025	2.16449	0	0	0	2.32842	1.73646	2.83195	0	0	1.47017	1.52793	2.98147	1.2684	0	0	0	0	0	0	1.13869	0	0	0	0	2.78852	0	0	0	0	0	0	0	0	0	0	0	2.56696	1.7734	1.68112	2.80792	1.34173	1.7561	2.35051	2.06193	0	0	1.24589	1.74665	0	0	0	0	0	0	0	0	2.37022	2.73671	2.71755	2.73783	1.43369	0	0	2.48651	1.92121	0	1.96935	2.6521	1.55492	1.77546	1.27262	2.13509	0	0	0	0	0	0	0	0	1.63096	2.16507	2.76771	1.65522	2.5936	0.239316	0.157124	0.761905	14.8875
1.36829	0	0	0	2.28054	1.91703	2.19651	1.69842	1.21173	2.3973	2.4123	2.45154	1.9861	1.56193	0	0	0	1.23625	1.03164	1.38051	1.53031	0	0	1.35925	1.56778	2.35283	1.0574	2.30827	1.73358	2.75302	1.40977	1.50171	2.67671	1.25233	0	0	0	0	0	0	0	0	2.18221	1.57609	1.33317	2.06186	2.32096	1.25063	1.68185	1.25338	2.23268	2.82254	0	0	2.49745	1.90655	1.06467	1.35777	2.80043	2.26226	1.16186	1.54565	0	0	0	0	0	0	0	2.75217	1.17039	2.85204	2.76476	2.95772	2.8711	2.83617	0	0	1.80735	2.05944	0	0	0	0	0	0	0	0	0	0	0	0	0	0	0	0	0	1.54896	2.80769	2.10699	0	0	0	2.75335	0	0	2.42646	1.17503	2.92489	2.18119	2.75103	2.54575	1.55782	1.88261	2.16878	1.201	1.4853	0	0	0	0	0	0	0	0	0	1.80322	2.98905	1.69266	0	1.74039	2.42487	0	0	0	0	1.44311	2.60024	2.681	1.39435	1.06645	0	0	0	0	0	0	0	0	0	0	0	0	0	0	0	1.28278	1.65626	2.10009	2.13221	2.46435	0	0	0	2.76785	1.40117	0	0	0	1.86293	2.23925	2.06955	1.83892	2.20245	1.26599	0	0	0	2.84811	1.5071	0	0	0	0	0	2.23175	1.51114	2.52307	2.72022	2.4969	1.17661	1.55554	0	0	2.32971	1.83677	0	0	2.18961	1.12248	2.26704	1.22616	1.4101	1.66096	2.09499	2.5122	2.15051	1.18099	1.98982	2.93348	1.34876	1.99651	1.76605	1.63832	2.69419	0	0	0	0	2.71715	2.68165	1.60002	0	0	0	0	0	1.61305	0	0	2.42025	2.59888	1.05935	1.61029	2.93859	1.58214	1.11573	2.02789	1.38673	2.87489	1.31644	2.39517	2.17126	1.39689	2.78818	0	0	0	0	0	0	0	0	0	0	0	0	0	2.52121	1.82087	2.52987	0	0	1.0791	2.27128	0	0	2.57667	0	0	0	1.59683	2.65483	0	0	1.18185	2.34715	2.96081	0	1.02126	2.9061	0	0	0	0	0	0	0	0	0	0	0	0	0	0	1.35063	0	0	0	0	0	0	0	0	0	0	0	0	0	2.96358	2.26841	1.28873	1.62176	0	0	0	0	0	0	0	0	1.74355	1.96323	1.69789	1.404	0	0	0	0	0	0	0	2.58852	1.8253	2.88777	0	2.84168	2.30329	0	0	0	2.48684	1.62443	0	0	2.41035	0	0	0	0	0	0	0	0	0	0	1.1282	2.83528	1.28782	2.44399	2.46194	0	0	0	0	0	0	0	0	0	0	0	0	0	1.5302	1.60176	1.7949	2.45732	2.59978	1.68485	1.68891	0	0	2.9552	1.56093	1.30019	1.05867	2.59238	2.70689	1.1137	2.84439	0	0	0	2.93635	2.60835	1.79227	2.74646	2.77107	1.89844	0	0	0	0	0	0	0	0	0	0	0	0	2.23332	1.76987	2.38302	2.27054	0	0	0	0	0	0	2.89221	0	0	0	0	0	0	0	0	0	0	0	0	0	0	0	0	0	0	0	1.1807	2.25112	2.60138	0	0	0	0	0	0	0	0	0	0	0	0	0	2.09022	0	2.00745	0	0	0	0	0	0	2.20261	2.89303	2.19631	1.51108	0	0	0	0	0	0	0	0	0	0	1.51841	0	0	0	0	1.21919	1.67966	0	0	1.19178	1.67695	2.10761	2.4974	0	0	1.99558	0	0	0	1.09655	2.34233	0	2.02828	0	0	0	2.61106	2.52276	1.89776	2.63494	1.39474	1.7038	2.56039	1.17584	1.27505	1.60848	2.14914	1.60661	1.19001	2.91694	0	0	1.3256	2.10256	2.11927	1.95545	2.77222	0	0	2.46036	2.89442	0	1.20491	2.21555	0	0	0	2.5589	1.1614	1.3733	2.0325	2.21684	2.73116	0	0	0	0	0	0	0	0	0	0	2.60121	1.35716	2.9517	0	0	1.52611	0	0	0	1.43944	1.62355	1.61025	2.16449	0	0	0	2.32842	1.73646	0	0	0	1.47017	1.52793	2.98147	1.2684	0	0	0	0	0	0	0	0	0	0	0	2.78852	0	0	0	0	0	0	0	0	0	0	0	2.56696	1.7734	1.68112	2.80792	1.34173	1.7561	2.35051	2.06193	0	1.33367	1.24589	1.74665	0	0	0	0	0	0	0	0	2.37022	2.73671	2.17921	2.73783	1.43369	0	0	2.48651	1.92121	0	1.96935	2.6521	1.55492	1.77546	1.27262	1.09777	0	0	0	0	0	0	0	0	1.63096	2.16507	2.76771	1.65522	0.120537	0.0947711	0.767857	16.1118
2.16251	1.36829	0	0	0	2.28054	1.91703	2.19651	1.69842	1.21173	2.3973	2.4123	2.45154	1.04241	1.56193	0	0	0	1.23625	1.03164	1.38051	1.53031	0	0	1.35925	1.56778	1.05909	1.0574	2.30827	1.73358	2.75302	1.40977	1.50171	2.67671	1.25233	0	0	0	0	0	0	0	0	2.18221	1.57609	1.33317	2.06186	2.32096	1.25063	1.68185	1.25338	2.23268	0	0	0	2.49745	1.90655	1.06467	1.35777	2.80043	2.26226	1.16186	1.54565	0	0	0	0	0	0	0	2.75217	1.17039	2.85204	2.76476	2.95772	2.8711	2.83617	0	1.31538	1.80735	2.05944	0	0	0	0	0	0	0	0	0	0	0	0	0	0	0	0	0	1.54896	2.80769	2.10699	0	0	0	0	0	0	2.42646	1.17503	2.92489	2.18119	2.75103	2.54575	1.55782	1.88261	2.16878	1.201	0	0	0	0	0	0	0	0	0	0	1.80322	2.98905	1.69266	1.2809	1.74039	2.42487	0	0	0	0	1.44311	2.60024	2.681	1.39435	1.06645	0	0	0	0	0	0	0	0	0	0	0	0	0	0	2.17019	1.28278	1.65626	2.10009	2.13221	2.46435	0	0	0	2.76785	1.40117	0	0	2.84132	1.86293	2.23925	2.06955	1.83892	2.20245	1.26599	0	0	0	2.84811	1.5071	0	0	0	0	0	2.23175	1.51114	2.52307	2.72022	2.4969	1.17661	1.55554	0	0	2.51878	1.83677	0	0	2.18961	1.12248	2.26704	1.22616	1.4101	1.66096	2.09499	2.5122	2.15051	2.17187	1.98982	2.93348	1.34876	1.99651	1.76605	1.63832	2.69419	0	0	0	0	2.71715	1.06721	1.60002	0	0	0	0	0	1.61305	0	0	2.42025	2.59888	1.05935	0	2.93859	1.58214	1.11573	2.02789	1.38673	2.87489	1.31644	2.39517	2.17126	1.39689	2.78818	0	2.29307	0	0	0	0	0	0	0	0	0	0	0	2.52121	2.908	2.52987	0	0	1.0791	2.27128	0	0	2.57667	0	0	0	1.59683	0	0	0	1.18185	2.34715	2.96081	0	1.02126	2.9061	0	0	0	0	0	0	0	0	0	0	0	0	0	0	1.35063	0	0	0	0	0	0	0	0	0	0	0	0	0	2.96358	2.26841	0	1.62176	0	0	0	0	0	0	0	0	1.74355	1.96323	1.69789	0	0	0	0	0	0	0	0	2.58852	1.8253	2.88777	0	2.84168	1.00919	0	0	0	2.48684	1.62443	0	0	2.41035	0	0	0	0	0	0	0	0	0	0	1.1282	2.83528	1.28782	2.44399	2.46194	0	0	0	0	0	0	0	0	0	0	0	0	0	1.5302	1.60176	1.3204	2.45732	2.59978	1.68485	1.68891	0	0	2.9552	1.56093	1.30019	1.05867	2.59238	2.70689	1.10048	2.84439	0	0	0	2.93635	2.60835	1.79227	2.74646	2.77107	1.89844	0	0	0	0	0	0	0	0	0	0	0	0	2.23332	1.76987	2.38302	0	0	0	0	0	0	0	2.89221	0	0	0	0	0	0	0	0	0	0	0	0	0	0	0	0	0	0	0	1.1807	2.25112	2.60138	0	0	0	0	0	0	0	0	0	0	0	0	0	2.09022	0	2.00745	0	0	0	0	0	0	2.00225	2.89303	2.19631	1.51108	0	0	0	0	0	0	0	0	0	2.87081	1.51841	0	0	0	0	1.21919	1.67966	0	0	1.19178	1.67695	2.10761	0	0	0	1.99558	0	0	0	1.09655	2.34233	0	2.02828	0	0	1.00098	2.61106	2.52276	1.89776	2.63494	1.39474	1.7038	2.56039	1.17584	1.27505	1.60848	2.14914	1.60661	2.72056	2.91694	0	0	1.3256	2.10256	2.11927	1.95545	2.77222	0	0	2.46036	2.89442	2.31432	1.20491	2.21555	0	0	0	2.5589	1.1614	1.3733	2.0325	2.21684	2.73116	0	2.56262	0	0	0	0	0	0	0	0	2.60121	1.35716	2.9517	0	2.02369	1.52611	0	0	0	1.43944	1.62355	1.61025	2.16449	0	0	0	2.32842	0	0	0	0	1.47017	1.52793	2.98147	1.2684	0	0	0	0	0	1.19933	0	0	0	0	0	2.78852	0	0	0	0	0	0	0	0	0	0	0	2.56696	1.7734	1.68112	2.80792	1.34173	1.7561	2.35051	2.06193	2.42652	1.33367	1.24589	1.74665	0	0	0	0	0	0	0	0	2.37022	2.35596	2.17921	2.73783	1.43369	0	0	2.48651	1.92121	0	1.96935	2.6521	1.55492	1.77546	1.25838	1.09777	0	0	0	0	0	0	0	0	1.63096	2.16507	2.76771	-3.21625e-16	0.187496	0.77381	16.2428
2.54196	2.16251	1.36829	0	0	0	2.28054	1.91703	2.19651	1.69842	1.21173	2.3973	2.4123	1.10468	1.04241	1.56193	0	0	0	1.23625	1.03164	1.38051	1.53031	0	0	1.35925	1.60074	1.05909	1.0574	2.30827	1.73358	2.75302	1.40977	1.50171	2.67671	1.25233	0	0	0	0	0	0	0	0	2.18221	1.57609	1.33317	2.06186	2.32096	1.25063	1.68185	1.25338	0	0	0	0	2.49745	1.90655	1.06467	1.35777	2.80043	2.26226	1.16186	1.54565	0	2.84121	0	0	0	0	0	2.75217	1.17039	2.85204	2.76476	2.95772	2.8711	2.83617	1.25997	1.31538	1.80735	2.05944	0	0	0	0	0	0	0	0	0	0	0	0	0	0	0	0	0	1.54896	2.80769	2.10699	0	0	2.64082	0	0	0	2.42646	1.17503	2.92489	2.18119	2.75103	2.54575	1.55782	1.88261	2.16878	0	0	0	0	0	0	0	0	0	0	0	1.80322	2.98905	1.85784	1.2809	1.74039	2.42487	0	0	0	0	1.44311	2.60024	2.681	1.39435	1.06645	0	0	0	0	0	0	0	0	0	0	0	0	0	2.46534	2.17019	1.28278	1.65626	2.10009	2.13221	2.46435	0	0	0	2.76785	1.40117	0	1.63202	2.84132	1.86293	2.23925	2.06955	1.83892	2.20245	1.26599	0	0	0	2.84811	1.5071	0	0	0	0	0	2.23175	1.51114	2.52307	2.72022	2.4969	1.17661	1.55554	0	0	2.51878	1.83677	0	0	2.18961	1.12248	2.26704	1.22616	1.4101	1.66096	2.09499	2.5122	2.54889	2.17187	1.98982	2.93348	1.34876	1.99651	1.76605	1.63832	2.69419	0	0	0	0	2.77511	1.06721	1.60002	0	0	0	0	0	1.61305	0	0	2.42025	2.59888	0	0	2.93859	1.58214	1.11573	2.02789	1.38673	2.87489	1.31644	2.39517	2.17126	1.39689	2.78818	2.33454	2.29307	0	0	0	0	0	0	0	0	0	0	0	2.29712	2.908	2.52987	0	0	1.0791	2.27128	0	0	2.57667	0	0	0	0	0	0	0	1.18185	2.34715	2.96081	0	1.02126	2.9061	0	0	0	0	0	0	0	0	0	0	0	0	0	0	1.35063	0	0	0	0	0	0	0	0	0	0	0	0	0	2.96358	0	0	1.62176	0	0	0	0	0	0	0	0	1.74355	1.96323	0	0	0	0	0	0	0	0	0	2.58852	1.8253	2.88777	0	1.50424	1.00919	0	0	0	2.48684	1.62443	0	0	2.41035	0	0	0	0	0	0	0	0	0	0	1.1282	2.83528	1.28782	2.44399	2.46194	0	0	0	0	0	0	0	0	0	0	0	0	0	1.5302	2.91634	1.3204	2.45732	2.59978	1.68485	1.68891	0	0	2.9552	1.56093	1.30019	1.05867	2.59238	1.8195	1.10048	2.84439	0	0	0	2.93635	2.60835	1.79227	2.74646	2.77107	1.89844	0	0	0	0	0	0	0	0	0	0	0	0	2.23332	1.76987	2.89062	0	0	0	0	0	0	0	2.89221	0	0	0	0	0	0	0	0	0	0	0	0	0	0	0	0	0	0	0	1.1807	2.25112	2.60138	0	0	0	0	0	0	0	0	0	0	0	0	0	2.09022	0	2.00745	0	0	0	0	0	1.63557	2.00225	2.89303	2.19631	1.51108	0	0	0	0	0	0	0	0	0	2.87081	1.51841	0	0	0	0	1.21919	1.67966	0	0	1.19178	1.67695	0	0	0	0	1.99558	0	0	0	1.09655	2.34233	0	2.02828	0	1.28244	1.00098	2.61106	2.52276	1.89776	2.63494	1.39474	1.7038	2.56039	1.17584	1.27505	1.60848	2.14914	1.17842	2.72056	2.91694	0	0	1.3256	2.10256	2.11927	1.95545	2.77222	0	0	2.46036	1.0777	2.31432	1.20491	2.21555	0	0	0	2.5589	1.1614	1.3733	2.0325	2.21684	2.73116	1.90286	2.56262	0	0	0	0	0	0	0	0	2.60121	1.35716	2.9517	1.41911	2.02369	1.52611	0	0	0	1.43944	1.62355	1.61025	2.16449	0	0	0	0	0	0	0	0	1.47017	1.52793	2.98147	1.2684	0	0	0	0	2.29693	1.19933	0	0	0	0	0	2.78852	0	0	0	0	0	0	0	0	0	0	0	2.56696	1.7734	1.68112	2.80792	1.34173	1.7561	2.35051	0	2.42652	1.33367	1.24589	1.74665	0	0	0	0	0	0	0	0	2.16785	2.35596	2.17921	2.73783	1.43369	0	0	2.48651	1.92121	0	1.96935	2.6521	1.55492	2.04148	1.25838	1.09777	0	0	0	0	0	0	0	0	1.63096	2.16507	-0.120537	0.0950287	0.779762	17.211
2.01771	2.54196	2.16251	1.36829	0	0	0	2.28054	1.91703	2.19651	1.69842	1.21173	2.3973	1.18449	1.10468	1.04241	1.56193	0	0	0	1.23625	1.03164	1.38051	1.53031	0	0	2.83464	1.60074	1.05909	1.0574	2.30827	1.73358	2.75302	1.40977	1.50171	2.67671	1.25233	0	0	0	0	0	0	0	0	2.18221	1.57609	1.33317	2.06186	2.32096	1.25063	1.68185	0	0	0	0	0	2.49745	1.90655	1.06467	1.35777	2.80043	2.26226	1.16186	1.54565	1.06053	2.84121	0	0	0	0	0	2.75217	1.17039	2.85204	2.76476	2.95772	2.8711	0	1.25997	1.31538	1.80735	2.05944	0	0	0	0	0	0	0	0	0	0	0	0	0	0	0	0	0	1.54896	2.80769	2.10699	0	2.70634	2.64082	0	0	0	2.42646	1.17503	2.92489	2.18119	2.75103	2.54575	1.55782	1.88261	2.19466	0	0	0	0	0	0	0	0	0	0	0	1.80322	1.84706	1.85784	1.2809	1.74039	2.42487	0	0	0	0	1.44311	2.60024	2.681	1.39435	1.42569	0	0	0	0	0	0	0	0	0	0	0	0	0	2.46534	2.17019	1.28278	1.65626	2.10009	2.13221	2.46435	0	0	0	2.76785	1.40117	0	1.63202	2.84132	1.86293	2.23925	2.06955	1.83892	2.20245	1.26599	0	0	0	2.84811	0	0	0	0	0	0	2.23175	1.51114	2.52307	2.72022	2.4969	1.17661	1.55554	0	0	2.51878	1.83677	0	0	2.18961	1.12248	2.26704	1.22616	1.4101	1.66096	2.09499	2.37839	2.54889	2.17187	1.98982	2.93348	1.34876	1.99651	1.76605	1.63832	2.69419	0	0	0	2.86009	2.77511	1.06721	1.60002	0	0	0	0	0	1.61305	0	0	2.42025	2.3695	0	0	2.93859	1.58214	1.11573	2.02789	1.38673	2.87489	1.31644	2.39517	2.17126	1.39689	2.884	2.33454	2.29307	0	0	0	0	0	0	0	0	0	0	1.35127	2.29712	2.908	2.52987	0	0	1.0791	2.27128	0	0	2.57667	0	0	1.82395	0	0	0	0	1.18185	2.34715	2.96081	0	1.02126	2.9061	0	0	0	0	0	0	0	0	0	0	0	0	0	0	1.35063	0	0	0	0	0	0	0	0	0	0	0	0	0	0	0	0	1.62176	0	0	0	0	0	0	0	0	1.74355	0	0	0	0	0	0	0	0	0	0	2.58852	1.8253	2.88777	1.6108	1.50424	1.00919	0	0	0	2.48684	1.62443	0	0	2.41035	0	0	1.47291	0	0	0	0	0	0	0	1.1282	2.83528	1.28782	2.44399	2.46194	0	0	0	0	0	0	0	0	0	0	0	0	0	2.77213	2.91634	1.3204	2.45732	2.59978	1.68485	1.68891	0	0	2.9552	1.56093	1.30019	1.05867	1.88193	1.8195	1.10048	2.84439	0	0	0	2.93635	2.60835	1.79227	2.74646	2.77107	1.89844	0	0	0	0	0	0	0	0	0	0	0	0	2.23332	2.232	2.89062	0	0	0	0	0	0	0	2.89221	0	0	0	0	0	0	0	0	0	0	0	0	0	0	0	0	2.71435	0	0	1.1807	2.25112	2.60138	0	0	0	0	0	0	0	0	0	0	0	0	0	2.09022	0	2.00745	0	0	0	0	0	1.63557	2.00225	2.89303	2.19631	1.51108	0	0	0	0	0	0	0	0	0	2.87081	1.51841	0	0	0	0	1.21919	1.67966	0	0	1.19178	0	0	0	0	0	1.99558	0	0	0	1.09655	2.34233	0	2.02828	2.21918	1.28244	1.00098	2.61106	2.52276	1.89776	2.63494	1.39474	1.7038	2.56039	1.17584	1.27505	1.60848	2.7141	1.17842	2.72056	2.91694	0	0	1.3256	2.10256	2.11927	1.95545	2.77222	0	0	0	1.0777	2.31432	1.20491	2.21555	0	0	0	2.5589	1.1614	1.3733	2.0325	2.21684	2.1458	1.90286	2.56262	0	0	0	0	0	0	0	0	2.60121	1.35716	2.4371	1.41911	2.02369	1.52611	0	0	0	1.43944	1.62355	1.61025	2.16449	0	0	0	0	0	0	0	0	1.47017	1.52793	2.98147	1.2684	0	0	0	0	2.29693	1.19933	0	0	0	0	0	2.78852	0	0	0	0	0	0	0	0	0	0	0	2.56696	1.7734	1.68112	2.80792	1.34173	1.7561	2.38035	0	2.42652	1.33367	1.24589	1.74665	0	0	0	0	0	0	0	0	2.16785	2.35596	2.17921	2.73783	1.43369	0	0	2.48651	1.92121	0	1.96935	2.6521	2.5695	2.04148	1.25838	1.09777	0	0	0	0	0	0	0	0	1.63096	-0.239316	0.102422	0.785714	18.5845
2.56232	2.01771	2.54196	2.16251	1.36829	0	0	0	2.28054	1.91703	2.19651	1.69842	1.21173	0	1.18449	1.10468	1.04241	1.56193	0	0	0	1.23625	1.03164	1.38051	1.53031	0	1.88275	2.83464	1.60074	1.05909	1.0574	2.30827	1.73358	2.75302	1.40977	1.50171	2.67671	1.25233	0	0	0	0	0	0	0	0	2.18221	1.57609	1.33317	2.06186	2.32096	1.25063	2.37039	0	0	0	0	0	2.49745	1.90655	1.06467	1.35777	2.80043	2.26226	1.16186	0	1.06053	2.84121	0	0	0	0	0	2.75217	1.17039	2.85204	2.76476	2.95772	0	0	1.25997	1.31538	1.80735	2.05944	0	0	0	0	0	0	0	0	0	0	0	0	0	0	0	0	0	1.54896	2.80769	2.10699	2.60623	2.70634	2.64082	0	0	0	2.42646	1.17503	2.92489	2.18119	2.75103	2.54575	1.55782	1.72737	2.19466	0	0	0	0	0	0	0	0	0	0	0	1.58215	1.84706	1.85784	1.2809	1.74039	2.42487	0	0	0	0	1.44311	2.60024	2.681	1.88073	1.42569	0	0	0	0	0	0	0	0	0	0	0	0	0	2.46534	2.17019	1.28278	1.65626	2.10009	2.13221	2.46435	0	0	0	2.76785	0	0	1.63202	2.84132	1.86293	2.23925	2.06955	1.83892	2.20245	1.26599	0	0	0	0	0	0	0	0	0	0	2.23175	1.51114	2.52307	2.72022	2.4969	1.17661	0	0	0	2.51878	1.83677	0	0	2.18961	1.12248	2.26704	1.22616	1.4101	1.66096	1.16146	2.37839	2.54889	2.17187	1.98982	2.93348	1.34876	1.99651	1.76605	1.63832	2.69419	0	0	2.78989	2.86009	2.77511	1.06721	1.60002	0	0	0	0	0	1.61305	0	0	1.35707	2.3695	0	0	2.93859	1.58214	1.11573	2.02789	1.38673	2.87489	1.31644	2.39517	2.17126	2.09469	2.884	2.33454	2.29307	0	0	0	0	0	0	0	0	0	1.15339	1.35127	2.29712	2.908	2.52987	0	0	1.0791	2.27128	0	0	2.57667	0	2.4728	1.82395	0	0	0	0	1.18185	2.34715	2.96081	0	1.02126	2.9061	0	0	0	0	0	0	0	0	0	0	0	0	0	0	0	0	0	0	0	0	0	0	0	0	0	0	0	1.0865	0	0	0	1.62176	0	0	0	0	0	0	0	0	1.90572	0	0	0	0	0	0	0	0	0	0	2.58852	1.8253	0	1.6108	1.50424	1.00919	0	0	0	2.48684	1.62443	0	0	2.41035	0	1.64575	1.47291	0	0	0	0	0	0	0	1.1282	2.83528	1.28782	2.44399	0	0	0	0	0	0	0	0	0	0	0	0	0	1.04277	2.77213	2.91634	1.3204	2.45732	2.59978	1.68485	1.68891	0	0	2.9552	1.56093	1.30019	0	1.88193	1.8195	1.10048	2.84439	0	0	0	2.93635	2.60835	1.79227	2.74646	2.77107	0	0	0	0	0	0	0	0	0	0	0	0	0	0	2.232	2.89062	0	0	0	0	0	0	0	2.89221	0	0	0	0	0	0	0	0	0	0	0	0	0	0	0	2.61369	2.71435	0	0	1.1807	2.25112	2.60138	0	0	0	0	0	0	0	0	0	0	0	0	0	2.09022	0	2.00745	0	0	0	1.26298	0	1.63557	2.00225	2.89303	2.19631	1.51108	0	0	0	0	0	0	0	0	0	2.87081	1.51841	0	0	0	0	1.21919	1.67966	0	0	0	0	0	0	0	0	1.99558	0	0	0	1.09655	2.34233	0	1.18169	2.21918	1.28244	1.00098	2.61106	2.52276	1.89776	2.63494	1.39474	1.7038	2.56039	1.17584	1.27505	1.24237	2.7141	1.17842	2.72056	2.91694	0	0	1.3256	2.10256	2.11927	1.95545	2.77222	0	0	0	1.0777	2.31432	1.20491	2.21555	0	0	0	2.5589	1.1614	1.3733	2.0325	1.8198	2.1458	1.90286	2.56262	0	0	0	0	0	0	0	0	2.60121	1.91105	2.4371	1.41911	2.02369	1.52611	0	0	0	1.43944	1.62355	1.61025	2.16449	0	0	0	0	0	0	0	0	1.47017	1.52793	2.98147	1.2684	0	0	1.31606	0	2.29693	1.19933	0	0	0	0	0	2.78852	0	0	0	0	0	0	0	0	0	0	0	2.56696	1.7734	1.68112	2.80792	1.34173	2.64097	2.38035	0	2.42652	1.33367	1.24589	1.74665	0	0	0	0	0	0	0	0	2.16785	2.35596	2.17921	2.73783	1.43369	0	0	2.48651	1.92121	0	1.96935	2.61351	2.5695	2.04148	1.25838	1.09777	0	0	0	0	0	0	0	0	-0.354605	0.17133	0.791667	18.5807
2.08047	2.56232	2.01771	2.54196	2.16251	1.36829	0	0	0	2.28054	1.91703	2.19651	1.69842	1.8857	0	1.18449	1.10468	1.04241	1.56193	0	0	0	1.23625	1.03164	1.38051	1.53031	2.16352	1.88275	2.83464	1.60074	1.05909	1.0574	2.30827	1.73358	2.75302	1.40977	1.50171	2.67671	1.25233	0	0	0	0	0	0	0	0	2.18221	1.57609	1.33317	2.06186	2.32096	0	2.37039	0	0	0	0	0	2.49745	1.90655	1.06467	1.35777	2.80043	2.26226	0	0	1.06053	2.84121	0	0	0	0	0	2.75217	1.17039	2.85204	2.76476	1.89817	0	0	1.25997	1.31538	1.80735	2.05944	0	0	0	0	0	0	0	0	0	0	0	0	0	0	0	0	0	1.54896	2.80769	2.24558	2.60623	2.70634	2.64082	0	0	0	2.42646	1.17503	2.92489	2.18119	2.75103	2.54575	1.00479	1.72737	2.19466	0	0	0	0	0	0	0	0	0	0	2.42957	1.58215	1.84706	1.85784	1.2809	1.74039	2.42487	0	0	0	0	1.44311	2.60024	0	1.88073	1.42569	0	0	0	0	0	0	0	0	0	0	1.68911	0	0	2.46534	2.17019	1.28278	1.65626	2.10009	2.13221	2.46435	0	0	0	0	0	0	1.63202	2.84132	1.86293	2.23925	2.06955	1.83892	2.20245	1.26599	0	0	1.32953	0	0	0	0	0	0	0	2.23175	1.51114	2.52307	2.72022	2.4969	0	0	0	0	2.51878	1.83677	0	0	2.18961	1.12248	2.26704	1.22616	1.4101	1.95272	1.16146	2.37839	2.54889	2.17187	1.98982	2.93348	1.34876	1.99651	1.76605	1.63832	2.69419	0	1.46476	2.78989	2.86009	2.77511	1.06721	1.60002	0	0	0	0	0	1.61305	0	1.47892	1.35707	2.3695	0	0	2.93859	1.58214	1.11573	2.02789	1.38673	2.87489	1.31644	2.39517	1.18957	2.09469	2.884	2.33454	2.29307	0	0	0	0	0	0	0	0	0	1.15339	1.35127	2.29712	2.908	2.52987	0	0	1.0791	2.27128	0	0	2.57667	1.29703	2.4728	1.82395	0	0	0	0	1.18185	2.34715	2.96081	0	1.02126	2.9061	0	0	0	0	0	0	0	0	0	0	0	0	0	0	0	0	0	0	0	0	0	0	0	0	0	0	1.66722	1.0865	0	0	0	1.62176	0	0	0	0	0	0	0	2.99658	1.90572	0	0	0	0	0	0	0	0	0	0	2.58852	0	0	1.6108	1.50424	1.00919	0	0	0	2.48684	1.62443	0	0	2.41035	2.21656	1.64575	1.47291	0	0	0	0	0	0	0	1.1282	2.83528	1.28782	0	0	0	0	0	0	0	0	0	0	0	0	0	1.4851	1.04277	2.77213	2.91634	1.3204	2.45732	2.59978	1.68485	1.68891	0	0	2.9552	1.56093	0	0	1.88193	1.8195	1.10048	2.84439	0	0	0	2.93635	2.60835	1.79227	2.74646	0	0	0	0	0	0	0	0	0	0	0	0	0	2.73143	0	2.232	2.89062	0	0	0	0	0	0	0	2.89221	0	1.16479	0	0	0	0	0	0	0	0	0	0	0	0	2.52665	2.61369	2.71435	0	0	1.1807	2.25112	2.60138	0	0	0	0	0	0	0	0	0	0	0	0	0	2.09022	0	2.00745	0	0	0	1.26298	0	1.63557	2.00225	2.89303	2.19631	1.51108	0	0	0	0	0	2.08015	0	0	0	2.87081	1.51841	0	0	0	0	1.21919	1.67966	0	0	0	0	0	0	0	0	1.99558	0	0	0	1.09655	2.34233	1.33134	1.18169	2.21918	1.28244	1.00098	2.61106	2.52276	1.89776	2.63494	1.39474	1.7038	2.56039	1.17584	2.78021	1.24237	2.7141	1.17842	2.72056	2.91694	0	0	1.3256	2.10256	2.11927	1.95545	2.77222	0	0	0	1.0777	2.31432	1.20491	2.21555	0	0	0	2.5589	1.1614	1.3733	0	1.8198	2.1458	1.90286	2.56262	0	0	0	0	0	0	0	0	1.43262	1.91105	2.4371	1.41911	2.02369	1.52611	0	0	0	1.43944	1.62355	1.61025	2.16449	0	0	0	0	0	0	0	0	1.47017	1.52793	2.98147	1.2684	0	1.61453	1.31606	0	2.29693	1.19933	0	0	0	0	0	2.78852	0	0	0	0	0	0	0	0	0	0	0	2.56696	1.7734	1.68112	2.80792	2.75049	2.64097	2.38035	0	2.42652	1.33367	1.24589	1.74665	0	0	0	0	0	0	0	0	2.16785	2.35596	2.17921	2.73783	1.43369	0	0	2.48651	1.92121	0	2.34074	2.61351	2.5695	2.04148	1.25838	1.09777	0	0	0	0	0	0	0	-0.464723	0.202432	0.797619	19.5125
1.02475	2.08047	2.56232	2.01771	2.54196	2.16251	1.36829	0	0	0	2.28054	1.91703	2.19651	2.66486	1.8857	0	1.18449	1.10468	1.04241	1.56193	0	0	0	1.23625	1.03164	1.38051	2.97677	2.16352	1.88275	2.83464	1.60074	1.05909	1.0574	2.30827	1.73358	2.75302	1.40977	1.50171	2.67671	0	0	0	0	0	0	0	0	0	2.18221	1.57609	1.33317	2.06186	0	0	2.37039	0	0	0	0	0	2.49745	1.90655	1.06467	1.35777	2.80043	0	0	0	1.06053	2.84121	0	0	0	0	0	2.75217	1.17039	2.85204	1.01763	1.89817	0	0	1.25997	1.31538	1.80735	2.05944	0	0	0	0	0	0	0	0	0	0	0	0	0	0	0	0	0	1.54896	1.12688	2.24558	2.60623	2.70634	2.64082	0	0	0	2.42646	1.17503	2.92489	2.18119	2.75103	1.87665	1.00479	1.72737	2.19466	0	0	0	0	0	0	0	0	0	2.64718	2.42957	1.58215	1.84706	1.85784	1.2809	1.74039	2.42487	0	0	0	0	1.44311	0	0	1.88073	1.42569	0	0	0	0	0	0	0	0	0	1.32528	1.68911	0	0	2.46534	2.17019	1.28278	1.65626	2.10009	2.13221	2.46435	0	0	0	0	0	0	1.63202	2.84132	1.86293	2.23925	2.06955	1.83892	2.20245	1.26599	0	1.65165	1.32953	0	0	0	0	0	0	0	2.23175	1.51114	2.52307	2.72022	0	0	0	0	0	2.51878	1.83677	0	0	2.18961	1.12248	2.26704	1.22616	0	1.95272	1.16146	2.37839	2.54889	2.17187	1.98982	2.93348	1.34876	1.99651	1.76605	1.63832	2.69419	2.4795	1.46476	2.78989	2.86009	2.77511	1.06721	1.60002	0	0	0	0	0	1.61305	0	1.47892	1.35707	2.3695	0	0	2.93859	1.58214	1.11573	2.02789	1.38673	2.87489	1.31644	0	1.18957	2.09469	2.884	2.33454	2.29307	0	0	0	0	0	0	0	0	0	1.15339	1.35127	2.29712	2.908	2.52987	0	0	1.0791	2.27128	0	0	1.94173	1.29703	2.4728	1.82395	0	0	0	0	1.18185	2.34715	2.96081	0	1.02126	0	0	0	0	0	0	0	0	0	0	0	0	0	1.3109	0	0	0	0	0	0	0	0	0	0	0	0	1.43673	1.66722	1.0865	0	0	0	1.62176	0	0	0	0	0	0	0	2.99658	1.90572	0	0	0	0	0	0	0	0	0	0	0	0	0	1.6108	1.50424	1.00919	0	0	0	2.48684	1.62443	0	0	2.38107	2.21656	1.64575	1.47291	0	0	0	0	0	0	0	1.1282	2.83528	0	0	0	0	0	0	0	0	0	0	0	0	0	2.42582	1.4851	1.04277	2.77213	2.91634	1.3204	2.45732	2.59978	1.68485	1.68891	0	0	2.9552	0	0	0	1.88193	1.8195	1.10048	2.84439	0	0	0	2.93635	2.60835	1.79227	0	0	0	0	0	0	0	0	0	0	0	0	0	1.73124	2.73143	0	2.232	2.89062	0	0	0	0	0	0	0	2.89221	2.84645	1.16479	0	0	0	0	0	0	0	0	0	0	0	2.26569	2.52665	2.61369	2.71435	0	0	1.1807	2.25112	2.60138	0	0	0	0	0	0	0	0	0	0	0	0	0	2.09022	0	2.00745	0	1.22566	0	1.26298	0	1.63557	2.00225	2.89303	2.19631	1.51108	0	0	0	0	2.36414	2.08015	0	0	0	2.87081	1.51841	0	0	0	0	1.21919	1.67966	0	0	0	0	0	0	0	0	1.99558	0	0	0	1.09655	1.36428	1.33134	1.18169	2.21918	1.28244	1.00098	2.61106	2.52276	1.89776	2.63494	1.39474	1.7038	2.56039	2.33148	2.78021	1.24237	2.7141	1.17842	2.72056	2.91694	0	0	1.3256	2.10256	2.11927	1.95545	0	0	0	0	1.0777	2.31432	1.20491	2.21555	0	0	0	2.5589	1.1614	0	0	1.8198	2.1458	1.90286	2.56262	0	0	0	0	0	0	0	2.93101	1.43262	1.91105	2.4371	1.41911	2.02369	1.52611	0	0	0	1.43944	1.62355	1.61025	0	0	0	0	0	0	0	0	0	1.47017	1.52793	2.98147	1.2684	2.24202	1.61453	1.31606	0	2.29693	1.19933	0	0	0	0	0	2.78852	0	0	0	0	0	0	0	0	0	0	0	2.56696	1.7734	1.68112	2.73586	2.75049	2.64097	2.38035	0	2.42652	1.33367	1.24589	1.74665	0	0	0	0	0	0	0	0	2.16785	2.35596	2.17921	2.73783	1.43369	0	0	2.48651	1.92121	2.66338	2.34074	2.61351	2.5695	2.04148	1.25838	1.09777	0	0	0	0	0	0	-0.568065	0.159203	0.803571	19.1957
